traceKey,width,kind
ldut_clint_ipi_0,1,reg
ldut_clint_time,64,reg
ldut_clint_timecmp_0,64,reg
ldut_debug_1_dmInner_dmInner_abstractDataMem_0,8,reg
ldut_debug_1_dmInner_dmInner_abstractDataMem_1,8,reg
ldut_debug_1_dmInner_dmInner_abstractDataMem_2,8,reg
ldut_debug_1_dmInner_dmInner_abstractDataMem_3,8,reg
ldut_debug_1_dmInner_dmInner_abstractDataMem_4,8,reg
ldut_debug_1_dmInner_dmInner_abstractDataMem_5,8,reg
ldut_debug_1_dmInner_dmInner_abstractDataMem_6,8,reg
ldut_debug_1_dmInner_dmInner_abstractDataMem_7,8,reg
ldut_debug_1_dmInner_dmInner_abstractGeneratedMem_0,32,reg
ldut_debug_1_dmInner_dmInner_abstractGeneratedMem_1,32,reg
ldut_debug_1_dmInner_dmInner_ctrlStateReg,2,reg
ldut_debug_1_dmInner_dmInner_goReg,1,reg
ldut_debug_1_dmInner_dmInner_programBufferMem_0,8,reg
ldut_debug_1_dmInner_dmInner_programBufferMem_1,8,reg
ldut_debug_1_dmInner_dmInner_programBufferMem_10,8,reg
ldut_debug_1_dmInner_dmInner_programBufferMem_11,8,reg
ldut_debug_1_dmInner_dmInner_programBufferMem_12,8,reg
ldut_debug_1_dmInner_dmInner_programBufferMem_13,8,reg
ldut_debug_1_dmInner_dmInner_programBufferMem_14,8,reg
ldut_debug_1_dmInner_dmInner_programBufferMem_15,8,reg
ldut_debug_1_dmInner_dmInner_programBufferMem_16,8,reg
ldut_debug_1_dmInner_dmInner_programBufferMem_17,8,reg
ldut_debug_1_dmInner_dmInner_programBufferMem_18,8,reg
ldut_debug_1_dmInner_dmInner_programBufferMem_19,8,reg
ldut_debug_1_dmInner_dmInner_programBufferMem_2,8,reg
ldut_debug_1_dmInner_dmInner_programBufferMem_20,8,reg
ldut_debug_1_dmInner_dmInner_programBufferMem_21,8,reg
ldut_debug_1_dmInner_dmInner_programBufferMem_22,8,reg
ldut_debug_1_dmInner_dmInner_programBufferMem_23,8,reg
ldut_debug_1_dmInner_dmInner_programBufferMem_24,8,reg
ldut_debug_1_dmInner_dmInner_programBufferMem_25,8,reg
ldut_debug_1_dmInner_dmInner_programBufferMem_26,8,reg
ldut_debug_1_dmInner_dmInner_programBufferMem_27,8,reg
ldut_debug_1_dmInner_dmInner_programBufferMem_28,8,reg
ldut_debug_1_dmInner_dmInner_programBufferMem_29,8,reg
ldut_debug_1_dmInner_dmInner_programBufferMem_3,8,reg
ldut_debug_1_dmInner_dmInner_programBufferMem_30,8,reg
ldut_debug_1_dmInner_dmInner_programBufferMem_31,8,reg
ldut_debug_1_dmInner_dmInner_programBufferMem_32,8,reg
ldut_debug_1_dmInner_dmInner_programBufferMem_33,8,reg
ldut_debug_1_dmInner_dmInner_programBufferMem_34,8,reg
ldut_debug_1_dmInner_dmInner_programBufferMem_35,8,reg
ldut_debug_1_dmInner_dmInner_programBufferMem_36,8,reg
ldut_debug_1_dmInner_dmInner_programBufferMem_37,8,reg
ldut_debug_1_dmInner_dmInner_programBufferMem_38,8,reg
ldut_debug_1_dmInner_dmInner_programBufferMem_39,8,reg
ldut_debug_1_dmInner_dmInner_programBufferMem_4,8,reg
ldut_debug_1_dmInner_dmInner_programBufferMem_40,8,reg
ldut_debug_1_dmInner_dmInner_programBufferMem_41,8,reg
ldut_debug_1_dmInner_dmInner_programBufferMem_42,8,reg
ldut_debug_1_dmInner_dmInner_programBufferMem_43,8,reg
ldut_debug_1_dmInner_dmInner_programBufferMem_44,8,reg
ldut_debug_1_dmInner_dmInner_programBufferMem_45,8,reg
ldut_debug_1_dmInner_dmInner_programBufferMem_46,8,reg
ldut_debug_1_dmInner_dmInner_programBufferMem_47,8,reg
ldut_debug_1_dmInner_dmInner_programBufferMem_48,8,reg
ldut_debug_1_dmInner_dmInner_programBufferMem_49,8,reg
ldut_debug_1_dmInner_dmInner_programBufferMem_5,8,reg
ldut_debug_1_dmInner_dmInner_programBufferMem_50,8,reg
ldut_debug_1_dmInner_dmInner_programBufferMem_51,8,reg
ldut_debug_1_dmInner_dmInner_programBufferMem_52,8,reg
ldut_debug_1_dmInner_dmInner_programBufferMem_53,8,reg
ldut_debug_1_dmInner_dmInner_programBufferMem_54,8,reg
ldut_debug_1_dmInner_dmInner_programBufferMem_55,8,reg
ldut_debug_1_dmInner_dmInner_programBufferMem_56,8,reg
ldut_debug_1_dmInner_dmInner_programBufferMem_57,8,reg
ldut_debug_1_dmInner_dmInner_programBufferMem_58,8,reg
ldut_debug_1_dmInner_dmInner_programBufferMem_59,8,reg
ldut_debug_1_dmInner_dmInner_programBufferMem_6,8,reg
ldut_debug_1_dmInner_dmInner_programBufferMem_60,8,reg
ldut_debug_1_dmInner_dmInner_programBufferMem_61,8,reg
ldut_debug_1_dmInner_dmInner_programBufferMem_62,8,reg
ldut_debug_1_dmInner_dmInner_programBufferMem_63,8,reg
ldut_debug_1_dmInner_dmInner_programBufferMem_7,8,reg
ldut_debug_1_dmInner_dmInner_programBufferMem_8,8,reg
ldut_debug_1_dmInner_dmInner_programBufferMem_9,8,reg
ldut_debug_1_dmInner_dmInner_resumeReqRegs,1,reg
ldut_debug_1_dmInner_dmactive_synced_dmInner_io_innerCtrl_sink_valid_reg,1,reg
ldut_debug_1_dmInner_dmiXing_bundleIn_0_d_source_ready_reg,1,reg
ldut_debug_1_dmInner_dmiXing_bundleIn_0_d_source_widx_widx_bin,1,reg
ldut_debug_1_dmInner_dmiXing_bundleOut_0_a_sink_valid_reg,1,reg
ldut_debug_1_dmOuter_asource_bundleIn_0_d_sink_valid_reg,1,reg
ldut_debug_1_dmOuter_asource_bundleOut_0_a_source_widx_widx_bin,1,reg
ldut_debug_1_dmOuter_dmOuter_DMCONTROLReg_dmactive,1,reg
ldut_debug_1_dmOuter_dmiBypass_bar_bypass_reg,1,reg
ldut_debug_1_dmOuter_dmiBypass_bar_stall_counter,1,reg
ldut_debug_1_dmOuter_dmiBypass_error_beatsLeft,1,reg
ldut_debug_1_dmOuter_dmiBypass_error_idle,1,reg
ldut_debug_1_dmOuter_dmiXbar_beatsLeft,1,reg
ldut_debug_1_dmOuter_dmiXbar_readys_mask,2,reg
ldut_debug_1_dmOuter_io_innerCtrl_source_ready_reg,1,reg
ldut_intsource_reg_reg,2,reg
ldut_intsource_1_reg_reg,1,reg
ldut_intsource_2_reg_reg,1,reg
ldut_plicDomainWrapper_plic_enables_0_0,2,reg
ldut_plicDomainWrapper_plic_enables_1_0,2,reg
ldut_plicDomainWrapper_plic_maxDevs_0,2,reg
ldut_plicDomainWrapper_plic_maxDevs_1,2,reg
ldut_plicDomainWrapper_plic_out_back_maybe_full,1,reg
ldut_plicDomainWrapper_plic_out_back_ram__v2_bank_0_0,24,reg
ldut_plicDomainWrapper_plic_out_back_ram__v2_bank_0_1,19,reg
ldut_plicDomainWrapper_plic_out_back_ram_data,64,reg
ldut_plicDomainWrapper_plic_pending_0,1,reg
ldut_plicDomainWrapper_plic_pending_1,1,reg
ldut_plicDomainWrapper_plic_priority_0,2,reg
ldut_plicDomainWrapper_plic_priority_1,2,reg
ldut_plicDomainWrapper_plic_threshold_0,2,reg
ldut_plicDomainWrapper_plic_threshold_1,2,reg
ldut_subsystem_cbus_atomics_beatsLeft,9,reg
ldut_subsystem_cbus_atomics_cam_a_0_bits_address,28,reg
ldut_subsystem_cbus_atomics_cam_a_0_bits_size,4,reg
ldut_subsystem_cbus_atomics_cam_a_0_bits_source,5,reg
ldut_subsystem_cbus_atomics_cam_d_0_data,64,reg
ldut_subsystem_cbus_atomics_cam_s_0_state,2,reg
ldut_subsystem_cbus_atomics_d_first_counter,9,reg
ldut_subsystem_cbus_atomics_state_0,1,reg
ldut_subsystem_cbus_atomics_state_1,1,reg
ldut_subsystem_cbus_buffer_bundleIn_0_d_q_maybe_full,1,reg
ldut_subsystem_cbus_buffer_bundleIn_0_d_q_value,1,reg
ldut_subsystem_cbus_buffer_bundleIn_0_d_q_value_1,1,reg
ldut_subsystem_cbus_buffer_bundleOut_0_a_q_maybe_full,1,reg
ldut_subsystem_cbus_buffer_bundleOut_0_a_q_value,1,reg
ldut_subsystem_cbus_buffer_bundleOut_0_a_q_value_1,1,reg
ldut_subsystem_cbus_coupler_to_bootrom_fragmenter_aToggle_r,1,reg
ldut_subsystem_cbus_coupler_to_bootrom_fragmenter_acknum,3,reg
ldut_subsystem_cbus_coupler_to_bootrom_fragmenter_dOrig,3,reg
ldut_subsystem_cbus_coupler_to_bootrom_fragmenter_dToggle,1,reg
ldut_subsystem_cbus_coupler_to_bootrom_fragmenter_gennum,3,reg
ldut_subsystem_cbus_coupler_to_bootrom_fragmenter_repeater_full,1,reg
ldut_subsystem_cbus_coupler_to_bootrom_fragmenter_repeater_saved_address,17,reg
ldut_subsystem_cbus_coupler_to_bootrom_fragmenter_repeater_saved_size,3,reg
ldut_subsystem_cbus_coupler_to_bootrom_fragmenter_repeater_saved_source,5,reg
ldut_subsystem_cbus_coupler_to_clint_fragmenter_aToggle_r,1,reg
ldut_subsystem_cbus_coupler_to_clint_fragmenter_acknum,3,reg
ldut_subsystem_cbus_coupler_to_clint_fragmenter_dOrig,3,reg
ldut_subsystem_cbus_coupler_to_clint_fragmenter_dToggle,1,reg
ldut_subsystem_cbus_coupler_to_clint_fragmenter_gennum,3,reg
ldut_subsystem_cbus_coupler_to_clint_fragmenter_repeater_full,1,reg
ldut_subsystem_cbus_coupler_to_clint_fragmenter_repeater_saved_address,26,reg
ldut_subsystem_cbus_coupler_to_clint_fragmenter_repeater_saved_opcode,3,reg
ldut_subsystem_cbus_coupler_to_clint_fragmenter_repeater_saved_size,3,reg
ldut_subsystem_cbus_coupler_to_clint_fragmenter_repeater_saved_source,5,reg
ldut_subsystem_cbus_coupler_to_debug_fragmenter_aToggle_r,1,reg
ldut_subsystem_cbus_coupler_to_debug_fragmenter_acknum,3,reg
ldut_subsystem_cbus_coupler_to_debug_fragmenter_dOrig,3,reg
ldut_subsystem_cbus_coupler_to_debug_fragmenter_dToggle,1,reg
ldut_subsystem_cbus_coupler_to_debug_fragmenter_gennum,3,reg
ldut_subsystem_cbus_coupler_to_debug_fragmenter_repeater_full,1,reg
ldut_subsystem_cbus_coupler_to_debug_fragmenter_repeater_saved_address,12,reg
ldut_subsystem_cbus_coupler_to_debug_fragmenter_repeater_saved_opcode,3,reg
ldut_subsystem_cbus_coupler_to_debug_fragmenter_repeater_saved_size,3,reg
ldut_subsystem_cbus_coupler_to_debug_fragmenter_repeater_saved_source,5,reg
ldut_subsystem_cbus_coupler_to_plic_fragmenter_acknum,3,reg
ldut_subsystem_cbus_coupler_to_plic_fragmenter_dOrig,3,reg
ldut_subsystem_cbus_coupler_to_plic_fragmenter_repeater_full,1,reg
ldut_subsystem_cbus_coupler_to_plic_fragmenter_repeater_saved_opcode,3,reg
ldut_subsystem_cbus_coupler_to_plic_fragmenter_repeater_saved_size,3,reg
ldut_subsystem_cbus_fixer_a_first_counter,9,reg
ldut_subsystem_cbus_fixer_flight__v2_bank_0_0,16,reg
ldut_subsystem_cbus_fixer_stalls_id,3,reg
ldut_subsystem_cbus_fixer_stalls_id_1,3,reg
ldut_subsystem_cbus_out_xbar_beatsLeft,9,reg
ldut_subsystem_cbus_out_xbar_readys_mask,5,reg
ldut_subsystem_cbus_out_xbar_state_0,1,reg
ldut_subsystem_cbus_out_xbar_state_1,1,reg
ldut_subsystem_cbus_out_xbar_state_2,1,reg
ldut_subsystem_cbus_out_xbar_state_3,1,reg
ldut_subsystem_cbus_out_xbar_state_4,1,reg
ldut_subsystem_cbus_wrapped_error_device_buffer_bundleIn_0_d_q_maybe_full,1,reg
ldut_subsystem_cbus_wrapped_error_device_buffer_bundleIn_0_d_q_value,1,reg
ldut_subsystem_cbus_wrapped_error_device_buffer_bundleIn_0_d_q_value_1,1,reg
ldut_subsystem_cbus_wrapped_error_device_buffer_bundleOut_0_a_q_maybe_full,1,reg
ldut_subsystem_cbus_wrapped_error_device_buffer_bundleOut_0_a_q_value,1,reg
ldut_subsystem_cbus_wrapped_error_device_buffer_bundleOut_0_a_q_value_1,1,reg
ldut_subsystem_cbus_wrapped_error_device_error_a_maybe_full,1,reg
ldut_subsystem_cbus_wrapped_error_device_error_a_ram__v2_bank_0_0,12,reg
ldut_subsystem_cbus_wrapped_error_device_error_a_last_counter,9,reg
ldut_subsystem_fbus_buffer_bundleIn_0_d_q_maybe_full,1,reg
ldut_subsystem_fbus_buffer_bundleIn_0_d_q_value,1,reg
ldut_subsystem_fbus_buffer_bundleIn_0_d_q_value_1,1,reg
ldut_subsystem_fbus_buffer_bundleOut_0_a_q_maybe_full,1,reg
ldut_subsystem_fbus_buffer_bundleOut_0_a_q_value,1,reg
ldut_subsystem_fbus_buffer_bundleOut_0_a_q_value_1,1,reg
ldut_subsystem_fbus_coupler_from_port_named_slave_port_axi4_axi42tl_b_count_1,3,reg
ldut_subsystem_fbus_coupler_from_port_named_slave_port_axi4_axi42tl_beatsLeft,8,reg
ldut_subsystem_fbus_coupler_from_port_named_slave_port_axi4_axi42tl_deq_maybe_full,1,reg
ldut_subsystem_fbus_coupler_from_port_named_slave_port_axi4_axi42tl_deq_ram__v2_bank_0_0,2,reg
ldut_subsystem_fbus_coupler_from_port_named_slave_port_axi4_axi42tl_q_b_deq_maybe_full,1,reg
ldut_subsystem_fbus_coupler_from_port_named_slave_port_axi4_axi42tl_q_b_deq_ram_id,1,reg
ldut_subsystem_fbus_coupler_from_port_named_slave_port_axi4_axi42tl_r_count_0,3,reg
ldut_subsystem_fbus_coupler_from_port_named_slave_port_axi4_axi42tl_r_count_1,3,reg
ldut_subsystem_fbus_coupler_from_port_named_slave_port_axi4_axi42tl_readys_mask,2,reg
ldut_subsystem_fbus_coupler_from_port_named_slave_port_axi4_axi42tl_state_0,1,reg
ldut_subsystem_fbus_coupler_from_port_named_slave_port_axi4_axi42tl_state_1,1,reg
ldut_subsystem_fbus_coupler_from_port_named_slave_port_axi4_axi42tl_w_count_0,3,reg
ldut_subsystem_fbus_coupler_from_port_named_slave_port_axi4_axi42tl_w_count_1,3,reg
ldut_subsystem_fbus_coupler_from_port_named_slave_port_axi4_axi4frag_busy,1,reg
ldut_subsystem_fbus_coupler_from_port_named_slave_port_axi4_axi4frag_busy_1,1,reg
ldut_subsystem_fbus_coupler_from_port_named_slave_port_axi4_axi4frag_deq_maybe_full,1,reg
ldut_subsystem_fbus_coupler_from_port_named_slave_port_axi4_axi4frag_deq_ram__v2_bank_0_0,60,reg
ldut_subsystem_fbus_coupler_from_port_named_slave_port_axi4_axi4frag_deq_1_maybe_full,1,reg
ldut_subsystem_fbus_coupler_from_port_named_slave_port_axi4_axi4frag_deq_1_ram__v2_bank_0_0,60,reg
ldut_subsystem_fbus_coupler_from_port_named_slave_port_axi4_axi4frag_in_w_deq_maybe_full,1,reg
ldut_subsystem_fbus_coupler_from_port_named_slave_port_axi4_axi4frag_in_w_deq_ram_data,64,reg
ldut_subsystem_fbus_coupler_from_port_named_slave_port_axi4_axi4frag_in_w_deq_ram_strb,8,reg
ldut_subsystem_fbus_coupler_from_port_named_slave_port_axi4_axi4frag_r_addr,32,reg
ldut_subsystem_fbus_coupler_from_port_named_slave_port_axi4_axi4frag_r_addr_1,32,reg
ldut_subsystem_fbus_coupler_from_port_named_slave_port_axi4_axi4frag_r_len,8,reg
ldut_subsystem_fbus_coupler_from_port_named_slave_port_axi4_axi4frag_r_len_1,8,reg
ldut_subsystem_fbus_coupler_from_port_named_slave_port_axi4_axi4frag_w_counter,9,reg
ldut_subsystem_fbus_coupler_from_port_named_slave_port_axi4_axi4frag_wbeats_latched,1,reg
ldut_subsystem_fbus_coupler_from_port_named_slave_port_axi4_axi4yank_QueueCompatibility$$inst_deq_ptr_value,2,reg
ldut_subsystem_fbus_coupler_from_port_named_slave_port_axi4_axi4yank_QueueCompatibility$$inst_enq_ptr_value,2,reg
ldut_subsystem_fbus_coupler_from_port_named_slave_port_axi4_axi4yank_QueueCompatibility$$inst_maybe_full,1,reg
ldut_subsystem_fbus_coupler_from_port_named_slave_port_axi4_axi4yank_QueueCompatibility_1_deq_ptr_value,2,reg
ldut_subsystem_fbus_coupler_from_port_named_slave_port_axi4_axi4yank_QueueCompatibility_1_enq_ptr_value,2,reg
ldut_subsystem_fbus_coupler_from_port_named_slave_port_axi4_axi4yank_QueueCompatibility_1_maybe_full,1,reg
ldut_subsystem_fbus_coupler_from_port_named_slave_port_axi4_axi4yank_QueueCompatibility_2$$inst_deq_ptr_value,2,reg
ldut_subsystem_fbus_coupler_from_port_named_slave_port_axi4_axi4yank_QueueCompatibility_2$$inst_enq_ptr_value,2,reg
ldut_subsystem_fbus_coupler_from_port_named_slave_port_axi4_axi4yank_QueueCompatibility_2$$inst_maybe_full,1,reg
ldut_subsystem_fbus_coupler_from_port_named_slave_port_axi4_axi4yank_QueueCompatibility_3_deq_ptr_value,2,reg
ldut_subsystem_fbus_coupler_from_port_named_slave_port_axi4_axi4yank_QueueCompatibility_3_enq_ptr_value,2,reg
ldut_subsystem_fbus_coupler_from_port_named_slave_port_axi4_axi4yank_QueueCompatibility_3_maybe_full,1,reg
ldut_subsystem_fbus_coupler_from_port_named_slave_port_axi4_buffer_bundleIn_0_d_q_maybe_full,1,reg
ldut_subsystem_fbus_coupler_from_port_named_slave_port_axi4_buffer_bundleIn_0_d_q_value_1,1,reg
ldut_subsystem_fbus_coupler_from_port_named_slave_port_axi4_buffer_bundleOut_0_a_q_maybe_full,1,reg
ldut_subsystem_fbus_coupler_from_port_named_slave_port_axi4_buffer_bundleOut_0_a_q_value,1,reg
ldut_subsystem_fbus_coupler_from_port_named_slave_port_axi4_buffer_bundleOut_0_a_q_value_1,1,reg
ldut_subsystem_fbus_coupler_from_port_named_slave_port_axi4_fixer_a_first_counter,9,reg
ldut_subsystem_fbus_coupler_from_port_named_slave_port_axi4_fixer_flight__v2_bank_0_0,16,reg
ldut_subsystem_fbus_coupler_from_port_named_slave_port_axi4_fixer_stalls_id,1,reg
ldut_subsystem_fbus_coupler_from_port_named_slave_port_axi4_fixer_stalls_id_1,1,reg
ldut_subsystem_l2_wrapper_broadcast_1_REG,1,reg
ldut_subsystem_l2_wrapper_broadcast_1_REG_1,26,reg
ldut_subsystem_l2_wrapper_broadcast_1_REG_2,2,reg
ldut_subsystem_l2_wrapper_broadcast_1_TLBroadcastTracker$$inst_address,32,reg
ldut_subsystem_l2_wrapper_broadcast_1_TLBroadcastTracker$$inst_count,1,reg
ldut_subsystem_l2_wrapper_broadcast_1_TLBroadcastTracker$$inst_got_e,1,reg
ldut_subsystem_l2_wrapper_broadcast_1_TLBroadcastTracker$$inst_o_data_maybe_full,1,reg
ldut_subsystem_l2_wrapper_broadcast_1_TLBroadcastTracker$$inst_o_data_value,3,reg
ldut_subsystem_l2_wrapper_broadcast_1_TLBroadcastTracker$$inst_o_data_value_1,3,reg
ldut_subsystem_l2_wrapper_broadcast_1_TLBroadcastTracker$$inst_opcode,3,reg
ldut_subsystem_l2_wrapper_broadcast_1_TLBroadcastTracker$$inst_sent_d,1,reg
ldut_subsystem_l2_wrapper_broadcast_1_TLBroadcastTracker$$inst_shared,1,reg
ldut_subsystem_l2_wrapper_broadcast_1_TLBroadcastTracker$$inst_size,3,reg
ldut_subsystem_l2_wrapper_broadcast_1_TLBroadcastTracker$$inst_source,5,reg
ldut_subsystem_l2_wrapper_broadcast_1_TLBroadcastTracker_1$$inst_address,32,reg
ldut_subsystem_l2_wrapper_broadcast_1_TLBroadcastTracker_1$$inst_count,1,reg
ldut_subsystem_l2_wrapper_broadcast_1_TLBroadcastTracker_1$$inst_got_e,1,reg
ldut_subsystem_l2_wrapper_broadcast_1_TLBroadcastTracker_1$$inst_o_data_maybe_full,1,reg
ldut_subsystem_l2_wrapper_broadcast_1_TLBroadcastTracker_1$$inst_o_data_value,3,reg
ldut_subsystem_l2_wrapper_broadcast_1_TLBroadcastTracker_1$$inst_o_data_value_1,3,reg
ldut_subsystem_l2_wrapper_broadcast_1_TLBroadcastTracker_1$$inst_opcode,3,reg
ldut_subsystem_l2_wrapper_broadcast_1_TLBroadcastTracker_1$$inst_sent_d,1,reg
ldut_subsystem_l2_wrapper_broadcast_1_TLBroadcastTracker_1$$inst_shared,1,reg
ldut_subsystem_l2_wrapper_broadcast_1_TLBroadcastTracker_1$$inst_size,3,reg
ldut_subsystem_l2_wrapper_broadcast_1_TLBroadcastTracker_1$$inst_source,5,reg
ldut_subsystem_l2_wrapper_broadcast_1_TLBroadcastTracker_2$$inst_address,32,reg
ldut_subsystem_l2_wrapper_broadcast_1_TLBroadcastTracker_2$$inst_count,1,reg
ldut_subsystem_l2_wrapper_broadcast_1_TLBroadcastTracker_2$$inst_got_e,1,reg
ldut_subsystem_l2_wrapper_broadcast_1_TLBroadcastTracker_2$$inst_o_data_maybe_full,1,reg
ldut_subsystem_l2_wrapper_broadcast_1_TLBroadcastTracker_2$$inst_o_data_value,3,reg
ldut_subsystem_l2_wrapper_broadcast_1_TLBroadcastTracker_2$$inst_o_data_value_1,3,reg
ldut_subsystem_l2_wrapper_broadcast_1_TLBroadcastTracker_2$$inst_opcode,3,reg
ldut_subsystem_l2_wrapper_broadcast_1_TLBroadcastTracker_2$$inst_sent_d,1,reg
ldut_subsystem_l2_wrapper_broadcast_1_TLBroadcastTracker_2$$inst_shared,1,reg
ldut_subsystem_l2_wrapper_broadcast_1_TLBroadcastTracker_2$$inst_size,3,reg
ldut_subsystem_l2_wrapper_broadcast_1_TLBroadcastTracker_2$$inst_source,5,reg
ldut_subsystem_l2_wrapper_broadcast_1_TLBroadcastTracker_3$$inst_address,32,reg
ldut_subsystem_l2_wrapper_broadcast_1_TLBroadcastTracker_3$$inst_count,1,reg
ldut_subsystem_l2_wrapper_broadcast_1_TLBroadcastTracker_3$$inst_got_e,1,reg
ldut_subsystem_l2_wrapper_broadcast_1_TLBroadcastTracker_3$$inst_o_data_maybe_full,1,reg
ldut_subsystem_l2_wrapper_broadcast_1_TLBroadcastTracker_3$$inst_o_data_value,3,reg
ldut_subsystem_l2_wrapper_broadcast_1_TLBroadcastTracker_3$$inst_o_data_value_1,3,reg
ldut_subsystem_l2_wrapper_broadcast_1_TLBroadcastTracker_3$$inst_opcode,3,reg
ldut_subsystem_l2_wrapper_broadcast_1_TLBroadcastTracker_3$$inst_sent_d,1,reg
ldut_subsystem_l2_wrapper_broadcast_1_TLBroadcastTracker_3$$inst_shared,1,reg
ldut_subsystem_l2_wrapper_broadcast_1_TLBroadcastTracker_3$$inst_size,3,reg
ldut_subsystem_l2_wrapper_broadcast_1_TLBroadcastTracker_3$$inst_source,5,reg
ldut_subsystem_l2_wrapper_broadcast_1_beatsLeft,3,reg
ldut_subsystem_l2_wrapper_broadcast_1_beatsLeft_1,3,reg
ldut_subsystem_l2_wrapper_broadcast_1_counter,3,reg
ldut_subsystem_l2_wrapper_broadcast_1_counter_2,3,reg
ldut_subsystem_l2_wrapper_broadcast_1_r,4,reg
ldut_subsystem_l2_wrapper_broadcast_1_state__0,1,reg
ldut_subsystem_l2_wrapper_broadcast_1_state__1,1,reg
ldut_subsystem_mbus_coupler_to_memory_controller_port_named_axi4_axi4yank_QueueCompatibility$$inst_deq_ptr_value,3,reg
ldut_subsystem_mbus_coupler_to_memory_controller_port_named_axi4_axi4yank_QueueCompatibility$$inst_enq_ptr_value,3,reg
ldut_subsystem_mbus_coupler_to_memory_controller_port_named_axi4_axi4yank_QueueCompatibility$$inst_maybe_full,1,reg
ldut_subsystem_mbus_coupler_to_memory_controller_port_named_axi4_axi4yank_QueueCompatibility_1_deq_ptr_value,3,reg
ldut_subsystem_mbus_coupler_to_memory_controller_port_named_axi4_axi4yank_QueueCompatibility_1_enq_ptr_value,3,reg
ldut_subsystem_mbus_coupler_to_memory_controller_port_named_axi4_axi4yank_QueueCompatibility_1_maybe_full,1,reg
ldut_subsystem_mbus_coupler_to_memory_controller_port_named_axi4_axi4yank_QueueCompatibility_10_deq_ptr_value,3,reg
ldut_subsystem_mbus_coupler_to_memory_controller_port_named_axi4_axi4yank_QueueCompatibility_10_enq_ptr_value,3,reg
ldut_subsystem_mbus_coupler_to_memory_controller_port_named_axi4_axi4yank_QueueCompatibility_10_maybe_full,1,reg
ldut_subsystem_mbus_coupler_to_memory_controller_port_named_axi4_axi4yank_QueueCompatibility_11_deq_ptr_value,3,reg
ldut_subsystem_mbus_coupler_to_memory_controller_port_named_axi4_axi4yank_QueueCompatibility_11_enq_ptr_value,3,reg
ldut_subsystem_mbus_coupler_to_memory_controller_port_named_axi4_axi4yank_QueueCompatibility_11_maybe_full,1,reg
ldut_subsystem_mbus_coupler_to_memory_controller_port_named_axi4_axi4yank_QueueCompatibility_12_deq_ptr_value,3,reg
ldut_subsystem_mbus_coupler_to_memory_controller_port_named_axi4_axi4yank_QueueCompatibility_12_enq_ptr_value,3,reg
ldut_subsystem_mbus_coupler_to_memory_controller_port_named_axi4_axi4yank_QueueCompatibility_12_maybe_full,1,reg
ldut_subsystem_mbus_coupler_to_memory_controller_port_named_axi4_axi4yank_QueueCompatibility_13_deq_ptr_value,3,reg
ldut_subsystem_mbus_coupler_to_memory_controller_port_named_axi4_axi4yank_QueueCompatibility_13_enq_ptr_value,3,reg
ldut_subsystem_mbus_coupler_to_memory_controller_port_named_axi4_axi4yank_QueueCompatibility_13_maybe_full,1,reg
ldut_subsystem_mbus_coupler_to_memory_controller_port_named_axi4_axi4yank_QueueCompatibility_14_deq_ptr_value,3,reg
ldut_subsystem_mbus_coupler_to_memory_controller_port_named_axi4_axi4yank_QueueCompatibility_14_enq_ptr_value,3,reg
ldut_subsystem_mbus_coupler_to_memory_controller_port_named_axi4_axi4yank_QueueCompatibility_14_maybe_full,1,reg
ldut_subsystem_mbus_coupler_to_memory_controller_port_named_axi4_axi4yank_QueueCompatibility_15_deq_ptr_value,3,reg
ldut_subsystem_mbus_coupler_to_memory_controller_port_named_axi4_axi4yank_QueueCompatibility_15_enq_ptr_value,3,reg
ldut_subsystem_mbus_coupler_to_memory_controller_port_named_axi4_axi4yank_QueueCompatibility_15_maybe_full,1,reg
ldut_subsystem_mbus_coupler_to_memory_controller_port_named_axi4_axi4yank_QueueCompatibility_16_deq_ptr_value,3,reg
ldut_subsystem_mbus_coupler_to_memory_controller_port_named_axi4_axi4yank_QueueCompatibility_16_enq_ptr_value,3,reg
ldut_subsystem_mbus_coupler_to_memory_controller_port_named_axi4_axi4yank_QueueCompatibility_16_maybe_full,1,reg
ldut_subsystem_mbus_coupler_to_memory_controller_port_named_axi4_axi4yank_QueueCompatibility_17_deq_ptr_value,3,reg
ldut_subsystem_mbus_coupler_to_memory_controller_port_named_axi4_axi4yank_QueueCompatibility_17_enq_ptr_value,3,reg
ldut_subsystem_mbus_coupler_to_memory_controller_port_named_axi4_axi4yank_QueueCompatibility_17_maybe_full,1,reg
ldut_subsystem_mbus_coupler_to_memory_controller_port_named_axi4_axi4yank_QueueCompatibility_18$$inst_deq_ptr_value,3,reg
ldut_subsystem_mbus_coupler_to_memory_controller_port_named_axi4_axi4yank_QueueCompatibility_18$$inst_enq_ptr_value,3,reg
ldut_subsystem_mbus_coupler_to_memory_controller_port_named_axi4_axi4yank_QueueCompatibility_18$$inst_maybe_full,1,reg
ldut_subsystem_mbus_coupler_to_memory_controller_port_named_axi4_axi4yank_QueueCompatibility_19_deq_ptr_value,3,reg
ldut_subsystem_mbus_coupler_to_memory_controller_port_named_axi4_axi4yank_QueueCompatibility_19_enq_ptr_value,3,reg
ldut_subsystem_mbus_coupler_to_memory_controller_port_named_axi4_axi4yank_QueueCompatibility_19_maybe_full,1,reg
ldut_subsystem_mbus_coupler_to_memory_controller_port_named_axi4_axi4yank_QueueCompatibility_2$$inst_deq_ptr_value,3,reg
ldut_subsystem_mbus_coupler_to_memory_controller_port_named_axi4_axi4yank_QueueCompatibility_2$$inst_enq_ptr_value,3,reg
ldut_subsystem_mbus_coupler_to_memory_controller_port_named_axi4_axi4yank_QueueCompatibility_2$$inst_maybe_full,1,reg
ldut_subsystem_mbus_coupler_to_memory_controller_port_named_axi4_axi4yank_QueueCompatibility_20_deq_ptr_value,3,reg
ldut_subsystem_mbus_coupler_to_memory_controller_port_named_axi4_axi4yank_QueueCompatibility_20_enq_ptr_value,3,reg
ldut_subsystem_mbus_coupler_to_memory_controller_port_named_axi4_axi4yank_QueueCompatibility_20_maybe_full,1,reg
ldut_subsystem_mbus_coupler_to_memory_controller_port_named_axi4_axi4yank_QueueCompatibility_21_deq_ptr_value,3,reg
ldut_subsystem_mbus_coupler_to_memory_controller_port_named_axi4_axi4yank_QueueCompatibility_21_enq_ptr_value,3,reg
ldut_subsystem_mbus_coupler_to_memory_controller_port_named_axi4_axi4yank_QueueCompatibility_21_maybe_full,1,reg
ldut_subsystem_mbus_coupler_to_memory_controller_port_named_axi4_axi4yank_QueueCompatibility_22$$inst_deq_ptr_value,3,reg
ldut_subsystem_mbus_coupler_to_memory_controller_port_named_axi4_axi4yank_QueueCompatibility_22$$inst_enq_ptr_value,3,reg
ldut_subsystem_mbus_coupler_to_memory_controller_port_named_axi4_axi4yank_QueueCompatibility_22$$inst_maybe_full,1,reg
ldut_subsystem_mbus_coupler_to_memory_controller_port_named_axi4_axi4yank_QueueCompatibility_23_deq_ptr_value,3,reg
ldut_subsystem_mbus_coupler_to_memory_controller_port_named_axi4_axi4yank_QueueCompatibility_23_enq_ptr_value,3,reg
ldut_subsystem_mbus_coupler_to_memory_controller_port_named_axi4_axi4yank_QueueCompatibility_23_maybe_full,1,reg
ldut_subsystem_mbus_coupler_to_memory_controller_port_named_axi4_axi4yank_QueueCompatibility_24_deq_ptr_value,3,reg
ldut_subsystem_mbus_coupler_to_memory_controller_port_named_axi4_axi4yank_QueueCompatibility_24_enq_ptr_value,3,reg
ldut_subsystem_mbus_coupler_to_memory_controller_port_named_axi4_axi4yank_QueueCompatibility_24_maybe_full,1,reg
ldut_subsystem_mbus_coupler_to_memory_controller_port_named_axi4_axi4yank_QueueCompatibility_25_deq_ptr_value,3,reg
ldut_subsystem_mbus_coupler_to_memory_controller_port_named_axi4_axi4yank_QueueCompatibility_25_enq_ptr_value,3,reg
ldut_subsystem_mbus_coupler_to_memory_controller_port_named_axi4_axi4yank_QueueCompatibility_25_maybe_full,1,reg
ldut_subsystem_mbus_coupler_to_memory_controller_port_named_axi4_axi4yank_QueueCompatibility_26_deq_ptr_value,3,reg
ldut_subsystem_mbus_coupler_to_memory_controller_port_named_axi4_axi4yank_QueueCompatibility_26_enq_ptr_value,3,reg
ldut_subsystem_mbus_coupler_to_memory_controller_port_named_axi4_axi4yank_QueueCompatibility_26_maybe_full,1,reg
ldut_subsystem_mbus_coupler_to_memory_controller_port_named_axi4_axi4yank_QueueCompatibility_27_deq_ptr_value,3,reg
ldut_subsystem_mbus_coupler_to_memory_controller_port_named_axi4_axi4yank_QueueCompatibility_27_enq_ptr_value,3,reg
ldut_subsystem_mbus_coupler_to_memory_controller_port_named_axi4_axi4yank_QueueCompatibility_27_maybe_full,1,reg
ldut_subsystem_mbus_coupler_to_memory_controller_port_named_axi4_axi4yank_QueueCompatibility_28_deq_ptr_value,3,reg
ldut_subsystem_mbus_coupler_to_memory_controller_port_named_axi4_axi4yank_QueueCompatibility_28_enq_ptr_value,3,reg
ldut_subsystem_mbus_coupler_to_memory_controller_port_named_axi4_axi4yank_QueueCompatibility_28_maybe_full,1,reg
ldut_subsystem_mbus_coupler_to_memory_controller_port_named_axi4_axi4yank_QueueCompatibility_29_deq_ptr_value,3,reg
ldut_subsystem_mbus_coupler_to_memory_controller_port_named_axi4_axi4yank_QueueCompatibility_29_enq_ptr_value,3,reg
ldut_subsystem_mbus_coupler_to_memory_controller_port_named_axi4_axi4yank_QueueCompatibility_29_maybe_full,1,reg
ldut_subsystem_mbus_coupler_to_memory_controller_port_named_axi4_axi4yank_QueueCompatibility_3_deq_ptr_value,3,reg
ldut_subsystem_mbus_coupler_to_memory_controller_port_named_axi4_axi4yank_QueueCompatibility_3_enq_ptr_value,3,reg
ldut_subsystem_mbus_coupler_to_memory_controller_port_named_axi4_axi4yank_QueueCompatibility_3_maybe_full,1,reg
ldut_subsystem_mbus_coupler_to_memory_controller_port_named_axi4_axi4yank_QueueCompatibility_30_deq_ptr_value,3,reg
ldut_subsystem_mbus_coupler_to_memory_controller_port_named_axi4_axi4yank_QueueCompatibility_30_enq_ptr_value,3,reg
ldut_subsystem_mbus_coupler_to_memory_controller_port_named_axi4_axi4yank_QueueCompatibility_30_maybe_full,1,reg
ldut_subsystem_mbus_coupler_to_memory_controller_port_named_axi4_axi4yank_QueueCompatibility_31_deq_ptr_value,3,reg
ldut_subsystem_mbus_coupler_to_memory_controller_port_named_axi4_axi4yank_QueueCompatibility_31_enq_ptr_value,3,reg
ldut_subsystem_mbus_coupler_to_memory_controller_port_named_axi4_axi4yank_QueueCompatibility_31_maybe_full,1,reg
ldut_subsystem_mbus_coupler_to_memory_controller_port_named_axi4_axi4yank_QueueCompatibility_4_deq_ptr_value,3,reg
ldut_subsystem_mbus_coupler_to_memory_controller_port_named_axi4_axi4yank_QueueCompatibility_4_enq_ptr_value,3,reg
ldut_subsystem_mbus_coupler_to_memory_controller_port_named_axi4_axi4yank_QueueCompatibility_4_maybe_full,1,reg
ldut_subsystem_mbus_coupler_to_memory_controller_port_named_axi4_axi4yank_QueueCompatibility_5_deq_ptr_value,3,reg
ldut_subsystem_mbus_coupler_to_memory_controller_port_named_axi4_axi4yank_QueueCompatibility_5_enq_ptr_value,3,reg
ldut_subsystem_mbus_coupler_to_memory_controller_port_named_axi4_axi4yank_QueueCompatibility_5_maybe_full,1,reg
ldut_subsystem_mbus_coupler_to_memory_controller_port_named_axi4_axi4yank_QueueCompatibility_6_deq_ptr_value,3,reg
ldut_subsystem_mbus_coupler_to_memory_controller_port_named_axi4_axi4yank_QueueCompatibility_6_enq_ptr_value,3,reg
ldut_subsystem_mbus_coupler_to_memory_controller_port_named_axi4_axi4yank_QueueCompatibility_6_maybe_full,1,reg
ldut_subsystem_mbus_coupler_to_memory_controller_port_named_axi4_axi4yank_QueueCompatibility_7_deq_ptr_value,3,reg
ldut_subsystem_mbus_coupler_to_memory_controller_port_named_axi4_axi4yank_QueueCompatibility_7_enq_ptr_value,3,reg
ldut_subsystem_mbus_coupler_to_memory_controller_port_named_axi4_axi4yank_QueueCompatibility_7_maybe_full,1,reg
ldut_subsystem_mbus_coupler_to_memory_controller_port_named_axi4_axi4yank_QueueCompatibility_8_deq_ptr_value,3,reg
ldut_subsystem_mbus_coupler_to_memory_controller_port_named_axi4_axi4yank_QueueCompatibility_8_enq_ptr_value,3,reg
ldut_subsystem_mbus_coupler_to_memory_controller_port_named_axi4_axi4yank_QueueCompatibility_8_maybe_full,1,reg
ldut_subsystem_mbus_coupler_to_memory_controller_port_named_axi4_axi4yank_QueueCompatibility_9_deq_ptr_value,3,reg
ldut_subsystem_mbus_coupler_to_memory_controller_port_named_axi4_axi4yank_QueueCompatibility_9_enq_ptr_value,3,reg
ldut_subsystem_mbus_coupler_to_memory_controller_port_named_axi4_axi4yank_QueueCompatibility_9_maybe_full,1,reg
ldut_subsystem_mbus_coupler_to_memory_controller_port_named_axi4_tl2axi4_b_delay,3,reg
ldut_subsystem_mbus_coupler_to_memory_controller_port_named_axi4_tl2axi4_deq_maybe_full,1,reg
ldut_subsystem_mbus_coupler_to_memory_controller_port_named_axi4_tl2axi4_deq_ram_data,64,reg
ldut_subsystem_mbus_coupler_to_memory_controller_port_named_axi4_tl2axi4_deq_ram_strb,8,reg
ldut_subsystem_mbus_coupler_to_memory_controller_port_named_axi4_tl2axi4_doneAW,1,reg
ldut_subsystem_mbus_coupler_to_memory_controller_port_named_axi4_tl2axi4_queue_arw_deq_maybe_full,1,reg
ldut_subsystem_mbus_coupler_to_memory_controller_port_named_axi4_tl2axi4_queue_arw_deq_ram__v2_bank_0_0,64,reg
ldut_subsystem_mbus_coupler_to_memory_controller_port_named_axi4_tl2axi4_r_holds_d,1,reg
ldut_subsystem_sbus_coupler_from_bus_named_subsystem_fbus_widget_count,1,reg
ldut_subsystem_sbus_coupler_from_bus_named_subsystem_fbus_widget_repeated_repeater_full,1,reg
ldut_subsystem_sbus_coupler_from_bus_named_subsystem_fbus_widget_repeated_repeater_saved_data__w0,64,reg
ldut_subsystem_sbus_coupler_from_bus_named_subsystem_fbus_widget_repeated_repeater_saved_data__w1,64,reg
ldut_subsystem_sbus_coupler_from_bus_named_subsystem_fbus_widget_repeated_repeater_saved_opcode,3,reg
ldut_subsystem_sbus_coupler_from_bus_named_subsystem_fbus_widget_repeated_repeater_saved_size,4,reg
ldut_subsystem_sbus_coupler_to_bus_named_subsystem_cbus_widget_bundleIn_0_d_bits_data_rdata_0,64,reg
ldut_subsystem_sbus_coupler_to_bus_named_subsystem_cbus_widget_bundleIn_0_d_bits_data_rdata_written_once,1,reg
ldut_subsystem_sbus_coupler_to_bus_named_subsystem_cbus_widget_count,1,reg
ldut_subsystem_sbus_coupler_to_bus_named_subsystem_cbus_widget_repeated_repeater_full,1,reg
ldut_subsystem_sbus_coupler_to_bus_named_subsystem_cbus_widget_repeated_repeater_saved_address,28,reg
ldut_subsystem_sbus_coupler_to_bus_named_subsystem_cbus_widget_repeated_repeater_saved_data__w0,64,reg
ldut_subsystem_sbus_coupler_to_bus_named_subsystem_cbus_widget_repeated_repeater_saved_data__w1,64,reg
ldut_subsystem_sbus_coupler_to_bus_named_subsystem_cbus_widget_repeated_repeater_saved_opcode,3,reg
ldut_subsystem_sbus_coupler_to_bus_named_subsystem_cbus_widget_repeated_repeater_saved_size,4,reg
ldut_subsystem_sbus_coupler_to_bus_named_subsystem_cbus_widget_repeated_repeater_saved_source,5,reg
ldut_subsystem_sbus_coupler_to_bus_named_subsystem_l2_widget_bundleIn_0_d_bits_data_rdata_0,64,reg
ldut_subsystem_sbus_coupler_to_bus_named_subsystem_l2_widget_bundleIn_0_d_bits_data_rdata_written_once,1,reg
ldut_subsystem_sbus_coupler_to_bus_named_subsystem_l2_widget_count,1,reg
ldut_subsystem_sbus_coupler_to_bus_named_subsystem_l2_widget_repeated_repeater_full,1,reg
ldut_subsystem_sbus_coupler_to_bus_named_subsystem_l2_widget_repeated_repeater_saved_address,32,reg
ldut_subsystem_sbus_coupler_to_bus_named_subsystem_l2_widget_repeated_repeater_saved_data__w0,64,reg
ldut_subsystem_sbus_coupler_to_bus_named_subsystem_l2_widget_repeated_repeater_saved_data__w1,64,reg
ldut_subsystem_sbus_coupler_to_bus_named_subsystem_l2_widget_repeated_repeater_saved_opcode,3,reg
ldut_subsystem_sbus_coupler_to_bus_named_subsystem_l2_widget_repeated_repeater_saved_size,3,reg
ldut_subsystem_sbus_coupler_to_bus_named_subsystem_l2_widget_repeated_repeater_1_full,1,reg
ldut_subsystem_sbus_coupler_to_bus_named_subsystem_l2_widget_repeated_repeater_1_saved_address,32,reg
ldut_subsystem_sbus_coupler_to_bus_named_subsystem_l2_widget_repeated_repeater_1_saved_data__w0,64,reg
ldut_subsystem_sbus_coupler_to_bus_named_subsystem_l2_widget_repeated_repeater_1_saved_data__w1,64,reg
ldut_subsystem_sbus_coupler_to_bus_named_subsystem_l2_widget_repeated_repeater_1_saved_opcode,3,reg
ldut_subsystem_sbus_coupler_to_bus_named_subsystem_l2_widget_repeated_repeater_1_saved_size,3,reg
ldut_subsystem_sbus_coupler_to_bus_named_subsystem_l2_widget_repeated_repeater_1_saved_source,5,reg
ldut_subsystem_sbus_coupler_to_port_named_mmio_port_axi4_axi4buf_bundleIn_0_b_deq_maybe_full,1,reg
ldut_subsystem_sbus_coupler_to_port_named_mmio_port_axi4_axi4buf_bundleIn_0_b_deq_value,1,reg
ldut_subsystem_sbus_coupler_to_port_named_mmio_port_axi4_axi4buf_bundleIn_0_b_deq_value_1,1,reg
ldut_subsystem_sbus_coupler_to_port_named_mmio_port_axi4_axi4buf_bundleIn_0_r_deq_maybe_full,1,reg
ldut_subsystem_sbus_coupler_to_port_named_mmio_port_axi4_axi4buf_bundleIn_0_r_deq_value,1,reg
ldut_subsystem_sbus_coupler_to_port_named_mmio_port_axi4_axi4buf_bundleIn_0_r_deq_value_1,1,reg
ldut_subsystem_sbus_coupler_to_port_named_mmio_port_axi4_axi4buf_bundleOut_0_ar_deq_maybe_full,1,reg
ldut_subsystem_sbus_coupler_to_port_named_mmio_port_axi4_axi4buf_bundleOut_0_ar_deq_value,1,reg
ldut_subsystem_sbus_coupler_to_port_named_mmio_port_axi4_axi4buf_bundleOut_0_ar_deq_value_1,1,reg
ldut_subsystem_sbus_coupler_to_port_named_mmio_port_axi4_axi4buf_bundleOut_0_aw_deq_maybe_full,1,reg
ldut_subsystem_sbus_coupler_to_port_named_mmio_port_axi4_axi4buf_bundleOut_0_aw_deq_value,1,reg
ldut_subsystem_sbus_coupler_to_port_named_mmio_port_axi4_axi4buf_bundleOut_0_aw_deq_value_1,1,reg
ldut_subsystem_sbus_coupler_to_port_named_mmio_port_axi4_axi4buf_bundleOut_0_w_deq_maybe_full,1,reg
ldut_subsystem_sbus_coupler_to_port_named_mmio_port_axi4_axi4buf_bundleOut_0_w_deq_value,1,reg
ldut_subsystem_sbus_coupler_to_port_named_mmio_port_axi4_axi4buf_bundleOut_0_w_deq_value_1,1,reg
ldut_subsystem_sbus_coupler_to_port_named_mmio_port_axi4_axi4deint_deq_id,4,reg
ldut_subsystem_sbus_coupler_to_port_named_mmio_port_axi4_axi4deint_locked,1,reg
ldut_subsystem_sbus_coupler_to_port_named_mmio_port_axi4_axi4deint_qs_queue_0_deq_ptr_value,3,reg
ldut_subsystem_sbus_coupler_to_port_named_mmio_port_axi4_axi4deint_qs_queue_0_enq_ptr_value,3,reg
ldut_subsystem_sbus_coupler_to_port_named_mmio_port_axi4_axi4deint_qs_queue_0_maybe_full,1,reg
ldut_subsystem_sbus_coupler_to_port_named_mmio_port_axi4_axi4deint_qs_queue_1_deq_ptr_value,3,reg
ldut_subsystem_sbus_coupler_to_port_named_mmio_port_axi4_axi4deint_qs_queue_1_enq_ptr_value,3,reg
ldut_subsystem_sbus_coupler_to_port_named_mmio_port_axi4_axi4deint_qs_queue_1_maybe_full,1,reg
ldut_subsystem_sbus_coupler_to_port_named_mmio_port_axi4_axi4deint_qs_queue_2_deq_ptr_value,3,reg
ldut_subsystem_sbus_coupler_to_port_named_mmio_port_axi4_axi4deint_qs_queue_2_enq_ptr_value,3,reg
ldut_subsystem_sbus_coupler_to_port_named_mmio_port_axi4_axi4deint_qs_queue_2_maybe_full,1,reg
ldut_subsystem_sbus_coupler_to_port_named_mmio_port_axi4_axi4deint_qs_queue_3_deq_ptr_value,3,reg
ldut_subsystem_sbus_coupler_to_port_named_mmio_port_axi4_axi4deint_qs_queue_3_enq_ptr_value,3,reg
ldut_subsystem_sbus_coupler_to_port_named_mmio_port_axi4_axi4deint_qs_queue_3_maybe_full,1,reg
ldut_subsystem_sbus_coupler_to_port_named_mmio_port_axi4_axi4deint_qs_queue_4_deq_ptr_value,3,reg
ldut_subsystem_sbus_coupler_to_port_named_mmio_port_axi4_axi4deint_qs_queue_4_enq_ptr_value,3,reg
ldut_subsystem_sbus_coupler_to_port_named_mmio_port_axi4_axi4deint_qs_queue_4_maybe_full,1,reg
ldut_subsystem_sbus_coupler_to_port_named_mmio_port_axi4_axi4deint_qs_queue_5_deq_ptr_value,3,reg
ldut_subsystem_sbus_coupler_to_port_named_mmio_port_axi4_axi4deint_qs_queue_5_enq_ptr_value,3,reg
ldut_subsystem_sbus_coupler_to_port_named_mmio_port_axi4_axi4deint_qs_queue_5_maybe_full,1,reg
ldut_subsystem_sbus_coupler_to_port_named_mmio_port_axi4_axi4deint_qs_queue_6_deq_ptr_value,3,reg
ldut_subsystem_sbus_coupler_to_port_named_mmio_port_axi4_axi4deint_qs_queue_6_enq_ptr_value,3,reg
ldut_subsystem_sbus_coupler_to_port_named_mmio_port_axi4_axi4deint_qs_queue_6_maybe_full,1,reg
ldut_subsystem_sbus_coupler_to_port_named_mmio_port_axi4_axi4deint_qs_queue_7_deq_ptr_value,3,reg
ldut_subsystem_sbus_coupler_to_port_named_mmio_port_axi4_axi4deint_qs_queue_7_enq_ptr_value,3,reg
ldut_subsystem_sbus_coupler_to_port_named_mmio_port_axi4_axi4deint_qs_queue_7_maybe_full,1,reg
ldut_subsystem_sbus_coupler_to_port_named_mmio_port_axi4_axi4deint_qs_queue_8_deq_ptr_value,3,reg
ldut_subsystem_sbus_coupler_to_port_named_mmio_port_axi4_axi4deint_qs_queue_8_enq_ptr_value,3,reg
ldut_subsystem_sbus_coupler_to_port_named_mmio_port_axi4_axi4deint_qs_queue_8_maybe_full,1,reg
ldut_subsystem_sbus_coupler_to_port_named_mmio_port_axi4_axi4yank_QueueCompatibility$$inst_maybe_full,1,reg
ldut_subsystem_sbus_coupler_to_port_named_mmio_port_axi4_axi4yank_QueueCompatibility$$inst_ram__v2_bank_0_0,9,reg
ldut_subsystem_sbus_coupler_to_port_named_mmio_port_axi4_axi4yank_QueueCompatibility_1_maybe_full,1,reg
ldut_subsystem_sbus_coupler_to_port_named_mmio_port_axi4_axi4yank_QueueCompatibility_1_ram__v2_bank_0_0,9,reg
ldut_subsystem_sbus_coupler_to_port_named_mmio_port_axi4_axi4yank_QueueCompatibility_10_maybe_full,1,reg
ldut_subsystem_sbus_coupler_to_port_named_mmio_port_axi4_axi4yank_QueueCompatibility_10_ram__v2_bank_0_0,9,reg
ldut_subsystem_sbus_coupler_to_port_named_mmio_port_axi4_axi4yank_QueueCompatibility_11_deq_ptr_value,3,reg
ldut_subsystem_sbus_coupler_to_port_named_mmio_port_axi4_axi4yank_QueueCompatibility_11_enq_ptr_value,3,reg
ldut_subsystem_sbus_coupler_to_port_named_mmio_port_axi4_axi4yank_QueueCompatibility_11_maybe_full,1,reg
ldut_subsystem_sbus_coupler_to_port_named_mmio_port_axi4_axi4yank_QueueCompatibility_12_deq_ptr_value,3,reg
ldut_subsystem_sbus_coupler_to_port_named_mmio_port_axi4_axi4yank_QueueCompatibility_12_enq_ptr_value,3,reg
ldut_subsystem_sbus_coupler_to_port_named_mmio_port_axi4_axi4yank_QueueCompatibility_12_maybe_full,1,reg
ldut_subsystem_sbus_coupler_to_port_named_mmio_port_axi4_axi4yank_QueueCompatibility_13_maybe_full,1,reg
ldut_subsystem_sbus_coupler_to_port_named_mmio_port_axi4_axi4yank_QueueCompatibility_13_ram__v2_bank_0_0,9,reg
ldut_subsystem_sbus_coupler_to_port_named_mmio_port_axi4_axi4yank_QueueCompatibility_14_maybe_full,1,reg
ldut_subsystem_sbus_coupler_to_port_named_mmio_port_axi4_axi4yank_QueueCompatibility_14_ram__v2_bank_0_0,9,reg
ldut_subsystem_sbus_coupler_to_port_named_mmio_port_axi4_axi4yank_QueueCompatibility_15_maybe_full,1,reg
ldut_subsystem_sbus_coupler_to_port_named_mmio_port_axi4_axi4yank_QueueCompatibility_15_ram__v2_bank_0_0,9,reg
ldut_subsystem_sbus_coupler_to_port_named_mmio_port_axi4_axi4yank_QueueCompatibility_16_maybe_full,1,reg
ldut_subsystem_sbus_coupler_to_port_named_mmio_port_axi4_axi4yank_QueueCompatibility_16_ram__v2_bank_0_0,9,reg
ldut_subsystem_sbus_coupler_to_port_named_mmio_port_axi4_axi4yank_QueueCompatibility_17_maybe_full,1,reg
ldut_subsystem_sbus_coupler_to_port_named_mmio_port_axi4_axi4yank_QueueCompatibility_17_ram__v2_bank_0_0,9,reg
ldut_subsystem_sbus_coupler_to_port_named_mmio_port_axi4_axi4yank_QueueCompatibility_2$$inst_deq_ptr_value,3,reg
ldut_subsystem_sbus_coupler_to_port_named_mmio_port_axi4_axi4yank_QueueCompatibility_2$$inst_enq_ptr_value,3,reg
ldut_subsystem_sbus_coupler_to_port_named_mmio_port_axi4_axi4yank_QueueCompatibility_2$$inst_maybe_full,1,reg
ldut_subsystem_sbus_coupler_to_port_named_mmio_port_axi4_axi4yank_QueueCompatibility_3_deq_ptr_value,3,reg
ldut_subsystem_sbus_coupler_to_port_named_mmio_port_axi4_axi4yank_QueueCompatibility_3_enq_ptr_value,3,reg
ldut_subsystem_sbus_coupler_to_port_named_mmio_port_axi4_axi4yank_QueueCompatibility_3_maybe_full,1,reg
ldut_subsystem_sbus_coupler_to_port_named_mmio_port_axi4_axi4yank_QueueCompatibility_4_maybe_full,1,reg
ldut_subsystem_sbus_coupler_to_port_named_mmio_port_axi4_axi4yank_QueueCompatibility_4_ram__v2_bank_0_0,9,reg
ldut_subsystem_sbus_coupler_to_port_named_mmio_port_axi4_axi4yank_QueueCompatibility_5_maybe_full,1,reg
ldut_subsystem_sbus_coupler_to_port_named_mmio_port_axi4_axi4yank_QueueCompatibility_5_ram__v2_bank_0_0,9,reg
ldut_subsystem_sbus_coupler_to_port_named_mmio_port_axi4_axi4yank_QueueCompatibility_6_maybe_full,1,reg
ldut_subsystem_sbus_coupler_to_port_named_mmio_port_axi4_axi4yank_QueueCompatibility_6_ram__v2_bank_0_0,9,reg
ldut_subsystem_sbus_coupler_to_port_named_mmio_port_axi4_axi4yank_QueueCompatibility_7_maybe_full,1,reg
ldut_subsystem_sbus_coupler_to_port_named_mmio_port_axi4_axi4yank_QueueCompatibility_7_ram__v2_bank_0_0,9,reg
ldut_subsystem_sbus_coupler_to_port_named_mmio_port_axi4_axi4yank_QueueCompatibility_8_maybe_full,1,reg
ldut_subsystem_sbus_coupler_to_port_named_mmio_port_axi4_axi4yank_QueueCompatibility_8_ram__v2_bank_0_0,9,reg
ldut_subsystem_sbus_coupler_to_port_named_mmio_port_axi4_axi4yank_QueueCompatibility_9_maybe_full,1,reg
ldut_subsystem_sbus_coupler_to_port_named_mmio_port_axi4_axi4yank_QueueCompatibility_9_ram__v2_bank_0_0,9,reg
ldut_subsystem_sbus_coupler_to_port_named_mmio_port_axi4_tl2axi4_b_delay,3,reg
ldut_subsystem_sbus_coupler_to_port_named_mmio_port_axi4_tl2axi4_count_1,1,reg
ldut_subsystem_sbus_coupler_to_port_named_mmio_port_axi4_tl2axi4_count_2,1,reg
ldut_subsystem_sbus_coupler_to_port_named_mmio_port_axi4_tl2axi4_count_3,4,reg
ldut_subsystem_sbus_coupler_to_port_named_mmio_port_axi4_tl2axi4_count_4,4,reg
ldut_subsystem_sbus_coupler_to_port_named_mmio_port_axi4_tl2axi4_count_5,1,reg
ldut_subsystem_sbus_coupler_to_port_named_mmio_port_axi4_tl2axi4_count_6,1,reg
ldut_subsystem_sbus_coupler_to_port_named_mmio_port_axi4_tl2axi4_count_7,1,reg
ldut_subsystem_sbus_coupler_to_port_named_mmio_port_axi4_tl2axi4_count_8,1,reg
ldut_subsystem_sbus_coupler_to_port_named_mmio_port_axi4_tl2axi4_count_9,1,reg
ldut_subsystem_sbus_coupler_to_port_named_mmio_port_axi4_tl2axi4_counter,5,reg
ldut_subsystem_sbus_coupler_to_port_named_mmio_port_axi4_tl2axi4_deq_maybe_full,1,reg
ldut_subsystem_sbus_coupler_to_port_named_mmio_port_axi4_tl2axi4_deq_ram__v2_bank_0_0,9,reg
ldut_subsystem_sbus_coupler_to_port_named_mmio_port_axi4_tl2axi4_deq_ram_data,64,reg
ldut_subsystem_sbus_coupler_to_port_named_mmio_port_axi4_tl2axi4_doneAW,1,reg
ldut_subsystem_sbus_coupler_to_port_named_mmio_port_axi4_tl2axi4_queue_arw_deq_maybe_full,1,reg
ldut_subsystem_sbus_coupler_to_port_named_mmio_port_axi4_tl2axi4_queue_arw_deq_ram__v2_bank_0_0,64,reg
ldut_subsystem_sbus_coupler_to_port_named_mmio_port_axi4_tl2axi4_queue_arw_deq_ram__v2_bank_0_1,6,reg
ldut_subsystem_sbus_coupler_to_port_named_mmio_port_axi4_tl2axi4_r_holds_d,1,reg
ldut_subsystem_sbus_coupler_to_port_named_mmio_port_axi4_tl2axi4_write_2,1,reg
ldut_subsystem_sbus_coupler_to_port_named_mmio_port_axi4_tl2axi4_write_3,1,reg
ldut_subsystem_sbus_coupler_to_port_named_mmio_port_axi4_widget_bundleIn_0_d_bits_data_rdata_0,64,reg
ldut_subsystem_sbus_coupler_to_port_named_mmio_port_axi4_widget_bundleIn_0_d_bits_data_rdata_written_once,1,reg
ldut_subsystem_sbus_coupler_to_port_named_mmio_port_axi4_widget_count,1,reg
ldut_subsystem_sbus_coupler_to_port_named_mmio_port_axi4_widget_repeated_repeater_full,1,reg
ldut_subsystem_sbus_coupler_to_port_named_mmio_port_axi4_widget_repeated_repeater_saved_data__w0,64,reg
ldut_subsystem_sbus_coupler_to_port_named_mmio_port_axi4_widget_repeated_repeater_saved_data__w1,64,reg
ldut_subsystem_sbus_coupler_to_port_named_mmio_port_axi4_widget_repeated_repeater_saved_opcode,3,reg
ldut_subsystem_sbus_coupler_to_port_named_mmio_port_axi4_widget_repeated_repeater_saved_size,4,reg
ldut_subsystem_sbus_coupler_to_port_named_mmio_port_axi4_widget_repeated_repeater_saved_source,5,reg
ldut_subsystem_sbus_fixer_a_first_counter,8,reg
ldut_subsystem_sbus_fixer_flight__v2_bank_0_0,16,reg
ldut_subsystem_sbus_fixer_stalls_id,2,reg
ldut_subsystem_sbus_fixer_stalls_id_1,2,reg
ldut_subsystem_sbus_system_bus_xbar_beatsLeft,8,reg
ldut_subsystem_sbus_system_bus_xbar_beatsLeft_1,8,reg
ldut_subsystem_sbus_system_bus_xbar_beatsLeft_2,8,reg
ldut_subsystem_sbus_system_bus_xbar_beatsLeft_3,8,reg
ldut_subsystem_sbus_system_bus_xbar_beatsLeft_4,8,reg
ldut_subsystem_sbus_system_bus_xbar_readys_mask,2,reg
ldut_subsystem_sbus_system_bus_xbar_readys_mask_1,2,reg
ldut_subsystem_sbus_system_bus_xbar_readys_mask_2,2,reg
ldut_subsystem_sbus_system_bus_xbar_readys_mask_3,3,reg
ldut_subsystem_sbus_system_bus_xbar_readys_mask_4,3,reg
ldut_subsystem_sbus_system_bus_xbar_state_4_0,1,reg
ldut_subsystem_sbus_system_bus_xbar_state_4_1,1,reg
ldut_subsystem_sbus_system_bus_xbar_state_4_2,1,reg
ldut_subsystem_sbus_system_bus_xbar_state__0,1,reg
ldut_subsystem_sbus_system_bus_xbar_state__1,1,reg
ldut_tile_prci_domain_buffer_1_bundleIn_0_b_q_maybe_full,1,reg
ldut_tile_prci_domain_buffer_1_bundleIn_0_b_q_value,1,reg
ldut_tile_prci_domain_buffer_1_bundleIn_0_b_q_value_1,1,reg
ldut_tile_prci_domain_buffer_1_bundleIn_0_d_q_maybe_full,1,reg
ldut_tile_prci_domain_buffer_1_bundleIn_0_d_q_value,1,reg
ldut_tile_prci_domain_buffer_1_bundleIn_0_d_q_value_1,1,reg
ldut_tile_prci_domain_buffer_1_bundleOut_0_a_q_maybe_full,1,reg
ldut_tile_prci_domain_buffer_1_bundleOut_0_a_q_value,1,reg
ldut_tile_prci_domain_buffer_1_bundleOut_0_a_q_value_1,1,reg
ldut_tile_prci_domain_buffer_1_bundleOut_0_c_q_maybe_full,1,reg
ldut_tile_prci_domain_buffer_1_bundleOut_0_c_q_value,1,reg
ldut_tile_prci_domain_buffer_1_bundleOut_0_c_q_value_1,1,reg
ldut_tile_prci_domain_buffer_1_bundleOut_0_e_q_maybe_full,1,reg
ldut_tile_prci_domain_buffer_1_bundleOut_0_e_q_value,1,reg
ldut_tile_prci_domain_buffer_1_bundleOut_0_e_q_value_1,1,reg
ldut_tile_prci_domain_intsink_chain_output_chain_sync_0,1,reg
ldut_tile_prci_domain_tile_reset_domain_boom_tile_core_ALUExeUnit$$inst_alu_REG_1_2_br_mask,16,reg
ldut_tile_prci_domain_tile_reset_domain_boom_tile_core_ALUExeUnit$$inst_alu_REG_1_2_bypassable,1,reg
ldut_tile_prci_domain_tile_reset_domain_boom_tile_core_ALUExeUnit$$inst_alu_REG_1_2_dst_rtype,2,reg
ldut_tile_prci_domain_tile_reset_domain_boom_tile_core_ALUExeUnit$$inst_alu_REG_1_2_pdst,7,reg
ldut_tile_prci_domain_tile_reset_domain_boom_tile_core_ALUExeUnit$$inst_alu_REG__2,1,reg
ldut_tile_prci_domain_tile_reset_domain_boom_tile_core_ALUExeUnit$$inst_imul_REG_1_2_br_mask,16,reg
ldut_tile_prci_domain_tile_reset_domain_boom_tile_core_ALUExeUnit$$inst_imul_REG_1_2_bypassable,1,reg
ldut_tile_prci_domain_tile_reset_domain_boom_tile_core_ALUExeUnit$$inst_imul_REG_1_2_dst_rtype,2,reg
ldut_tile_prci_domain_tile_reset_domain_boom_tile_core_ALUExeUnit$$inst_imul_REG_1_2_pdst,7,reg
ldut_tile_prci_domain_tile_reset_domain_boom_tile_core_ALUExeUnit$$inst_imul_REG__2,1,reg
ldut_tile_prci_domain_tile_reset_domain_boom_tile_core_ALUExeUnit$$inst_imul_imul_inPipe_bits_dw,1,reg
ldut_tile_prci_domain_tile_reset_domain_boom_tile_core_ALUExeUnit$$inst_imul_imul_inPipe_bits_fn,4,reg
ldut_tile_prci_domain_tile_reset_domain_boom_tile_core_ALUExeUnit$$inst_imul_imul_inPipe_bits_in1,64,reg
ldut_tile_prci_domain_tile_reset_domain_boom_tile_core_ALUExeUnit$$inst_imul_imul_inPipe_bits_in2,64,reg
ldut_tile_prci_domain_tile_reset_domain_boom_tile_core_REG_1,1,reg
ldut_tile_prci_domain_tile_reset_domain_boom_tile_core_REG_10,1,reg
ldut_tile_prci_domain_tile_reset_domain_boom_tile_core_REG_11,5,reg
ldut_tile_prci_domain_tile_reset_domain_boom_tile_core_REG_12,1,reg
ldut_tile_prci_domain_tile_reset_domain_boom_tile_core_REG_14_bits_addr,39,reg
ldut_tile_prci_domain_tile_reset_domain_boom_tile_core_REG_14_bits_rs1,1,reg
ldut_tile_prci_domain_tile_reset_domain_boom_tile_core_REG_14_bits_rs2,1,reg
ldut_tile_prci_domain_tile_reset_domain_boom_tile_core_REG_14_valid,1,reg
ldut_tile_prci_domain_tile_reset_domain_boom_tile_core_REG_15,1,reg
ldut_tile_prci_domain_tile_reset_domain_boom_tile_core_REG_16,5,reg
ldut_tile_prci_domain_tile_reset_domain_boom_tile_core_REG_18,1,reg
ldut_tile_prci_domain_tile_reset_domain_boom_tile_core_REG_19,5,reg
ldut_tile_prci_domain_tile_reset_domain_boom_tile_core_REG_2,1,reg
ldut_tile_prci_domain_tile_reset_domain_boom_tile_core_REG_20,1,reg
ldut_tile_prci_domain_tile_reset_domain_boom_tile_core_REG_21,10,reg
ldut_tile_prci_domain_tile_reset_domain_boom_tile_core_REG_22,10,reg
ldut_tile_prci_domain_tile_reset_domain_boom_tile_core_REG_24,1,reg
ldut_tile_prci_domain_tile_reset_domain_boom_tile_core_REG_29,64,reg
ldut_tile_prci_domain_tile_reset_domain_boom_tile_core_REG_3,1,reg
ldut_tile_prci_domain_tile_reset_domain_boom_tile_core_REG_31,1,reg
ldut_tile_prci_domain_tile_reset_domain_boom_tile_core_REG_32,1,reg
ldut_tile_prci_domain_tile_reset_domain_boom_tile_core_REG_34,1,reg
ldut_tile_prci_domain_tile_reset_domain_boom_tile_core_REG_35,1,reg
ldut_tile_prci_domain_tile_reset_domain_boom_tile_core_REG_4,1,reg
ldut_tile_prci_domain_tile_reset_domain_boom_tile_core_REG_5,3,reg
ldut_tile_prci_domain_tile_reset_domain_boom_tile_core_REG_7,40,reg
ldut_tile_prci_domain_tile_reset_domain_boom_tile_core_REG_8,6,reg
ldut_tile_prci_domain_tile_reset_domain_boom_tile_core_REG_9,1,reg
ldut_tile_prci_domain_tile_reset_domain_boom_tile_core_b2_cfi_type,3,reg
ldut_tile_prci_domain_tile_reset_domain_boom_tile_core_b2_jalr_target,40,reg
ldut_tile_prci_domain_tile_reset_domain_boom_tile_core_b2_mispredict,1,reg
ldut_tile_prci_domain_tile_reset_domain_boom_tile_core_b2_pc_sel,2,reg
ldut_tile_prci_domain_tile_reset_domain_boom_tile_core_b2_taken,1,reg
ldut_tile_prci_domain_tile_reset_domain_boom_tile_core_b2_target_offset,21,reg
ldut_tile_prci_domain_tile_reset_domain_boom_tile_core_b2_uop_edge_inst,1,reg
ldut_tile_prci_domain_tile_reset_domain_boom_tile_core_b2_uop_ftq_idx,5,reg
ldut_tile_prci_domain_tile_reset_domain_boom_tile_core_b2_uop_is_rvc,1,reg
ldut_tile_prci_domain_tile_reset_domain_boom_tile_core_b2_uop_ldq_idx,5,reg
ldut_tile_prci_domain_tile_reset_domain_boom_tile_core_b2_uop_pc_lob,6,reg
ldut_tile_prci_domain_tile_reset_domain_boom_tile_core_b2_uop_stq_idx,5,reg
ldut_tile_prci_domain_tile_reset_domain_boom_tile_core_brinfos_0_mispredict,1,reg
ldut_tile_prci_domain_tile_reset_domain_boom_tile_core_brinfos_0_uop_br_tag,4,reg
ldut_tile_prci_domain_tile_reset_domain_boom_tile_core_brinfos_0_uop_ftq_idx,5,reg
ldut_tile_prci_domain_tile_reset_domain_boom_tile_core_brinfos_0_uop_rob_idx,7,reg
ldut_tile_prci_domain_tile_reset_domain_boom_tile_core_brinfos_0_valid,1,reg
ldut_tile_prci_domain_tile_reset_domain_boom_tile_core_brinfos_1_mispredict,1,reg
ldut_tile_prci_domain_tile_reset_domain_boom_tile_core_brinfos_1_uop_br_tag,4,reg
ldut_tile_prci_domain_tile_reset_domain_boom_tile_core_brinfos_1_uop_ftq_idx,5,reg
ldut_tile_prci_domain_tile_reset_domain_boom_tile_core_brinfos_1_uop_rob_idx,7,reg
ldut_tile_prci_domain_tile_reset_domain_boom_tile_core_brinfos_1_valid,1,reg
ldut_tile_prci_domain_tile_reset_domain_boom_tile_core_brinfos_2_mispredict,1,reg
ldut_tile_prci_domain_tile_reset_domain_boom_tile_core_brinfos_2_uop_br_tag,4,reg
ldut_tile_prci_domain_tile_reset_domain_boom_tile_core_brinfos_2_uop_ftq_idx,5,reg
ldut_tile_prci_domain_tile_reset_domain_boom_tile_core_brinfos_2_uop_rob_idx,7,reg
ldut_tile_prci_domain_tile_reset_domain_boom_tile_core_brinfos_2_valid,1,reg
ldut_tile_prci_domain_tile_reset_domain_boom_tile_core_csr_io_status_cease_r,1,reg
ldut_tile_prci_domain_tile_reset_domain_boom_tile_core_csr_io_status_dprv_REG,2,reg
ldut_tile_prci_domain_tile_reset_domain_boom_tile_core_csr_reg_custom_0,64,reg
ldut_tile_prci_domain_tile_reset_domain_boom_tile_core_csr_reg_dcsr_ebreakm,1,reg
ldut_tile_prci_domain_tile_reset_domain_boom_tile_core_csr_reg_dcsr_ebreaks,1,reg
ldut_tile_prci_domain_tile_reset_domain_boom_tile_core_csr_reg_dcsr_ebreaku,1,reg
ldut_tile_prci_domain_tile_reset_domain_boom_tile_core_csr_reg_dcsr_prv,2,reg
ldut_tile_prci_domain_tile_reset_domain_boom_tile_core_csr_reg_dcsr_step,1,reg
ldut_tile_prci_domain_tile_reset_domain_boom_tile_core_csr_reg_debug,1,reg
ldut_tile_prci_domain_tile_reset_domain_boom_tile_core_csr_reg_dpc,40,reg
ldut_tile_prci_domain_tile_reset_domain_boom_tile_core_csr_reg_dscratch,64,reg
ldut_tile_prci_domain_tile_reset_domain_boom_tile_core_csr_reg_fflags,5,reg
ldut_tile_prci_domain_tile_reset_domain_boom_tile_core_csr_reg_frm,3,reg
ldut_tile_prci_domain_tile_reset_domain_boom_tile_core_csr_reg_mcause,64,reg
ldut_tile_prci_domain_tile_reset_domain_boom_tile_core_csr_reg_mcounteren,32,reg
ldut_tile_prci_domain_tile_reset_domain_boom_tile_core_csr_reg_mcountinhibit,3,reg
ldut_tile_prci_domain_tile_reset_domain_boom_tile_core_csr_reg_medeleg,64,reg
ldut_tile_prci_domain_tile_reset_domain_boom_tile_core_csr_reg_mepc,40,reg
ldut_tile_prci_domain_tile_reset_domain_boom_tile_core_csr_reg_mideleg,64,reg
ldut_tile_prci_domain_tile_reset_domain_boom_tile_core_csr_reg_mie,64,reg
ldut_tile_prci_domain_tile_reset_domain_boom_tile_core_csr_reg_mip_seip,1,reg
ldut_tile_prci_domain_tile_reset_domain_boom_tile_core_csr_reg_mip_ssip,1,reg
ldut_tile_prci_domain_tile_reset_domain_boom_tile_core_csr_reg_mip_stip,1,reg
ldut_tile_prci_domain_tile_reset_domain_boom_tile_core_csr_reg_mscratch,64,reg
ldut_tile_prci_domain_tile_reset_domain_boom_tile_core_csr_reg_mstatus_fs,2,reg
ldut_tile_prci_domain_tile_reset_domain_boom_tile_core_csr_reg_mstatus_mie,1,reg
ldut_tile_prci_domain_tile_reset_domain_boom_tile_core_csr_reg_mstatus_mpie,1,reg
ldut_tile_prci_domain_tile_reset_domain_boom_tile_core_csr_reg_mstatus_mpp,2,reg
ldut_tile_prci_domain_tile_reset_domain_boom_tile_core_csr_reg_mstatus_mprv,1,reg
ldut_tile_prci_domain_tile_reset_domain_boom_tile_core_csr_reg_mstatus_mxr,1,reg
ldut_tile_prci_domain_tile_reset_domain_boom_tile_core_csr_reg_mstatus_prv,2,reg
ldut_tile_prci_domain_tile_reset_domain_boom_tile_core_csr_reg_mstatus_sie,1,reg
ldut_tile_prci_domain_tile_reset_domain_boom_tile_core_csr_reg_mstatus_spie,1,reg
ldut_tile_prci_domain_tile_reset_domain_boom_tile_core_csr_reg_mstatus_spp,1,reg
ldut_tile_prci_domain_tile_reset_domain_boom_tile_core_csr_reg_mstatus_sum,1,reg
ldut_tile_prci_domain_tile_reset_domain_boom_tile_core_csr_reg_mstatus_tsr,1,reg
ldut_tile_prci_domain_tile_reset_domain_boom_tile_core_csr_reg_mstatus_tvm,1,reg
ldut_tile_prci_domain_tile_reset_domain_boom_tile_core_csr_reg_mstatus_tw,1,reg
ldut_tile_prci_domain_tile_reset_domain_boom_tile_core_csr_reg_mtval,40,reg
ldut_tile_prci_domain_tile_reset_domain_boom_tile_core_csr_reg_mtvec,32,reg
ldut_tile_prci_domain_tile_reset_domain_boom_tile_core_csr_reg_pmp_0_addr,30,reg
ldut_tile_prci_domain_tile_reset_domain_boom_tile_core_csr_reg_pmp_0_cfg_a,2,reg
ldut_tile_prci_domain_tile_reset_domain_boom_tile_core_csr_reg_pmp_0_cfg_l,1,reg
ldut_tile_prci_domain_tile_reset_domain_boom_tile_core_csr_reg_pmp_0_cfg_r,1,reg
ldut_tile_prci_domain_tile_reset_domain_boom_tile_core_csr_reg_pmp_0_cfg_w,1,reg
ldut_tile_prci_domain_tile_reset_domain_boom_tile_core_csr_reg_pmp_0_cfg_x,1,reg
ldut_tile_prci_domain_tile_reset_domain_boom_tile_core_csr_reg_pmp_1_addr,30,reg
ldut_tile_prci_domain_tile_reset_domain_boom_tile_core_csr_reg_pmp_1_cfg_a,2,reg
ldut_tile_prci_domain_tile_reset_domain_boom_tile_core_csr_reg_pmp_1_cfg_l,1,reg
ldut_tile_prci_domain_tile_reset_domain_boom_tile_core_csr_reg_pmp_1_cfg_r,1,reg
ldut_tile_prci_domain_tile_reset_domain_boom_tile_core_csr_reg_pmp_1_cfg_w,1,reg
ldut_tile_prci_domain_tile_reset_domain_boom_tile_core_csr_reg_pmp_1_cfg_x,1,reg
ldut_tile_prci_domain_tile_reset_domain_boom_tile_core_csr_reg_pmp_2_addr,30,reg
ldut_tile_prci_domain_tile_reset_domain_boom_tile_core_csr_reg_pmp_2_cfg_a,2,reg
ldut_tile_prci_domain_tile_reset_domain_boom_tile_core_csr_reg_pmp_2_cfg_l,1,reg
ldut_tile_prci_domain_tile_reset_domain_boom_tile_core_csr_reg_pmp_2_cfg_r,1,reg
ldut_tile_prci_domain_tile_reset_domain_boom_tile_core_csr_reg_pmp_2_cfg_w,1,reg
ldut_tile_prci_domain_tile_reset_domain_boom_tile_core_csr_reg_pmp_2_cfg_x,1,reg
ldut_tile_prci_domain_tile_reset_domain_boom_tile_core_csr_reg_pmp_3_addr,30,reg
ldut_tile_prci_domain_tile_reset_domain_boom_tile_core_csr_reg_pmp_3_cfg_a,2,reg
ldut_tile_prci_domain_tile_reset_domain_boom_tile_core_csr_reg_pmp_3_cfg_l,1,reg
ldut_tile_prci_domain_tile_reset_domain_boom_tile_core_csr_reg_pmp_3_cfg_r,1,reg
ldut_tile_prci_domain_tile_reset_domain_boom_tile_core_csr_reg_pmp_3_cfg_w,1,reg
ldut_tile_prci_domain_tile_reset_domain_boom_tile_core_csr_reg_pmp_3_cfg_x,1,reg
ldut_tile_prci_domain_tile_reset_domain_boom_tile_core_csr_reg_pmp_4_addr,30,reg
ldut_tile_prci_domain_tile_reset_domain_boom_tile_core_csr_reg_pmp_4_cfg_a,2,reg
ldut_tile_prci_domain_tile_reset_domain_boom_tile_core_csr_reg_pmp_4_cfg_l,1,reg
ldut_tile_prci_domain_tile_reset_domain_boom_tile_core_csr_reg_pmp_4_cfg_r,1,reg
ldut_tile_prci_domain_tile_reset_domain_boom_tile_core_csr_reg_pmp_4_cfg_w,1,reg
ldut_tile_prci_domain_tile_reset_domain_boom_tile_core_csr_reg_pmp_4_cfg_x,1,reg
ldut_tile_prci_domain_tile_reset_domain_boom_tile_core_csr_reg_pmp_5_addr,30,reg
ldut_tile_prci_domain_tile_reset_domain_boom_tile_core_csr_reg_pmp_5_cfg_a,2,reg
ldut_tile_prci_domain_tile_reset_domain_boom_tile_core_csr_reg_pmp_5_cfg_l,1,reg
ldut_tile_prci_domain_tile_reset_domain_boom_tile_core_csr_reg_pmp_5_cfg_r,1,reg
ldut_tile_prci_domain_tile_reset_domain_boom_tile_core_csr_reg_pmp_5_cfg_w,1,reg
ldut_tile_prci_domain_tile_reset_domain_boom_tile_core_csr_reg_pmp_5_cfg_x,1,reg
ldut_tile_prci_domain_tile_reset_domain_boom_tile_core_csr_reg_pmp_6_addr,30,reg
ldut_tile_prci_domain_tile_reset_domain_boom_tile_core_csr_reg_pmp_6_cfg_a,2,reg
ldut_tile_prci_domain_tile_reset_domain_boom_tile_core_csr_reg_pmp_6_cfg_l,1,reg
ldut_tile_prci_domain_tile_reset_domain_boom_tile_core_csr_reg_pmp_6_cfg_r,1,reg
ldut_tile_prci_domain_tile_reset_domain_boom_tile_core_csr_reg_pmp_6_cfg_w,1,reg
ldut_tile_prci_domain_tile_reset_domain_boom_tile_core_csr_reg_pmp_6_cfg_x,1,reg
ldut_tile_prci_domain_tile_reset_domain_boom_tile_core_csr_reg_pmp_7_addr,30,reg
ldut_tile_prci_domain_tile_reset_domain_boom_tile_core_csr_reg_pmp_7_cfg_a,2,reg
ldut_tile_prci_domain_tile_reset_domain_boom_tile_core_csr_reg_pmp_7_cfg_l,1,reg
ldut_tile_prci_domain_tile_reset_domain_boom_tile_core_csr_reg_pmp_7_cfg_r,1,reg
ldut_tile_prci_domain_tile_reset_domain_boom_tile_core_csr_reg_pmp_7_cfg_w,1,reg
ldut_tile_prci_domain_tile_reset_domain_boom_tile_core_csr_reg_pmp_7_cfg_x,1,reg
ldut_tile_prci_domain_tile_reset_domain_boom_tile_core_csr_reg_satp_mode,4,reg
ldut_tile_prci_domain_tile_reset_domain_boom_tile_core_csr_reg_satp_ppn,44,reg
ldut_tile_prci_domain_tile_reset_domain_boom_tile_core_csr_reg_scause,64,reg
ldut_tile_prci_domain_tile_reset_domain_boom_tile_core_csr_reg_scounteren,32,reg
ldut_tile_prci_domain_tile_reset_domain_boom_tile_core_csr_reg_sepc,40,reg
ldut_tile_prci_domain_tile_reset_domain_boom_tile_core_csr_reg_singleStepped,1,reg
ldut_tile_prci_domain_tile_reset_domain_boom_tile_core_csr_reg_sscratch,64,reg
ldut_tile_prci_domain_tile_reset_domain_boom_tile_core_csr_reg_stval,40,reg
ldut_tile_prci_domain_tile_reset_domain_boom_tile_core_csr_reg_stvec,39,reg
ldut_tile_prci_domain_tile_reset_domain_boom_tile_core_csr_reg_wfi,1,reg
ldut_tile_prci_domain_tile_reset_domain_boom_tile_core_csr_value_hi,58,reg
ldut_tile_prci_domain_tile_reset_domain_boom_tile_core_csr_value_hi_1,58,reg
ldut_tile_prci_domain_tile_reset_domain_boom_tile_core_csr_value_lo,6,reg
ldut_tile_prci_domain_tile_reset_domain_boom_tile_core_csr_value_lo_1,6,reg
ldut_tile_prci_domain_tile_reset_domain_boom_tile_core_csr_exe_unit_BranchKillableQueue$$inst_maybe_full,1,reg
ldut_tile_prci_domain_tile_reset_domain_boom_tile_core_csr_exe_unit_BranchKillableQueue$$inst_uops_4_br_mask,16,reg
ldut_tile_prci_domain_tile_reset_domain_boom_tile_core_csr_exe_unit_BranchKillableQueue$$inst_uops__v2_bank_0_0,64,reg
ldut_tile_prci_domain_tile_reset_domain_boom_tile_core_csr_exe_unit_BranchKillableQueue$$inst_uops__v2_bank_1_0,16,reg
ldut_tile_prci_domain_tile_reset_domain_boom_tile_core_csr_exe_unit_BranchKillableQueue$$inst_uops__v2_bank_2_0,16,reg
ldut_tile_prci_domain_tile_reset_domain_boom_tile_core_csr_exe_unit_BranchKillableQueue$$inst_uops__v2_bank_3_0,16,reg
ldut_tile_prci_domain_tile_reset_domain_boom_tile_core_csr_exe_unit_BranchKillableQueue$$inst_uops__v2_bank_4_0,16,reg
ldut_tile_prci_domain_tile_reset_domain_boom_tile_core_csr_exe_unit_BranchKillableQueue$$inst_uops__v2_bank_5_0,16,reg
ldut_tile_prci_domain_tile_reset_domain_boom_tile_core_csr_exe_unit_BranchKillableQueue$$inst_valids__v2_bank_0_0,5,reg
ldut_tile_prci_domain_tile_reset_domain_boom_tile_core_csr_exe_unit_BranchKillableQueue$$inst_value,3,reg
ldut_tile_prci_domain_tile_reset_domain_boom_tile_core_csr_exe_unit_BranchKillableQueue$$inst_value_1,3,reg
ldut_tile_prci_domain_tile_reset_domain_boom_tile_core_csr_exe_unit_alu_REG_0,1,reg
ldut_tile_prci_domain_tile_reset_domain_boom_tile_core_csr_exe_unit_alu_REG_1_0_br_mask,16,reg
ldut_tile_prci_domain_tile_reset_domain_boom_tile_core_csr_exe_unit_alu_REG_1_0_bypassable,1,reg
ldut_tile_prci_domain_tile_reset_domain_boom_tile_core_csr_exe_unit_alu_REG_1_0_ctrl_csr_cmd,3,reg
ldut_tile_prci_domain_tile_reset_domain_boom_tile_core_csr_exe_unit_alu_REG_1_0_dst_rtype,2,reg
ldut_tile_prci_domain_tile_reset_domain_boom_tile_core_csr_exe_unit_alu_REG_1_0_imm_packed,20,reg
ldut_tile_prci_domain_tile_reset_domain_boom_tile_core_csr_exe_unit_alu_REG_1_0_pdst,7,reg
ldut_tile_prci_domain_tile_reset_domain_boom_tile_core_csr_exe_unit_alu_r_data_0,64,reg
ldut_tile_prci_domain_tile_reset_domain_boom_tile_core_csr_exe_unit_ifpu_REG_1_1_br_mask,16,reg
ldut_tile_prci_domain_tile_reset_domain_boom_tile_core_csr_exe_unit_ifpu_REG_1_1_dst_rtype,2,reg
ldut_tile_prci_domain_tile_reset_domain_boom_tile_core_csr_exe_unit_ifpu_REG_1_1_pdst,7,reg
ldut_tile_prci_domain_tile_reset_domain_boom_tile_core_csr_exe_unit_ifpu_REG__1,1,reg
ldut_tile_prci_domain_tile_reset_domain_boom_tile_core_csr_exe_unit_ifpu_ifpu_inPipe_bits_in1,64,reg
ldut_tile_prci_domain_tile_reset_domain_boom_tile_core_csr_exe_unit_ifpu_ifpu_inPipe_bits_rm,3,reg
ldut_tile_prci_domain_tile_reset_domain_boom_tile_core_csr_exe_unit_ifpu_ifpu_inPipe_bits_typ,2,reg
ldut_tile_prci_domain_tile_reset_domain_boom_tile_core_csr_exe_unit_ifpu_ifpu_inPipe_bits_typeTagIn,2,reg
ldut_tile_prci_domain_tile_reset_domain_boom_tile_core_csr_exe_unit_ifpu_ifpu_inPipe_bits_wflags,1,reg
ldut_tile_prci_domain_tile_reset_domain_boom_tile_core_csr_exe_unit_ifpu_ifpu_io_out_b_data__w0,64,reg
ldut_tile_prci_domain_tile_reset_domain_boom_tile_core_csr_exe_unit_ifpu_ifpu_io_out_b_data__w1,1,reg
ldut_tile_prci_domain_tile_reset_domain_boom_tile_core_csr_exe_unit_ifpu_outPipe_bits,1,reg
ldut_tile_prci_domain_tile_reset_domain_boom_tile_core_dec_brmask_logic_branch_mask,16,reg
ldut_tile_prci_domain_tile_reset_domain_boom_tile_core_dec_finished_mask,3,reg
ldut_tile_prci_domain_tile_reset_domain_boom_tile_core_fp_pipeline_fp_issue_unit_REG,1,reg
ldut_tile_prci_domain_tile_reset_domain_boom_tile_core_fp_pipeline_fp_issue_unit_REG_1,1,reg
ldut_tile_prci_domain_tile_reset_domain_boom_tile_core_fp_pipeline_fp_issue_unit_REG_2,1,reg
ldut_tile_prci_domain_tile_reset_domain_boom_tile_core_fp_pipeline_fp_issue_unit_slots_0_p1,1,reg
ldut_tile_prci_domain_tile_reset_domain_boom_tile_core_fp_pipeline_fp_issue_unit_slots_0_p2,1,reg
ldut_tile_prci_domain_tile_reset_domain_boom_tile_core_fp_pipeline_fp_issue_unit_slots_0_p3,1,reg
ldut_tile_prci_domain_tile_reset_domain_boom_tile_core_fp_pipeline_fp_issue_unit_slots_0_ppred,1,reg
ldut_tile_prci_domain_tile_reset_domain_boom_tile_core_fp_pipeline_fp_issue_unit_slots_0_slot_uop__v2_bank_0_0,63,reg
ldut_tile_prci_domain_tile_reset_domain_boom_tile_core_fp_pipeline_fp_issue_unit_slots_0_slot_uop__v2_bank_0_1,6,reg
ldut_tile_prci_domain_tile_reset_domain_boom_tile_core_fp_pipeline_fp_issue_unit_slots_0_slot_uop__v2_bank_1_0,10,reg
ldut_tile_prci_domain_tile_reset_domain_boom_tile_core_fp_pipeline_fp_issue_unit_slots_0_slot_uop__v2_bank_2_0,23,reg
ldut_tile_prci_domain_tile_reset_domain_boom_tile_core_fp_pipeline_fp_issue_unit_slots_0_state,2,reg
ldut_tile_prci_domain_tile_reset_domain_boom_tile_core_fp_pipeline_fp_issue_unit_slots_1_p1,1,reg
ldut_tile_prci_domain_tile_reset_domain_boom_tile_core_fp_pipeline_fp_issue_unit_slots_1_p2,1,reg
ldut_tile_prci_domain_tile_reset_domain_boom_tile_core_fp_pipeline_fp_issue_unit_slots_1_p3,1,reg
ldut_tile_prci_domain_tile_reset_domain_boom_tile_core_fp_pipeline_fp_issue_unit_slots_1_ppred,1,reg
ldut_tile_prci_domain_tile_reset_domain_boom_tile_core_fp_pipeline_fp_issue_unit_slots_1_slot_uop__v2_bank_0_0,63,reg
ldut_tile_prci_domain_tile_reset_domain_boom_tile_core_fp_pipeline_fp_issue_unit_slots_1_slot_uop__v2_bank_0_1,6,reg
ldut_tile_prci_domain_tile_reset_domain_boom_tile_core_fp_pipeline_fp_issue_unit_slots_1_slot_uop__v2_bank_1_0,10,reg
ldut_tile_prci_domain_tile_reset_domain_boom_tile_core_fp_pipeline_fp_issue_unit_slots_1_slot_uop__v2_bank_2_0,23,reg
ldut_tile_prci_domain_tile_reset_domain_boom_tile_core_fp_pipeline_fp_issue_unit_slots_1_state,2,reg
ldut_tile_prci_domain_tile_reset_domain_boom_tile_core_fp_pipeline_fp_issue_unit_slots_10_p1,1,reg
ldut_tile_prci_domain_tile_reset_domain_boom_tile_core_fp_pipeline_fp_issue_unit_slots_10_p2,1,reg
ldut_tile_prci_domain_tile_reset_domain_boom_tile_core_fp_pipeline_fp_issue_unit_slots_10_p3,1,reg
ldut_tile_prci_domain_tile_reset_domain_boom_tile_core_fp_pipeline_fp_issue_unit_slots_10_ppred,1,reg
ldut_tile_prci_domain_tile_reset_domain_boom_tile_core_fp_pipeline_fp_issue_unit_slots_10_slot_uop__v2_bank_0_0,63,reg
ldut_tile_prci_domain_tile_reset_domain_boom_tile_core_fp_pipeline_fp_issue_unit_slots_10_slot_uop__v2_bank_0_1,6,reg
ldut_tile_prci_domain_tile_reset_domain_boom_tile_core_fp_pipeline_fp_issue_unit_slots_10_slot_uop__v2_bank_1_0,10,reg
ldut_tile_prci_domain_tile_reset_domain_boom_tile_core_fp_pipeline_fp_issue_unit_slots_10_slot_uop__v2_bank_2_0,23,reg
ldut_tile_prci_domain_tile_reset_domain_boom_tile_core_fp_pipeline_fp_issue_unit_slots_10_state,2,reg
ldut_tile_prci_domain_tile_reset_domain_boom_tile_core_fp_pipeline_fp_issue_unit_slots_11_p1,1,reg
ldut_tile_prci_domain_tile_reset_domain_boom_tile_core_fp_pipeline_fp_issue_unit_slots_11_p2,1,reg
ldut_tile_prci_domain_tile_reset_domain_boom_tile_core_fp_pipeline_fp_issue_unit_slots_11_p3,1,reg
ldut_tile_prci_domain_tile_reset_domain_boom_tile_core_fp_pipeline_fp_issue_unit_slots_11_ppred,1,reg
ldut_tile_prci_domain_tile_reset_domain_boom_tile_core_fp_pipeline_fp_issue_unit_slots_11_slot_uop__v2_bank_0_0,63,reg
ldut_tile_prci_domain_tile_reset_domain_boom_tile_core_fp_pipeline_fp_issue_unit_slots_11_slot_uop__v2_bank_0_1,6,reg
ldut_tile_prci_domain_tile_reset_domain_boom_tile_core_fp_pipeline_fp_issue_unit_slots_11_slot_uop__v2_bank_1_0,10,reg
ldut_tile_prci_domain_tile_reset_domain_boom_tile_core_fp_pipeline_fp_issue_unit_slots_11_slot_uop__v2_bank_2_0,23,reg
ldut_tile_prci_domain_tile_reset_domain_boom_tile_core_fp_pipeline_fp_issue_unit_slots_11_state,2,reg
ldut_tile_prci_domain_tile_reset_domain_boom_tile_core_fp_pipeline_fp_issue_unit_slots_12_p1,1,reg
ldut_tile_prci_domain_tile_reset_domain_boom_tile_core_fp_pipeline_fp_issue_unit_slots_12_p2,1,reg
ldut_tile_prci_domain_tile_reset_domain_boom_tile_core_fp_pipeline_fp_issue_unit_slots_12_p3,1,reg
ldut_tile_prci_domain_tile_reset_domain_boom_tile_core_fp_pipeline_fp_issue_unit_slots_12_ppred,1,reg
ldut_tile_prci_domain_tile_reset_domain_boom_tile_core_fp_pipeline_fp_issue_unit_slots_12_slot_uop__v2_bank_0_0,63,reg
ldut_tile_prci_domain_tile_reset_domain_boom_tile_core_fp_pipeline_fp_issue_unit_slots_12_slot_uop__v2_bank_0_1,6,reg
ldut_tile_prci_domain_tile_reset_domain_boom_tile_core_fp_pipeline_fp_issue_unit_slots_12_slot_uop__v2_bank_1_0,10,reg
ldut_tile_prci_domain_tile_reset_domain_boom_tile_core_fp_pipeline_fp_issue_unit_slots_12_slot_uop__v2_bank_2_0,23,reg
ldut_tile_prci_domain_tile_reset_domain_boom_tile_core_fp_pipeline_fp_issue_unit_slots_12_state,2,reg
ldut_tile_prci_domain_tile_reset_domain_boom_tile_core_fp_pipeline_fp_issue_unit_slots_13_p1,1,reg
ldut_tile_prci_domain_tile_reset_domain_boom_tile_core_fp_pipeline_fp_issue_unit_slots_13_p2,1,reg
ldut_tile_prci_domain_tile_reset_domain_boom_tile_core_fp_pipeline_fp_issue_unit_slots_13_p3,1,reg
ldut_tile_prci_domain_tile_reset_domain_boom_tile_core_fp_pipeline_fp_issue_unit_slots_13_ppred,1,reg
ldut_tile_prci_domain_tile_reset_domain_boom_tile_core_fp_pipeline_fp_issue_unit_slots_13_slot_uop__v2_bank_0_0,63,reg
ldut_tile_prci_domain_tile_reset_domain_boom_tile_core_fp_pipeline_fp_issue_unit_slots_13_slot_uop__v2_bank_0_1,6,reg
ldut_tile_prci_domain_tile_reset_domain_boom_tile_core_fp_pipeline_fp_issue_unit_slots_13_slot_uop__v2_bank_1_0,10,reg
ldut_tile_prci_domain_tile_reset_domain_boom_tile_core_fp_pipeline_fp_issue_unit_slots_13_slot_uop__v2_bank_2_0,23,reg
ldut_tile_prci_domain_tile_reset_domain_boom_tile_core_fp_pipeline_fp_issue_unit_slots_13_state,2,reg
ldut_tile_prci_domain_tile_reset_domain_boom_tile_core_fp_pipeline_fp_issue_unit_slots_14_p1,1,reg
ldut_tile_prci_domain_tile_reset_domain_boom_tile_core_fp_pipeline_fp_issue_unit_slots_14_p2,1,reg
ldut_tile_prci_domain_tile_reset_domain_boom_tile_core_fp_pipeline_fp_issue_unit_slots_14_p3,1,reg
ldut_tile_prci_domain_tile_reset_domain_boom_tile_core_fp_pipeline_fp_issue_unit_slots_14_ppred,1,reg
ldut_tile_prci_domain_tile_reset_domain_boom_tile_core_fp_pipeline_fp_issue_unit_slots_14_slot_uop__v2_bank_0_0,63,reg
ldut_tile_prci_domain_tile_reset_domain_boom_tile_core_fp_pipeline_fp_issue_unit_slots_14_slot_uop__v2_bank_0_1,6,reg
ldut_tile_prci_domain_tile_reset_domain_boom_tile_core_fp_pipeline_fp_issue_unit_slots_14_slot_uop__v2_bank_1_0,10,reg
ldut_tile_prci_domain_tile_reset_domain_boom_tile_core_fp_pipeline_fp_issue_unit_slots_14_slot_uop__v2_bank_2_0,23,reg
ldut_tile_prci_domain_tile_reset_domain_boom_tile_core_fp_pipeline_fp_issue_unit_slots_14_state,2,reg
ldut_tile_prci_domain_tile_reset_domain_boom_tile_core_fp_pipeline_fp_issue_unit_slots_15_p1,1,reg
ldut_tile_prci_domain_tile_reset_domain_boom_tile_core_fp_pipeline_fp_issue_unit_slots_15_p2,1,reg
ldut_tile_prci_domain_tile_reset_domain_boom_tile_core_fp_pipeline_fp_issue_unit_slots_15_p3,1,reg
ldut_tile_prci_domain_tile_reset_domain_boom_tile_core_fp_pipeline_fp_issue_unit_slots_15_ppred,1,reg
ldut_tile_prci_domain_tile_reset_domain_boom_tile_core_fp_pipeline_fp_issue_unit_slots_15_slot_uop__v2_bank_0_0,63,reg
ldut_tile_prci_domain_tile_reset_domain_boom_tile_core_fp_pipeline_fp_issue_unit_slots_15_slot_uop__v2_bank_0_1,6,reg
ldut_tile_prci_domain_tile_reset_domain_boom_tile_core_fp_pipeline_fp_issue_unit_slots_15_slot_uop__v2_bank_1_0,10,reg
ldut_tile_prci_domain_tile_reset_domain_boom_tile_core_fp_pipeline_fp_issue_unit_slots_15_slot_uop__v2_bank_2_0,23,reg
ldut_tile_prci_domain_tile_reset_domain_boom_tile_core_fp_pipeline_fp_issue_unit_slots_15_state,2,reg
ldut_tile_prci_domain_tile_reset_domain_boom_tile_core_fp_pipeline_fp_issue_unit_slots_16_p1,1,reg
ldut_tile_prci_domain_tile_reset_domain_boom_tile_core_fp_pipeline_fp_issue_unit_slots_16_p2,1,reg
ldut_tile_prci_domain_tile_reset_domain_boom_tile_core_fp_pipeline_fp_issue_unit_slots_16_p3,1,reg
ldut_tile_prci_domain_tile_reset_domain_boom_tile_core_fp_pipeline_fp_issue_unit_slots_16_ppred,1,reg
ldut_tile_prci_domain_tile_reset_domain_boom_tile_core_fp_pipeline_fp_issue_unit_slots_16_slot_uop__v2_bank_0_0,63,reg
ldut_tile_prci_domain_tile_reset_domain_boom_tile_core_fp_pipeline_fp_issue_unit_slots_16_slot_uop__v2_bank_0_1,6,reg
ldut_tile_prci_domain_tile_reset_domain_boom_tile_core_fp_pipeline_fp_issue_unit_slots_16_slot_uop__v2_bank_1_0,10,reg
ldut_tile_prci_domain_tile_reset_domain_boom_tile_core_fp_pipeline_fp_issue_unit_slots_16_slot_uop__v2_bank_2_0,23,reg
ldut_tile_prci_domain_tile_reset_domain_boom_tile_core_fp_pipeline_fp_issue_unit_slots_16_state,2,reg
ldut_tile_prci_domain_tile_reset_domain_boom_tile_core_fp_pipeline_fp_issue_unit_slots_17_p1,1,reg
ldut_tile_prci_domain_tile_reset_domain_boom_tile_core_fp_pipeline_fp_issue_unit_slots_17_p2,1,reg
ldut_tile_prci_domain_tile_reset_domain_boom_tile_core_fp_pipeline_fp_issue_unit_slots_17_p3,1,reg
ldut_tile_prci_domain_tile_reset_domain_boom_tile_core_fp_pipeline_fp_issue_unit_slots_17_ppred,1,reg
ldut_tile_prci_domain_tile_reset_domain_boom_tile_core_fp_pipeline_fp_issue_unit_slots_17_slot_uop__v2_bank_0_0,63,reg
ldut_tile_prci_domain_tile_reset_domain_boom_tile_core_fp_pipeline_fp_issue_unit_slots_17_slot_uop__v2_bank_0_1,6,reg
ldut_tile_prci_domain_tile_reset_domain_boom_tile_core_fp_pipeline_fp_issue_unit_slots_17_slot_uop__v2_bank_1_0,10,reg
ldut_tile_prci_domain_tile_reset_domain_boom_tile_core_fp_pipeline_fp_issue_unit_slots_17_slot_uop__v2_bank_2_0,23,reg
ldut_tile_prci_domain_tile_reset_domain_boom_tile_core_fp_pipeline_fp_issue_unit_slots_17_state,2,reg
ldut_tile_prci_domain_tile_reset_domain_boom_tile_core_fp_pipeline_fp_issue_unit_slots_18_p1,1,reg
ldut_tile_prci_domain_tile_reset_domain_boom_tile_core_fp_pipeline_fp_issue_unit_slots_18_p2,1,reg
ldut_tile_prci_domain_tile_reset_domain_boom_tile_core_fp_pipeline_fp_issue_unit_slots_18_p3,1,reg
ldut_tile_prci_domain_tile_reset_domain_boom_tile_core_fp_pipeline_fp_issue_unit_slots_18_ppred,1,reg
ldut_tile_prci_domain_tile_reset_domain_boom_tile_core_fp_pipeline_fp_issue_unit_slots_18_slot_uop__v2_bank_0_0,63,reg
ldut_tile_prci_domain_tile_reset_domain_boom_tile_core_fp_pipeline_fp_issue_unit_slots_18_slot_uop__v2_bank_0_1,6,reg
ldut_tile_prci_domain_tile_reset_domain_boom_tile_core_fp_pipeline_fp_issue_unit_slots_18_slot_uop__v2_bank_1_0,10,reg
ldut_tile_prci_domain_tile_reset_domain_boom_tile_core_fp_pipeline_fp_issue_unit_slots_18_slot_uop__v2_bank_2_0,23,reg
ldut_tile_prci_domain_tile_reset_domain_boom_tile_core_fp_pipeline_fp_issue_unit_slots_18_state,2,reg
ldut_tile_prci_domain_tile_reset_domain_boom_tile_core_fp_pipeline_fp_issue_unit_slots_19_p1,1,reg
ldut_tile_prci_domain_tile_reset_domain_boom_tile_core_fp_pipeline_fp_issue_unit_slots_19_p2,1,reg
ldut_tile_prci_domain_tile_reset_domain_boom_tile_core_fp_pipeline_fp_issue_unit_slots_19_p3,1,reg
ldut_tile_prci_domain_tile_reset_domain_boom_tile_core_fp_pipeline_fp_issue_unit_slots_19_ppred,1,reg
ldut_tile_prci_domain_tile_reset_domain_boom_tile_core_fp_pipeline_fp_issue_unit_slots_19_slot_uop__v2_bank_0_0,63,reg
ldut_tile_prci_domain_tile_reset_domain_boom_tile_core_fp_pipeline_fp_issue_unit_slots_19_slot_uop__v2_bank_0_1,6,reg
ldut_tile_prci_domain_tile_reset_domain_boom_tile_core_fp_pipeline_fp_issue_unit_slots_19_slot_uop__v2_bank_1_0,10,reg
ldut_tile_prci_domain_tile_reset_domain_boom_tile_core_fp_pipeline_fp_issue_unit_slots_19_slot_uop__v2_bank_2_0,23,reg
ldut_tile_prci_domain_tile_reset_domain_boom_tile_core_fp_pipeline_fp_issue_unit_slots_19_state,2,reg
ldut_tile_prci_domain_tile_reset_domain_boom_tile_core_fp_pipeline_fp_issue_unit_slots_2_p1,1,reg
ldut_tile_prci_domain_tile_reset_domain_boom_tile_core_fp_pipeline_fp_issue_unit_slots_2_p2,1,reg
ldut_tile_prci_domain_tile_reset_domain_boom_tile_core_fp_pipeline_fp_issue_unit_slots_2_p3,1,reg
ldut_tile_prci_domain_tile_reset_domain_boom_tile_core_fp_pipeline_fp_issue_unit_slots_2_ppred,1,reg
ldut_tile_prci_domain_tile_reset_domain_boom_tile_core_fp_pipeline_fp_issue_unit_slots_2_slot_uop__v2_bank_0_0,63,reg
ldut_tile_prci_domain_tile_reset_domain_boom_tile_core_fp_pipeline_fp_issue_unit_slots_2_slot_uop__v2_bank_0_1,6,reg
ldut_tile_prci_domain_tile_reset_domain_boom_tile_core_fp_pipeline_fp_issue_unit_slots_2_slot_uop__v2_bank_1_0,10,reg
ldut_tile_prci_domain_tile_reset_domain_boom_tile_core_fp_pipeline_fp_issue_unit_slots_2_slot_uop__v2_bank_2_0,23,reg
ldut_tile_prci_domain_tile_reset_domain_boom_tile_core_fp_pipeline_fp_issue_unit_slots_2_state,2,reg
ldut_tile_prci_domain_tile_reset_domain_boom_tile_core_fp_pipeline_fp_issue_unit_slots_20_p1,1,reg
ldut_tile_prci_domain_tile_reset_domain_boom_tile_core_fp_pipeline_fp_issue_unit_slots_20_p2,1,reg
ldut_tile_prci_domain_tile_reset_domain_boom_tile_core_fp_pipeline_fp_issue_unit_slots_20_p3,1,reg
ldut_tile_prci_domain_tile_reset_domain_boom_tile_core_fp_pipeline_fp_issue_unit_slots_20_ppred,1,reg
ldut_tile_prci_domain_tile_reset_domain_boom_tile_core_fp_pipeline_fp_issue_unit_slots_20_slot_uop__v2_bank_0_0,63,reg
ldut_tile_prci_domain_tile_reset_domain_boom_tile_core_fp_pipeline_fp_issue_unit_slots_20_slot_uop__v2_bank_0_1,6,reg
ldut_tile_prci_domain_tile_reset_domain_boom_tile_core_fp_pipeline_fp_issue_unit_slots_20_slot_uop__v2_bank_1_0,10,reg
ldut_tile_prci_domain_tile_reset_domain_boom_tile_core_fp_pipeline_fp_issue_unit_slots_20_slot_uop__v2_bank_2_0,23,reg
ldut_tile_prci_domain_tile_reset_domain_boom_tile_core_fp_pipeline_fp_issue_unit_slots_20_state,2,reg
ldut_tile_prci_domain_tile_reset_domain_boom_tile_core_fp_pipeline_fp_issue_unit_slots_21_p1,1,reg
ldut_tile_prci_domain_tile_reset_domain_boom_tile_core_fp_pipeline_fp_issue_unit_slots_21_p2,1,reg
ldut_tile_prci_domain_tile_reset_domain_boom_tile_core_fp_pipeline_fp_issue_unit_slots_21_p3,1,reg
ldut_tile_prci_domain_tile_reset_domain_boom_tile_core_fp_pipeline_fp_issue_unit_slots_21_ppred,1,reg
ldut_tile_prci_domain_tile_reset_domain_boom_tile_core_fp_pipeline_fp_issue_unit_slots_21_slot_uop__v2_bank_0_0,63,reg
ldut_tile_prci_domain_tile_reset_domain_boom_tile_core_fp_pipeline_fp_issue_unit_slots_21_slot_uop__v2_bank_0_1,6,reg
ldut_tile_prci_domain_tile_reset_domain_boom_tile_core_fp_pipeline_fp_issue_unit_slots_21_slot_uop__v2_bank_1_0,10,reg
ldut_tile_prci_domain_tile_reset_domain_boom_tile_core_fp_pipeline_fp_issue_unit_slots_21_slot_uop__v2_bank_2_0,23,reg
ldut_tile_prci_domain_tile_reset_domain_boom_tile_core_fp_pipeline_fp_issue_unit_slots_21_state,2,reg
ldut_tile_prci_domain_tile_reset_domain_boom_tile_core_fp_pipeline_fp_issue_unit_slots_22_p1,1,reg
ldut_tile_prci_domain_tile_reset_domain_boom_tile_core_fp_pipeline_fp_issue_unit_slots_22_p2,1,reg
ldut_tile_prci_domain_tile_reset_domain_boom_tile_core_fp_pipeline_fp_issue_unit_slots_22_p3,1,reg
ldut_tile_prci_domain_tile_reset_domain_boom_tile_core_fp_pipeline_fp_issue_unit_slots_22_ppred,1,reg
ldut_tile_prci_domain_tile_reset_domain_boom_tile_core_fp_pipeline_fp_issue_unit_slots_22_slot_uop__v2_bank_0_0,63,reg
ldut_tile_prci_domain_tile_reset_domain_boom_tile_core_fp_pipeline_fp_issue_unit_slots_22_slot_uop__v2_bank_0_1,6,reg
ldut_tile_prci_domain_tile_reset_domain_boom_tile_core_fp_pipeline_fp_issue_unit_slots_22_slot_uop__v2_bank_1_0,10,reg
ldut_tile_prci_domain_tile_reset_domain_boom_tile_core_fp_pipeline_fp_issue_unit_slots_22_slot_uop__v2_bank_2_0,23,reg
ldut_tile_prci_domain_tile_reset_domain_boom_tile_core_fp_pipeline_fp_issue_unit_slots_22_state,2,reg
ldut_tile_prci_domain_tile_reset_domain_boom_tile_core_fp_pipeline_fp_issue_unit_slots_23_slot_uop__v2_bank_0_0,63,reg
ldut_tile_prci_domain_tile_reset_domain_boom_tile_core_fp_pipeline_fp_issue_unit_slots_23_slot_uop__v2_bank_0_1,6,reg
ldut_tile_prci_domain_tile_reset_domain_boom_tile_core_fp_pipeline_fp_issue_unit_slots_23_slot_uop__v2_bank_1_0,10,reg
ldut_tile_prci_domain_tile_reset_domain_boom_tile_core_fp_pipeline_fp_issue_unit_slots_23_slot_uop__v2_bank_2_0,23,reg
ldut_tile_prci_domain_tile_reset_domain_boom_tile_core_fp_pipeline_fp_issue_unit_slots_23_state,2,reg
ldut_tile_prci_domain_tile_reset_domain_boom_tile_core_fp_pipeline_fp_issue_unit_slots_3_p1,1,reg
ldut_tile_prci_domain_tile_reset_domain_boom_tile_core_fp_pipeline_fp_issue_unit_slots_3_p2,1,reg
ldut_tile_prci_domain_tile_reset_domain_boom_tile_core_fp_pipeline_fp_issue_unit_slots_3_p3,1,reg
ldut_tile_prci_domain_tile_reset_domain_boom_tile_core_fp_pipeline_fp_issue_unit_slots_3_ppred,1,reg
ldut_tile_prci_domain_tile_reset_domain_boom_tile_core_fp_pipeline_fp_issue_unit_slots_3_slot_uop__v2_bank_0_0,63,reg
ldut_tile_prci_domain_tile_reset_domain_boom_tile_core_fp_pipeline_fp_issue_unit_slots_3_slot_uop__v2_bank_0_1,6,reg
ldut_tile_prci_domain_tile_reset_domain_boom_tile_core_fp_pipeline_fp_issue_unit_slots_3_slot_uop__v2_bank_1_0,10,reg
ldut_tile_prci_domain_tile_reset_domain_boom_tile_core_fp_pipeline_fp_issue_unit_slots_3_slot_uop__v2_bank_2_0,23,reg
ldut_tile_prci_domain_tile_reset_domain_boom_tile_core_fp_pipeline_fp_issue_unit_slots_3_state,2,reg
ldut_tile_prci_domain_tile_reset_domain_boom_tile_core_fp_pipeline_fp_issue_unit_slots_4_p1,1,reg
ldut_tile_prci_domain_tile_reset_domain_boom_tile_core_fp_pipeline_fp_issue_unit_slots_4_p2,1,reg
ldut_tile_prci_domain_tile_reset_domain_boom_tile_core_fp_pipeline_fp_issue_unit_slots_4_p3,1,reg
ldut_tile_prci_domain_tile_reset_domain_boom_tile_core_fp_pipeline_fp_issue_unit_slots_4_ppred,1,reg
ldut_tile_prci_domain_tile_reset_domain_boom_tile_core_fp_pipeline_fp_issue_unit_slots_4_slot_uop__v2_bank_0_0,63,reg
ldut_tile_prci_domain_tile_reset_domain_boom_tile_core_fp_pipeline_fp_issue_unit_slots_4_slot_uop__v2_bank_0_1,6,reg
ldut_tile_prci_domain_tile_reset_domain_boom_tile_core_fp_pipeline_fp_issue_unit_slots_4_slot_uop__v2_bank_1_0,10,reg
ldut_tile_prci_domain_tile_reset_domain_boom_tile_core_fp_pipeline_fp_issue_unit_slots_4_slot_uop__v2_bank_2_0,23,reg
ldut_tile_prci_domain_tile_reset_domain_boom_tile_core_fp_pipeline_fp_issue_unit_slots_4_state,2,reg
ldut_tile_prci_domain_tile_reset_domain_boom_tile_core_fp_pipeline_fp_issue_unit_slots_5_p1,1,reg
ldut_tile_prci_domain_tile_reset_domain_boom_tile_core_fp_pipeline_fp_issue_unit_slots_5_p2,1,reg
ldut_tile_prci_domain_tile_reset_domain_boom_tile_core_fp_pipeline_fp_issue_unit_slots_5_p3,1,reg
ldut_tile_prci_domain_tile_reset_domain_boom_tile_core_fp_pipeline_fp_issue_unit_slots_5_ppred,1,reg
ldut_tile_prci_domain_tile_reset_domain_boom_tile_core_fp_pipeline_fp_issue_unit_slots_5_slot_uop__v2_bank_0_0,63,reg
ldut_tile_prci_domain_tile_reset_domain_boom_tile_core_fp_pipeline_fp_issue_unit_slots_5_slot_uop__v2_bank_0_1,6,reg
ldut_tile_prci_domain_tile_reset_domain_boom_tile_core_fp_pipeline_fp_issue_unit_slots_5_slot_uop__v2_bank_1_0,10,reg
ldut_tile_prci_domain_tile_reset_domain_boom_tile_core_fp_pipeline_fp_issue_unit_slots_5_slot_uop__v2_bank_2_0,23,reg
ldut_tile_prci_domain_tile_reset_domain_boom_tile_core_fp_pipeline_fp_issue_unit_slots_5_state,2,reg
ldut_tile_prci_domain_tile_reset_domain_boom_tile_core_fp_pipeline_fp_issue_unit_slots_6_p1,1,reg
ldut_tile_prci_domain_tile_reset_domain_boom_tile_core_fp_pipeline_fp_issue_unit_slots_6_p2,1,reg
ldut_tile_prci_domain_tile_reset_domain_boom_tile_core_fp_pipeline_fp_issue_unit_slots_6_p3,1,reg
ldut_tile_prci_domain_tile_reset_domain_boom_tile_core_fp_pipeline_fp_issue_unit_slots_6_ppred,1,reg
ldut_tile_prci_domain_tile_reset_domain_boom_tile_core_fp_pipeline_fp_issue_unit_slots_6_slot_uop__v2_bank_0_0,63,reg
ldut_tile_prci_domain_tile_reset_domain_boom_tile_core_fp_pipeline_fp_issue_unit_slots_6_slot_uop__v2_bank_0_1,6,reg
ldut_tile_prci_domain_tile_reset_domain_boom_tile_core_fp_pipeline_fp_issue_unit_slots_6_slot_uop__v2_bank_1_0,10,reg
ldut_tile_prci_domain_tile_reset_domain_boom_tile_core_fp_pipeline_fp_issue_unit_slots_6_slot_uop__v2_bank_2_0,23,reg
ldut_tile_prci_domain_tile_reset_domain_boom_tile_core_fp_pipeline_fp_issue_unit_slots_6_state,2,reg
ldut_tile_prci_domain_tile_reset_domain_boom_tile_core_fp_pipeline_fp_issue_unit_slots_7_p1,1,reg
ldut_tile_prci_domain_tile_reset_domain_boom_tile_core_fp_pipeline_fp_issue_unit_slots_7_p2,1,reg
ldut_tile_prci_domain_tile_reset_domain_boom_tile_core_fp_pipeline_fp_issue_unit_slots_7_p3,1,reg
ldut_tile_prci_domain_tile_reset_domain_boom_tile_core_fp_pipeline_fp_issue_unit_slots_7_ppred,1,reg
ldut_tile_prci_domain_tile_reset_domain_boom_tile_core_fp_pipeline_fp_issue_unit_slots_7_slot_uop__v2_bank_0_0,63,reg
ldut_tile_prci_domain_tile_reset_domain_boom_tile_core_fp_pipeline_fp_issue_unit_slots_7_slot_uop__v2_bank_0_1,6,reg
ldut_tile_prci_domain_tile_reset_domain_boom_tile_core_fp_pipeline_fp_issue_unit_slots_7_slot_uop__v2_bank_1_0,10,reg
ldut_tile_prci_domain_tile_reset_domain_boom_tile_core_fp_pipeline_fp_issue_unit_slots_7_slot_uop__v2_bank_2_0,23,reg
ldut_tile_prci_domain_tile_reset_domain_boom_tile_core_fp_pipeline_fp_issue_unit_slots_7_state,2,reg
ldut_tile_prci_domain_tile_reset_domain_boom_tile_core_fp_pipeline_fp_issue_unit_slots_8_p1,1,reg
ldut_tile_prci_domain_tile_reset_domain_boom_tile_core_fp_pipeline_fp_issue_unit_slots_8_p2,1,reg
ldut_tile_prci_domain_tile_reset_domain_boom_tile_core_fp_pipeline_fp_issue_unit_slots_8_p3,1,reg
ldut_tile_prci_domain_tile_reset_domain_boom_tile_core_fp_pipeline_fp_issue_unit_slots_8_ppred,1,reg
ldut_tile_prci_domain_tile_reset_domain_boom_tile_core_fp_pipeline_fp_issue_unit_slots_8_slot_uop__v2_bank_0_0,63,reg
ldut_tile_prci_domain_tile_reset_domain_boom_tile_core_fp_pipeline_fp_issue_unit_slots_8_slot_uop__v2_bank_0_1,6,reg
ldut_tile_prci_domain_tile_reset_domain_boom_tile_core_fp_pipeline_fp_issue_unit_slots_8_slot_uop__v2_bank_1_0,10,reg
ldut_tile_prci_domain_tile_reset_domain_boom_tile_core_fp_pipeline_fp_issue_unit_slots_8_slot_uop__v2_bank_2_0,23,reg
ldut_tile_prci_domain_tile_reset_domain_boom_tile_core_fp_pipeline_fp_issue_unit_slots_8_state,2,reg
ldut_tile_prci_domain_tile_reset_domain_boom_tile_core_fp_pipeline_fp_issue_unit_slots_9_p1,1,reg
ldut_tile_prci_domain_tile_reset_domain_boom_tile_core_fp_pipeline_fp_issue_unit_slots_9_p2,1,reg
ldut_tile_prci_domain_tile_reset_domain_boom_tile_core_fp_pipeline_fp_issue_unit_slots_9_p3,1,reg
ldut_tile_prci_domain_tile_reset_domain_boom_tile_core_fp_pipeline_fp_issue_unit_slots_9_ppred,1,reg
ldut_tile_prci_domain_tile_reset_domain_boom_tile_core_fp_pipeline_fp_issue_unit_slots_9_slot_uop__v2_bank_0_0,63,reg
ldut_tile_prci_domain_tile_reset_domain_boom_tile_core_fp_pipeline_fp_issue_unit_slots_9_slot_uop__v2_bank_0_1,6,reg
ldut_tile_prci_domain_tile_reset_domain_boom_tile_core_fp_pipeline_fp_issue_unit_slots_9_slot_uop__v2_bank_1_0,10,reg
ldut_tile_prci_domain_tile_reset_domain_boom_tile_core_fp_pipeline_fp_issue_unit_slots_9_slot_uop__v2_bank_2_0,23,reg
ldut_tile_prci_domain_tile_reset_domain_boom_tile_core_fp_pipeline_fp_issue_unit_slots_9_state,2,reg
ldut_tile_prci_domain_tile_reset_domain_boom_tile_core_fp_pipeline_fpiu_unit_BranchKillableQueue$$inst_maybe_full,1,reg
ldut_tile_prci_domain_tile_reset_domain_boom_tile_core_fp_pipeline_fpiu_unit_BranchKillableQueue$$inst_uops__v2_bank_0_0,30,reg
ldut_tile_prci_domain_tile_reset_domain_boom_tile_core_fp_pipeline_fpiu_unit_BranchKillableQueue$$inst_uops__v2_bank_1_0,64,reg
ldut_tile_prci_domain_tile_reset_domain_boom_tile_core_fp_pipeline_fpiu_unit_BranchKillableQueue$$inst_uops__v2_bank_1_1,48,reg
ldut_tile_prci_domain_tile_reset_domain_boom_tile_core_fp_pipeline_fpiu_unit_BranchKillableQueue$$inst_uops__v2_bank_2_0,30,reg
ldut_tile_prci_domain_tile_reset_domain_boom_tile_core_fp_pipeline_fpiu_unit_BranchKillableQueue$$inst_uops__v2_bank_3_0,30,reg
ldut_tile_prci_domain_tile_reset_domain_boom_tile_core_fp_pipeline_fpiu_unit_BranchKillableQueue$$inst_uops__v2_bank_4_0,30,reg
ldut_tile_prci_domain_tile_reset_domain_boom_tile_core_fp_pipeline_fpiu_unit_BranchKillableQueue$$inst_uops__v2_bank_5_0,30,reg
ldut_tile_prci_domain_tile_reset_domain_boom_tile_core_fp_pipeline_fpiu_unit_BranchKillableQueue$$inst_uops__v2_bank_6_0,30,reg
ldut_tile_prci_domain_tile_reset_domain_boom_tile_core_fp_pipeline_fpiu_unit_BranchKillableQueue$$inst_uops__v2_bank_7_0,30,reg
ldut_tile_prci_domain_tile_reset_domain_boom_tile_core_fp_pipeline_fpiu_unit_BranchKillableQueue$$inst_valids__v2_bank_0_0,7,reg
ldut_tile_prci_domain_tile_reset_domain_boom_tile_core_fp_pipeline_fpiu_unit_BranchKillableQueue$$inst_value,3,reg
ldut_tile_prci_domain_tile_reset_domain_boom_tile_core_fp_pipeline_fpiu_unit_BranchKillableQueue$$inst_value_1,3,reg
ldut_tile_prci_domain_tile_reset_domain_boom_tile_core_fp_pipeline_fpiu_unit_BranchKillableQueue_1_maybe_full,1,reg
ldut_tile_prci_domain_tile_reset_domain_boom_tile_core_fp_pipeline_fpiu_unit_BranchKillableQueue_1_uops__v2_bank_0_0,30,reg
ldut_tile_prci_domain_tile_reset_domain_boom_tile_core_fp_pipeline_fpiu_unit_BranchKillableQueue_1_uops__v2_bank_1_0,48,reg
ldut_tile_prci_domain_tile_reset_domain_boom_tile_core_fp_pipeline_fpiu_unit_BranchKillableQueue_1_uops__v2_bank_2_0,30,reg
ldut_tile_prci_domain_tile_reset_domain_boom_tile_core_fp_pipeline_fpiu_unit_BranchKillableQueue_1_uops__v2_bank_3_0,30,reg
ldut_tile_prci_domain_tile_reset_domain_boom_tile_core_fp_pipeline_fpiu_unit_BranchKillableQueue_1_valids__v2_bank_0_0,3,reg
ldut_tile_prci_domain_tile_reset_domain_boom_tile_core_fp_pipeline_fpiu_unit_BranchKillableQueue_1_value,2,reg
ldut_tile_prci_domain_tile_reset_domain_boom_tile_core_fp_pipeline_fpiu_unit_BranchKillableQueue_1_value_1,2,reg
ldut_tile_prci_domain_tile_reset_domain_boom_tile_core_fp_pipeline_fpiu_unit_fdivsqrt_divsqrt_ds_divSqrtRecF64ToRaw_cycleNum_B,4,reg
ldut_tile_prci_domain_tile_reset_domain_boom_tile_core_fp_pipeline_fpiu_unit_fdivsqrt_divsqrt_ds_divSqrtRecF64ToRaw_cycleNum_C,3,reg
ldut_tile_prci_domain_tile_reset_domain_boom_tile_core_fp_pipeline_fpiu_unit_fdivsqrt_divsqrt_ds_divSqrtRecF64ToRaw_fractR0_A,9,reg
ldut_tile_prci_domain_tile_reset_domain_boom_tile_core_fp_pipeline_fpiu_unit_fdivsqrt_divsqrt_ds_divSqrtRecF64ToRaw_hiSqrR0_A_sqrt,10,reg
ldut_tile_prci_domain_tile_reset_domain_boom_tile_core_fp_pipeline_fpiu_unit_fdivsqrt_divsqrt_ds_divSqrtRecF64ToRaw_isInf_PA,1,reg
ldut_tile_prci_domain_tile_reset_domain_boom_tile_core_fp_pipeline_fpiu_unit_fdivsqrt_divsqrt_ds_divSqrtRecF64ToRaw_isInf_PB,1,reg
ldut_tile_prci_domain_tile_reset_domain_boom_tile_core_fp_pipeline_fpiu_unit_fdivsqrt_divsqrt_ds_divSqrtRecF64ToRaw_isInf_PC,1,reg
ldut_tile_prci_domain_tile_reset_domain_boom_tile_core_fp_pipeline_fpiu_unit_fdivsqrt_divsqrt_ds_divSqrtRecF64ToRaw_isNaN_PA,1,reg
ldut_tile_prci_domain_tile_reset_domain_boom_tile_core_fp_pipeline_fpiu_unit_fdivsqrt_divsqrt_ds_divSqrtRecF64ToRaw_isNaN_PB,1,reg
ldut_tile_prci_domain_tile_reset_domain_boom_tile_core_fp_pipeline_fpiu_unit_fdivsqrt_divsqrt_ds_divSqrtRecF64ToRaw_isNaN_PC,1,reg
ldut_tile_prci_domain_tile_reset_domain_boom_tile_core_fp_pipeline_fpiu_unit_fdivsqrt_divsqrt_ds_divSqrtRecF64ToRaw_isZero_PA,1,reg
ldut_tile_prci_domain_tile_reset_domain_boom_tile_core_fp_pipeline_fpiu_unit_fdivsqrt_divsqrt_ds_divSqrtRecF64ToRaw_isZero_PB,1,reg
ldut_tile_prci_domain_tile_reset_domain_boom_tile_core_fp_pipeline_fpiu_unit_fdivsqrt_divsqrt_ds_divSqrtRecF64ToRaw_isZero_PC,1,reg
ldut_tile_prci_domain_tile_reset_domain_boom_tile_core_fp_pipeline_fpiu_unit_fdivsqrt_divsqrt_ds_divSqrtRecF64ToRaw_nextMulAdd9A_A,9,reg
ldut_tile_prci_domain_tile_reset_domain_boom_tile_core_fp_pipeline_fpiu_unit_fdivsqrt_divsqrt_ds_divSqrtRecF64ToRaw_nextMulAdd9B_A,9,reg
ldut_tile_prci_domain_tile_reset_domain_boom_tile_core_fp_pipeline_fpiu_unit_fdivsqrt_divsqrt_ds_divSqrtRecF64ToRaw_partNegSigma0_A,21,reg
ldut_tile_prci_domain_tile_reset_domain_boom_tile_core_fp_pipeline_fpiu_unit_fdivsqrt_divsqrt_ds_divSqrtRecF64ToRaw_sqrtOp_PA,1,reg
ldut_tile_prci_domain_tile_reset_domain_boom_tile_core_fp_pipeline_fpiu_unit_fdivsqrt_divsqrt_ds_divSqrtRecF64ToRaw_sqrtOp_PB,1,reg
ldut_tile_prci_domain_tile_reset_domain_boom_tile_core_fp_pipeline_fpiu_unit_fdivsqrt_divsqrt_ds_divSqrtRecF64ToRaw_valid_PA,1,reg
ldut_tile_prci_domain_tile_reset_domain_boom_tile_core_fp_pipeline_fpiu_unit_fdivsqrt_divsqrt_ds_divSqrtRecF64ToRaw_valid_PB,1,reg
ldut_tile_prci_domain_tile_reset_domain_boom_tile_core_fp_pipeline_fpiu_unit_fdivsqrt_divsqrt_ds_divSqrtRecF64ToRaw_valid_PC,1,reg
ldut_tile_prci_domain_tile_reset_domain_boom_tile_core_fp_pipeline_fpiu_unit_fdivsqrt_divsqrt_mul_reg_result_s3__w0,64,reg
ldut_tile_prci_domain_tile_reset_domain_boom_tile_core_fp_pipeline_fpiu_unit_fdivsqrt_divsqrt_mul_reg_result_s3__w1,41,reg
ldut_tile_prci_domain_tile_reset_domain_boom_tile_core_fp_pipeline_fpiu_unit_fdivsqrt_r_buffer_fin_in1__w0,64,reg
ldut_tile_prci_domain_tile_reset_domain_boom_tile_core_fp_pipeline_fpiu_unit_fdivsqrt_r_buffer_fin_in1__w1,1,reg
ldut_tile_prci_domain_tile_reset_domain_boom_tile_core_fp_pipeline_fpiu_unit_fdivsqrt_r_buffer_fin_in2__w0,64,reg
ldut_tile_prci_domain_tile_reset_domain_boom_tile_core_fp_pipeline_fpiu_unit_fdivsqrt_r_buffer_fin_in2__w1,1,reg
ldut_tile_prci_domain_tile_reset_domain_boom_tile_core_fp_pipeline_fpiu_unit_fdivsqrt_r_buffer_val,1,reg
ldut_tile_prci_domain_tile_reset_domain_boom_tile_core_fp_pipeline_fpiu_unit_fdivsqrt_r_divsqrt_fin_rm,3,reg
ldut_tile_prci_domain_tile_reset_domain_boom_tile_core_fp_pipeline_fpiu_unit_fdivsqrt_r_divsqrt_fin_typeTagIn,2,reg
ldut_tile_prci_domain_tile_reset_domain_boom_tile_core_fp_pipeline_fpiu_unit_fdivsqrt_r_divsqrt_val,1,reg
ldut_tile_prci_domain_tile_reset_domain_boom_tile_core_fp_pipeline_fpiu_unit_fdivsqrt_r_out_flags_double,5,reg
ldut_tile_prci_domain_tile_reset_domain_boom_tile_core_fp_pipeline_fpiu_unit_fdivsqrt_r_out_uop_br_mask,16,reg
ldut_tile_prci_domain_tile_reset_domain_boom_tile_core_fp_pipeline_fpiu_unit_fdivsqrt_r_out_uop_dst_rtype,2,reg
ldut_tile_prci_domain_tile_reset_domain_boom_tile_core_fp_pipeline_fpiu_unit_fdivsqrt_r_out_uop_pdst,7,reg
ldut_tile_prci_domain_tile_reset_domain_boom_tile_core_fp_pipeline_fpiu_unit_fdivsqrt_r_out_uop_rob_idx,7,reg
ldut_tile_prci_domain_tile_reset_domain_boom_tile_core_fp_pipeline_fpiu_unit_fdivsqrt_r_out_val,1,reg
ldut_tile_prci_domain_tile_reset_domain_boom_tile_core_fp_pipeline_fpiu_unit_fdivsqrt_r_out_wdata_double__w0,64,reg
ldut_tile_prci_domain_tile_reset_domain_boom_tile_core_fp_pipeline_fpiu_unit_fdivsqrt_r_out_wdata_double__w1,1,reg
ldut_tile_prci_domain_tile_reset_domain_boom_tile_core_fp_pipeline_fpiu_unit_fpu_REG_1_3_br_mask,16,reg
ldut_tile_prci_domain_tile_reset_domain_boom_tile_core_fp_pipeline_fpiu_unit_fpu_REG_1_3_dst_rtype,2,reg
ldut_tile_prci_domain_tile_reset_domain_boom_tile_core_fp_pipeline_fpiu_unit_fpu_REG_1_3_fu_code,10,reg
ldut_tile_prci_domain_tile_reset_domain_boom_tile_core_fp_pipeline_fpiu_unit_fpu_REG_1_3_is_amo,1,reg
ldut_tile_prci_domain_tile_reset_domain_boom_tile_core_fp_pipeline_fpiu_unit_fpu_REG_1_3_pdst,7,reg
ldut_tile_prci_domain_tile_reset_domain_boom_tile_core_fp_pipeline_fpiu_unit_fpu_REG_1_3_rob_idx,7,reg
ldut_tile_prci_domain_tile_reset_domain_boom_tile_core_fp_pipeline_fpiu_unit_fpu_REG_1_3_stq_idx,5,reg
ldut_tile_prci_domain_tile_reset_domain_boom_tile_core_fp_pipeline_fpiu_unit_fpu_REG_1_3_uopc,7,reg
ldut_tile_prci_domain_tile_reset_domain_boom_tile_core_fp_pipeline_fpiu_unit_fpu_REG_1_3_uses_stq,1,reg
ldut_tile_prci_domain_tile_reset_domain_boom_tile_core_fp_pipeline_fpiu_unit_fpu_REG__3,1,reg
ldut_tile_prci_domain_tile_reset_domain_boom_tile_core_fp_pipeline_fpiu_unit_fpu_fpu_dfma_in_in1__w0,64,reg
ldut_tile_prci_domain_tile_reset_domain_boom_tile_core_fp_pipeline_fpiu_unit_fpu_fpu_dfma_in_in1__w1,1,reg
ldut_tile_prci_domain_tile_reset_domain_boom_tile_core_fp_pipeline_fpiu_unit_fpu_fpu_dfma_in_in2__w0,64,reg
ldut_tile_prci_domain_tile_reset_domain_boom_tile_core_fp_pipeline_fpiu_unit_fpu_fpu_dfma_in_in2__w1,1,reg
ldut_tile_prci_domain_tile_reset_domain_boom_tile_core_fp_pipeline_fpiu_unit_fpu_fpu_dfma_in_in3__w0,64,reg
ldut_tile_prci_domain_tile_reset_domain_boom_tile_core_fp_pipeline_fpiu_unit_fpu_fpu_dfma_in_in3__w1,1,reg
ldut_tile_prci_domain_tile_reset_domain_boom_tile_core_fp_pipeline_fpiu_unit_fpu_fpu_dfma_io_out_b_data__w0,64,reg
ldut_tile_prci_domain_tile_reset_domain_boom_tile_core_fp_pipeline_fpiu_unit_fpu_fpu_dfma_io_out_b_data__w1,1,reg
ldut_tile_prci_domain_tile_reset_domain_boom_tile_core_fp_pipeline_fpiu_unit_fpu_fpu_dfma_io_out_b_exc,5,reg
ldut_tile_prci_domain_tile_reset_domain_boom_tile_core_fp_pipeline_fpiu_unit_fpu_fpu_dfma_io_out_v,1,reg
ldut_tile_prci_domain_tile_reset_domain_boom_tile_core_fp_pipeline_fpiu_unit_fpu_fpu_fpiu_in_in1__w0,64,reg
ldut_tile_prci_domain_tile_reset_domain_boom_tile_core_fp_pipeline_fpiu_unit_fpu_fpu_fpiu_in_in1__w1,1,reg
ldut_tile_prci_domain_tile_reset_domain_boom_tile_core_fp_pipeline_fpiu_unit_fpu_fpu_fpiu_in_in2__w0,64,reg
ldut_tile_prci_domain_tile_reset_domain_boom_tile_core_fp_pipeline_fpiu_unit_fpu_fpu_fpiu_in_in2__w1,1,reg
ldut_tile_prci_domain_tile_reset_domain_boom_tile_core_fp_pipeline_fpiu_unit_fpu_fpu_fpiu_outPipe_bits_2_exc,5,reg
ldut_tile_prci_domain_tile_reset_domain_boom_tile_core_fp_pipeline_fpiu_unit_fpu_fpu_fpiu_outPipe_bits_2_toint,64,reg
ldut_tile_prci_domain_tile_reset_domain_boom_tile_core_fp_pipeline_fpiu_unit_fpu_fpu_fpiu_outPipe_valid_2,1,reg
ldut_tile_prci_domain_tile_reset_domain_boom_tile_core_fp_pipeline_fpiu_unit_fpu_fpu_fpmu_inPipe_bits_in1__w0,64,reg
ldut_tile_prci_domain_tile_reset_domain_boom_tile_core_fp_pipeline_fpiu_unit_fpu_fpu_fpmu_inPipe_bits_in1__w1,1,reg
ldut_tile_prci_domain_tile_reset_domain_boom_tile_core_fp_pipeline_fpiu_unit_fpu_fpu_fpmu_inPipe_bits_in2__w0,64,reg
ldut_tile_prci_domain_tile_reset_domain_boom_tile_core_fp_pipeline_fpiu_unit_fpu_fpu_fpmu_inPipe_bits_in2__w1,1,reg
ldut_tile_prci_domain_tile_reset_domain_boom_tile_core_fp_pipeline_fpiu_unit_fpu_fpu_fpmu_inPipe_bits_ren2,1,reg
ldut_tile_prci_domain_tile_reset_domain_boom_tile_core_fp_pipeline_fpiu_unit_fpu_fpu_fpmu_inPipe_bits_rm,3,reg
ldut_tile_prci_domain_tile_reset_domain_boom_tile_core_fp_pipeline_fpiu_unit_fpu_fpu_fpmu_inPipe_bits_typeTagOut,2,reg
ldut_tile_prci_domain_tile_reset_domain_boom_tile_core_fp_pipeline_fpiu_unit_fpu_fpu_fpmu_inPipe_bits_wflags,1,reg
ldut_tile_prci_domain_tile_reset_domain_boom_tile_core_fp_pipeline_fpiu_unit_fpu_fpu_fpmu_io_out_outPipe_bits_1_data__w0,64,reg
ldut_tile_prci_domain_tile_reset_domain_boom_tile_core_fp_pipeline_fpiu_unit_fpu_fpu_fpmu_io_out_outPipe_bits_1_data__w1,1,reg
ldut_tile_prci_domain_tile_reset_domain_boom_tile_core_fp_pipeline_fpiu_unit_fpu_fpu_fpmu_io_out_outPipe_bits_1_exc,5,reg
ldut_tile_prci_domain_tile_reset_domain_boom_tile_core_fp_pipeline_fpiu_unit_fpu_fpu_fpmu_io_out_outPipe_valid_1,1,reg
ldut_tile_prci_domain_tile_reset_domain_boom_tile_core_fp_pipeline_fpiu_unit_fpu_fpu_outPipe_bits_2,1,reg
ldut_tile_prci_domain_tile_reset_domain_boom_tile_core_fp_pipeline_fpiu_unit_fpu_fpu_sfma_in_in1__w0,64,reg
ldut_tile_prci_domain_tile_reset_domain_boom_tile_core_fp_pipeline_fpiu_unit_fpu_fpu_sfma_in_in1__w1,1,reg
ldut_tile_prci_domain_tile_reset_domain_boom_tile_core_fp_pipeline_fpiu_unit_fpu_fpu_sfma_in_in2__w0,64,reg
ldut_tile_prci_domain_tile_reset_domain_boom_tile_core_fp_pipeline_fpiu_unit_fpu_fpu_sfma_in_in2__w1,1,reg
ldut_tile_prci_domain_tile_reset_domain_boom_tile_core_fp_pipeline_fpiu_unit_fpu_fpu_sfma_in_in3__w0,64,reg
ldut_tile_prci_domain_tile_reset_domain_boom_tile_core_fp_pipeline_fpiu_unit_fpu_fpu_sfma_in_in3__w1,1,reg
ldut_tile_prci_domain_tile_reset_domain_boom_tile_core_fp_pipeline_fpiu_unit_fpu_fpu_sfma_io_out_b_data__w0,64,reg
ldut_tile_prci_domain_tile_reset_domain_boom_tile_core_fp_pipeline_fpiu_unit_fpu_fpu_sfma_io_out_b_data__w1,1,reg
ldut_tile_prci_domain_tile_reset_domain_boom_tile_core_fp_pipeline_fpiu_unit_fpu_fpu_sfma_io_out_b_exc,5,reg
ldut_tile_prci_domain_tile_reset_domain_boom_tile_core_fp_pipeline_fpiu_unit_fpu_fpu_sfma_io_out_v,1,reg
ldut_tile_prci_domain_tile_reset_domain_boom_tile_core_fp_pipeline_fregister_read_exe_reg_rs2_data_0__w0,64,reg
ldut_tile_prci_domain_tile_reset_domain_boom_tile_core_fp_pipeline_fregister_read_exe_reg_rs2_data_0__w1,1,reg
ldut_tile_prci_domain_tile_reset_domain_boom_tile_core_fp_pipeline_fregister_read_exe_reg_uops_0_br_mask,16,reg
ldut_tile_prci_domain_tile_reset_domain_boom_tile_core_fp_pipeline_fregister_read_exe_reg_uops_0_dst_rtype,2,reg
ldut_tile_prci_domain_tile_reset_domain_boom_tile_core_fp_pipeline_fregister_read_exe_reg_uops_0_fu_code,10,reg
ldut_tile_prci_domain_tile_reset_domain_boom_tile_core_fp_pipeline_fregister_read_exe_reg_uops_0_is_amo,1,reg
ldut_tile_prci_domain_tile_reset_domain_boom_tile_core_fp_pipeline_fregister_read_exe_reg_uops_0_pdst,7,reg
ldut_tile_prci_domain_tile_reset_domain_boom_tile_core_fp_pipeline_fregister_read_exe_reg_uops_0_rob_idx,7,reg
ldut_tile_prci_domain_tile_reset_domain_boom_tile_core_fp_pipeline_fregister_read_exe_reg_uops_0_stq_idx,5,reg
ldut_tile_prci_domain_tile_reset_domain_boom_tile_core_fp_pipeline_fregister_read_exe_reg_uops_0_uopc,7,reg
ldut_tile_prci_domain_tile_reset_domain_boom_tile_core_fp_pipeline_fregister_read_exe_reg_uops_0_uses_stq,1,reg
ldut_tile_prci_domain_tile_reset_domain_boom_tile_core_fp_pipeline_fregister_read_exe_reg_valids_0,1,reg
ldut_tile_prci_domain_tile_reset_domain_boom_tile_core_fp_rename_stage_REG_1_dst_rtype,2,reg
ldut_tile_prci_domain_tile_reset_domain_boom_tile_core_fp_rename_stage_REG_1_frs3_en,1,reg
ldut_tile_prci_domain_tile_reset_domain_boom_tile_core_fp_rename_stage_REG_1_ldst,6,reg
ldut_tile_prci_domain_tile_reset_domain_boom_tile_core_fp_rename_stage_REG_1_ldst_val,1,reg
ldut_tile_prci_domain_tile_reset_domain_boom_tile_core_fp_rename_stage_REG_1_lrs1_rtype,2,reg
ldut_tile_prci_domain_tile_reset_domain_boom_tile_core_fp_rename_stage_REG_1_lrs2_rtype,2,reg
ldut_tile_prci_domain_tile_reset_domain_boom_tile_core_fp_rename_stage_REG_1_prs1,7,reg
ldut_tile_prci_domain_tile_reset_domain_boom_tile_core_fp_rename_stage_REG_1_prs2,7,reg
ldut_tile_prci_domain_tile_reset_domain_boom_tile_core_fp_rename_stage_REG_1_prs3,7,reg
ldut_tile_prci_domain_tile_reset_domain_boom_tile_core_fp_rename_stage_REG_3_dst_rtype,2,reg
ldut_tile_prci_domain_tile_reset_domain_boom_tile_core_fp_rename_stage_REG_3_frs3_en,1,reg
ldut_tile_prci_domain_tile_reset_domain_boom_tile_core_fp_rename_stage_REG_3_ldst,6,reg
ldut_tile_prci_domain_tile_reset_domain_boom_tile_core_fp_rename_stage_REG_3_ldst_val,1,reg
ldut_tile_prci_domain_tile_reset_domain_boom_tile_core_fp_rename_stage_REG_3_lrs1,6,reg
ldut_tile_prci_domain_tile_reset_domain_boom_tile_core_fp_rename_stage_REG_3_lrs1_rtype,2,reg
ldut_tile_prci_domain_tile_reset_domain_boom_tile_core_fp_rename_stage_REG_3_lrs2,6,reg
ldut_tile_prci_domain_tile_reset_domain_boom_tile_core_fp_rename_stage_REG_3_lrs2_rtype,2,reg
ldut_tile_prci_domain_tile_reset_domain_boom_tile_core_fp_rename_stage_REG_3_lrs3,6,reg
ldut_tile_prci_domain_tile_reset_domain_boom_tile_core_fp_rename_stage_REG_3_prs1,7,reg
ldut_tile_prci_domain_tile_reset_domain_boom_tile_core_fp_rename_stage_REG_3_prs2,7,reg
ldut_tile_prci_domain_tile_reset_domain_boom_tile_core_fp_rename_stage_REG_3_prs3,7,reg
ldut_tile_prci_domain_tile_reset_domain_boom_tile_core_fp_rename_stage_REG_5_dst_rtype,2,reg
ldut_tile_prci_domain_tile_reset_domain_boom_tile_core_fp_rename_stage_REG_5_frs3_en,1,reg
ldut_tile_prci_domain_tile_reset_domain_boom_tile_core_fp_rename_stage_REG_5_lrs1,6,reg
ldut_tile_prci_domain_tile_reset_domain_boom_tile_core_fp_rename_stage_REG_5_lrs1_rtype,2,reg
ldut_tile_prci_domain_tile_reset_domain_boom_tile_core_fp_rename_stage_REG_5_lrs2,6,reg
ldut_tile_prci_domain_tile_reset_domain_boom_tile_core_fp_rename_stage_REG_5_lrs2_rtype,2,reg
ldut_tile_prci_domain_tile_reset_domain_boom_tile_core_fp_rename_stage_REG_5_lrs3,6,reg
ldut_tile_prci_domain_tile_reset_domain_boom_tile_core_fp_rename_stage_REG_5_prs1,7,reg
ldut_tile_prci_domain_tile_reset_domain_boom_tile_core_fp_rename_stage_REG_5_prs2,7,reg
ldut_tile_prci_domain_tile_reset_domain_boom_tile_core_fp_rename_stage_REG_5_prs3,7,reg
ldut_tile_prci_domain_tile_reset_domain_boom_tile_core_fp_rename_stage_busytable_busy_table__w0,64,reg
ldut_tile_prci_domain_tile_reset_domain_boom_tile_core_fp_rename_stage_busytable_busy_table__w1,32,reg
ldut_tile_prci_domain_tile_reset_domain_boom_tile_core_fp_rename_stage_freelist_REG,1,reg
ldut_tile_prci_domain_tile_reset_domain_boom_tile_core_fp_rename_stage_freelist_REG_1,1,reg
ldut_tile_prci_domain_tile_reset_domain_boom_tile_core_fp_rename_stage_freelist_REG_2,1,reg
ldut_tile_prci_domain_tile_reset_domain_boom_tile_core_fp_rename_stage_freelist_br_alloc_lists_0__w0,64,reg
ldut_tile_prci_domain_tile_reset_domain_boom_tile_core_fp_rename_stage_freelist_br_alloc_lists_0__w1,32,reg
ldut_tile_prci_domain_tile_reset_domain_boom_tile_core_fp_rename_stage_freelist_br_alloc_lists_1__w0,64,reg
ldut_tile_prci_domain_tile_reset_domain_boom_tile_core_fp_rename_stage_freelist_br_alloc_lists_1__w1,32,reg
ldut_tile_prci_domain_tile_reset_domain_boom_tile_core_fp_rename_stage_freelist_br_alloc_lists_10__w0,64,reg
ldut_tile_prci_domain_tile_reset_domain_boom_tile_core_fp_rename_stage_freelist_br_alloc_lists_10__w1,32,reg
ldut_tile_prci_domain_tile_reset_domain_boom_tile_core_fp_rename_stage_freelist_br_alloc_lists_11__w0,64,reg
ldut_tile_prci_domain_tile_reset_domain_boom_tile_core_fp_rename_stage_freelist_br_alloc_lists_11__w1,32,reg
ldut_tile_prci_domain_tile_reset_domain_boom_tile_core_fp_rename_stage_freelist_br_alloc_lists_12__w0,64,reg
ldut_tile_prci_domain_tile_reset_domain_boom_tile_core_fp_rename_stage_freelist_br_alloc_lists_12__w1,32,reg
ldut_tile_prci_domain_tile_reset_domain_boom_tile_core_fp_rename_stage_freelist_br_alloc_lists_13__w0,64,reg
ldut_tile_prci_domain_tile_reset_domain_boom_tile_core_fp_rename_stage_freelist_br_alloc_lists_13__w1,32,reg
ldut_tile_prci_domain_tile_reset_domain_boom_tile_core_fp_rename_stage_freelist_br_alloc_lists_14__w0,64,reg
ldut_tile_prci_domain_tile_reset_domain_boom_tile_core_fp_rename_stage_freelist_br_alloc_lists_14__w1,32,reg
ldut_tile_prci_domain_tile_reset_domain_boom_tile_core_fp_rename_stage_freelist_br_alloc_lists_15__w0,64,reg
ldut_tile_prci_domain_tile_reset_domain_boom_tile_core_fp_rename_stage_freelist_br_alloc_lists_15__w1,32,reg
ldut_tile_prci_domain_tile_reset_domain_boom_tile_core_fp_rename_stage_freelist_br_alloc_lists_2__w0,64,reg
ldut_tile_prci_domain_tile_reset_domain_boom_tile_core_fp_rename_stage_freelist_br_alloc_lists_2__w1,32,reg
ldut_tile_prci_domain_tile_reset_domain_boom_tile_core_fp_rename_stage_freelist_br_alloc_lists_3__w0,64,reg
ldut_tile_prci_domain_tile_reset_domain_boom_tile_core_fp_rename_stage_freelist_br_alloc_lists_3__w1,32,reg
ldut_tile_prci_domain_tile_reset_domain_boom_tile_core_fp_rename_stage_freelist_br_alloc_lists_4__w0,64,reg
ldut_tile_prci_domain_tile_reset_domain_boom_tile_core_fp_rename_stage_freelist_br_alloc_lists_4__w1,32,reg
ldut_tile_prci_domain_tile_reset_domain_boom_tile_core_fp_rename_stage_freelist_br_alloc_lists_5__w0,64,reg
ldut_tile_prci_domain_tile_reset_domain_boom_tile_core_fp_rename_stage_freelist_br_alloc_lists_5__w1,32,reg
ldut_tile_prci_domain_tile_reset_domain_boom_tile_core_fp_rename_stage_freelist_br_alloc_lists_6__w0,64,reg
ldut_tile_prci_domain_tile_reset_domain_boom_tile_core_fp_rename_stage_freelist_br_alloc_lists_6__w1,32,reg
ldut_tile_prci_domain_tile_reset_domain_boom_tile_core_fp_rename_stage_freelist_br_alloc_lists_7__w0,64,reg
ldut_tile_prci_domain_tile_reset_domain_boom_tile_core_fp_rename_stage_freelist_br_alloc_lists_7__w1,32,reg
ldut_tile_prci_domain_tile_reset_domain_boom_tile_core_fp_rename_stage_freelist_br_alloc_lists_8__w0,64,reg
ldut_tile_prci_domain_tile_reset_domain_boom_tile_core_fp_rename_stage_freelist_br_alloc_lists_8__w1,32,reg
ldut_tile_prci_domain_tile_reset_domain_boom_tile_core_fp_rename_stage_freelist_br_alloc_lists_9__w0,64,reg
ldut_tile_prci_domain_tile_reset_domain_boom_tile_core_fp_rename_stage_freelist_br_alloc_lists_9__w1,32,reg
ldut_tile_prci_domain_tile_reset_domain_boom_tile_core_fp_rename_stage_freelist_free_list__w0,64,reg
ldut_tile_prci_domain_tile_reset_domain_boom_tile_core_fp_rename_stage_freelist_free_list__w1,32,reg
ldut_tile_prci_domain_tile_reset_domain_boom_tile_core_fp_rename_stage_freelist_r,7,reg
ldut_tile_prci_domain_tile_reset_domain_boom_tile_core_fp_rename_stage_freelist_r_1,7,reg
ldut_tile_prci_domain_tile_reset_domain_boom_tile_core_fp_rename_stage_freelist_r_2,7,reg
ldut_tile_prci_domain_tile_reset_domain_boom_tile_core_fp_rename_stage_maptable_br_snapshots__v2_bank_0_0,63,reg
ldut_tile_prci_domain_tile_reset_domain_boom_tile_core_fp_rename_stage_maptable_br_snapshots__v2_bank_0_1,63,reg
ldut_tile_prci_domain_tile_reset_domain_boom_tile_core_fp_rename_stage_maptable_br_snapshots__v2_bank_0_10,63,reg
ldut_tile_prci_domain_tile_reset_domain_boom_tile_core_fp_rename_stage_maptable_br_snapshots__v2_bank_0_11,63,reg
ldut_tile_prci_domain_tile_reset_domain_boom_tile_core_fp_rename_stage_maptable_br_snapshots__v2_bank_0_12,63,reg
ldut_tile_prci_domain_tile_reset_domain_boom_tile_core_fp_rename_stage_maptable_br_snapshots__v2_bank_0_13,63,reg
ldut_tile_prci_domain_tile_reset_domain_boom_tile_core_fp_rename_stage_maptable_br_snapshots__v2_bank_0_14,63,reg
ldut_tile_prci_domain_tile_reset_domain_boom_tile_core_fp_rename_stage_maptable_br_snapshots__v2_bank_0_15,63,reg
ldut_tile_prci_domain_tile_reset_domain_boom_tile_core_fp_rename_stage_maptable_br_snapshots__v2_bank_0_16,63,reg
ldut_tile_prci_domain_tile_reset_domain_boom_tile_core_fp_rename_stage_maptable_br_snapshots__v2_bank_0_17,63,reg
ldut_tile_prci_domain_tile_reset_domain_boom_tile_core_fp_rename_stage_maptable_br_snapshots__v2_bank_0_18,63,reg
ldut_tile_prci_domain_tile_reset_domain_boom_tile_core_fp_rename_stage_maptable_br_snapshots__v2_bank_0_19,63,reg
ldut_tile_prci_domain_tile_reset_domain_boom_tile_core_fp_rename_stage_maptable_br_snapshots__v2_bank_0_2,63,reg
ldut_tile_prci_domain_tile_reset_domain_boom_tile_core_fp_rename_stage_maptable_br_snapshots__v2_bank_0_20,63,reg
ldut_tile_prci_domain_tile_reset_domain_boom_tile_core_fp_rename_stage_maptable_br_snapshots__v2_bank_0_21,63,reg
ldut_tile_prci_domain_tile_reset_domain_boom_tile_core_fp_rename_stage_maptable_br_snapshots__v2_bank_0_22,63,reg
ldut_tile_prci_domain_tile_reset_domain_boom_tile_core_fp_rename_stage_maptable_br_snapshots__v2_bank_0_23,63,reg
ldut_tile_prci_domain_tile_reset_domain_boom_tile_core_fp_rename_stage_maptable_br_snapshots__v2_bank_0_24,63,reg
ldut_tile_prci_domain_tile_reset_domain_boom_tile_core_fp_rename_stage_maptable_br_snapshots__v2_bank_0_25,63,reg
ldut_tile_prci_domain_tile_reset_domain_boom_tile_core_fp_rename_stage_maptable_br_snapshots__v2_bank_0_26,63,reg
ldut_tile_prci_domain_tile_reset_domain_boom_tile_core_fp_rename_stage_maptable_br_snapshots__v2_bank_0_27,63,reg
ldut_tile_prci_domain_tile_reset_domain_boom_tile_core_fp_rename_stage_maptable_br_snapshots__v2_bank_0_28,63,reg
ldut_tile_prci_domain_tile_reset_domain_boom_tile_core_fp_rename_stage_maptable_br_snapshots__v2_bank_0_29,63,reg
ldut_tile_prci_domain_tile_reset_domain_boom_tile_core_fp_rename_stage_maptable_br_snapshots__v2_bank_0_3,63,reg
ldut_tile_prci_domain_tile_reset_domain_boom_tile_core_fp_rename_stage_maptable_br_snapshots__v2_bank_0_30,63,reg
ldut_tile_prci_domain_tile_reset_domain_boom_tile_core_fp_rename_stage_maptable_br_snapshots__v2_bank_0_31,63,reg
ldut_tile_prci_domain_tile_reset_domain_boom_tile_core_fp_rename_stage_maptable_br_snapshots__v2_bank_0_32,63,reg
ldut_tile_prci_domain_tile_reset_domain_boom_tile_core_fp_rename_stage_maptable_br_snapshots__v2_bank_0_33,63,reg
ldut_tile_prci_domain_tile_reset_domain_boom_tile_core_fp_rename_stage_maptable_br_snapshots__v2_bank_0_34,63,reg
ldut_tile_prci_domain_tile_reset_domain_boom_tile_core_fp_rename_stage_maptable_br_snapshots__v2_bank_0_35,63,reg
ldut_tile_prci_domain_tile_reset_domain_boom_tile_core_fp_rename_stage_maptable_br_snapshots__v2_bank_0_36,63,reg
ldut_tile_prci_domain_tile_reset_domain_boom_tile_core_fp_rename_stage_maptable_br_snapshots__v2_bank_0_37,63,reg
ldut_tile_prci_domain_tile_reset_domain_boom_tile_core_fp_rename_stage_maptable_br_snapshots__v2_bank_0_38,63,reg
ldut_tile_prci_domain_tile_reset_domain_boom_tile_core_fp_rename_stage_maptable_br_snapshots__v2_bank_0_39,63,reg
ldut_tile_prci_domain_tile_reset_domain_boom_tile_core_fp_rename_stage_maptable_br_snapshots__v2_bank_0_4,63,reg
ldut_tile_prci_domain_tile_reset_domain_boom_tile_core_fp_rename_stage_maptable_br_snapshots__v2_bank_0_40,63,reg
ldut_tile_prci_domain_tile_reset_domain_boom_tile_core_fp_rename_stage_maptable_br_snapshots__v2_bank_0_41,63,reg
ldut_tile_prci_domain_tile_reset_domain_boom_tile_core_fp_rename_stage_maptable_br_snapshots__v2_bank_0_42,63,reg
ldut_tile_prci_domain_tile_reset_domain_boom_tile_core_fp_rename_stage_maptable_br_snapshots__v2_bank_0_43,63,reg
ldut_tile_prci_domain_tile_reset_domain_boom_tile_core_fp_rename_stage_maptable_br_snapshots__v2_bank_0_44,63,reg
ldut_tile_prci_domain_tile_reset_domain_boom_tile_core_fp_rename_stage_maptable_br_snapshots__v2_bank_0_45,63,reg
ldut_tile_prci_domain_tile_reset_domain_boom_tile_core_fp_rename_stage_maptable_br_snapshots__v2_bank_0_46,63,reg
ldut_tile_prci_domain_tile_reset_domain_boom_tile_core_fp_rename_stage_maptable_br_snapshots__v2_bank_0_47,63,reg
ldut_tile_prci_domain_tile_reset_domain_boom_tile_core_fp_rename_stage_maptable_br_snapshots__v2_bank_0_48,63,reg
ldut_tile_prci_domain_tile_reset_domain_boom_tile_core_fp_rename_stage_maptable_br_snapshots__v2_bank_0_49,63,reg
ldut_tile_prci_domain_tile_reset_domain_boom_tile_core_fp_rename_stage_maptable_br_snapshots__v2_bank_0_5,63,reg
ldut_tile_prci_domain_tile_reset_domain_boom_tile_core_fp_rename_stage_maptable_br_snapshots__v2_bank_0_50,63,reg
ldut_tile_prci_domain_tile_reset_domain_boom_tile_core_fp_rename_stage_maptable_br_snapshots__v2_bank_0_51,63,reg
ldut_tile_prci_domain_tile_reset_domain_boom_tile_core_fp_rename_stage_maptable_br_snapshots__v2_bank_0_52,63,reg
ldut_tile_prci_domain_tile_reset_domain_boom_tile_core_fp_rename_stage_maptable_br_snapshots__v2_bank_0_53,63,reg
ldut_tile_prci_domain_tile_reset_domain_boom_tile_core_fp_rename_stage_maptable_br_snapshots__v2_bank_0_54,63,reg
ldut_tile_prci_domain_tile_reset_domain_boom_tile_core_fp_rename_stage_maptable_br_snapshots__v2_bank_0_55,63,reg
ldut_tile_prci_domain_tile_reset_domain_boom_tile_core_fp_rename_stage_maptable_br_snapshots__v2_bank_0_56,56,reg
ldut_tile_prci_domain_tile_reset_domain_boom_tile_core_fp_rename_stage_maptable_br_snapshots__v2_bank_0_6,63,reg
ldut_tile_prci_domain_tile_reset_domain_boom_tile_core_fp_rename_stage_maptable_br_snapshots__v2_bank_0_7,63,reg
ldut_tile_prci_domain_tile_reset_domain_boom_tile_core_fp_rename_stage_maptable_br_snapshots__v2_bank_0_8,63,reg
ldut_tile_prci_domain_tile_reset_domain_boom_tile_core_fp_rename_stage_maptable_br_snapshots__v2_bank_0_9,63,reg
ldut_tile_prci_domain_tile_reset_domain_boom_tile_core_fp_rename_stage_maptable_map_table__v2_bank_0_0,63,reg
ldut_tile_prci_domain_tile_reset_domain_boom_tile_core_fp_rename_stage_maptable_map_table__v2_bank_0_1,63,reg
ldut_tile_prci_domain_tile_reset_domain_boom_tile_core_fp_rename_stage_maptable_map_table__v2_bank_0_2,63,reg
ldut_tile_prci_domain_tile_reset_domain_boom_tile_core_fp_rename_stage_maptable_map_table__v2_bank_0_3,35,reg
ldut_tile_prci_domain_tile_reset_domain_boom_tile_core_int_issue_unit_REG,1,reg
ldut_tile_prci_domain_tile_reset_domain_boom_tile_core_int_issue_unit_REG_1,1,reg
ldut_tile_prci_domain_tile_reset_domain_boom_tile_core_int_issue_unit_REG_2,1,reg
ldut_tile_prci_domain_tile_reset_domain_boom_tile_core_int_issue_unit_slots_0_p1,1,reg
ldut_tile_prci_domain_tile_reset_domain_boom_tile_core_int_issue_unit_slots_0_p1_poisoned,1,reg
ldut_tile_prci_domain_tile_reset_domain_boom_tile_core_int_issue_unit_slots_0_p2,1,reg
ldut_tile_prci_domain_tile_reset_domain_boom_tile_core_int_issue_unit_slots_0_p2_poisoned,1,reg
ldut_tile_prci_domain_tile_reset_domain_boom_tile_core_int_issue_unit_slots_0_p3,1,reg
ldut_tile_prci_domain_tile_reset_domain_boom_tile_core_int_issue_unit_slots_0_ppred,1,reg
ldut_tile_prci_domain_tile_reset_domain_boom_tile_core_int_issue_unit_slots_0_slot_uop__v2_bank_0_0,64,reg
ldut_tile_prci_domain_tile_reset_domain_boom_tile_core_int_issue_unit_slots_0_slot_uop__v2_bank_0_1,33,reg
ldut_tile_prci_domain_tile_reset_domain_boom_tile_core_int_issue_unit_slots_0_slot_uop__v2_bank_1_0,11,reg
ldut_tile_prci_domain_tile_reset_domain_boom_tile_core_int_issue_unit_slots_0_slot_uop__v2_bank_2_0,27,reg
ldut_tile_prci_domain_tile_reset_domain_boom_tile_core_int_issue_unit_slots_0_state,2,reg
ldut_tile_prci_domain_tile_reset_domain_boom_tile_core_int_issue_unit_slots_1_p1,1,reg
ldut_tile_prci_domain_tile_reset_domain_boom_tile_core_int_issue_unit_slots_1_p1_poisoned,1,reg
ldut_tile_prci_domain_tile_reset_domain_boom_tile_core_int_issue_unit_slots_1_p2,1,reg
ldut_tile_prci_domain_tile_reset_domain_boom_tile_core_int_issue_unit_slots_1_p2_poisoned,1,reg
ldut_tile_prci_domain_tile_reset_domain_boom_tile_core_int_issue_unit_slots_1_p3,1,reg
ldut_tile_prci_domain_tile_reset_domain_boom_tile_core_int_issue_unit_slots_1_ppred,1,reg
ldut_tile_prci_domain_tile_reset_domain_boom_tile_core_int_issue_unit_slots_1_slot_uop__v2_bank_0_0,64,reg
ldut_tile_prci_domain_tile_reset_domain_boom_tile_core_int_issue_unit_slots_1_slot_uop__v2_bank_0_1,33,reg
ldut_tile_prci_domain_tile_reset_domain_boom_tile_core_int_issue_unit_slots_1_slot_uop__v2_bank_1_0,11,reg
ldut_tile_prci_domain_tile_reset_domain_boom_tile_core_int_issue_unit_slots_1_slot_uop__v2_bank_2_0,27,reg
ldut_tile_prci_domain_tile_reset_domain_boom_tile_core_int_issue_unit_slots_1_state,2,reg
ldut_tile_prci_domain_tile_reset_domain_boom_tile_core_int_issue_unit_slots_10_p1,1,reg
ldut_tile_prci_domain_tile_reset_domain_boom_tile_core_int_issue_unit_slots_10_p1_poisoned,1,reg
ldut_tile_prci_domain_tile_reset_domain_boom_tile_core_int_issue_unit_slots_10_p2,1,reg
ldut_tile_prci_domain_tile_reset_domain_boom_tile_core_int_issue_unit_slots_10_p2_poisoned,1,reg
ldut_tile_prci_domain_tile_reset_domain_boom_tile_core_int_issue_unit_slots_10_p3,1,reg
ldut_tile_prci_domain_tile_reset_domain_boom_tile_core_int_issue_unit_slots_10_ppred,1,reg
ldut_tile_prci_domain_tile_reset_domain_boom_tile_core_int_issue_unit_slots_10_slot_uop__v2_bank_0_0,64,reg
ldut_tile_prci_domain_tile_reset_domain_boom_tile_core_int_issue_unit_slots_10_slot_uop__v2_bank_0_1,33,reg
ldut_tile_prci_domain_tile_reset_domain_boom_tile_core_int_issue_unit_slots_10_slot_uop__v2_bank_1_0,11,reg
ldut_tile_prci_domain_tile_reset_domain_boom_tile_core_int_issue_unit_slots_10_slot_uop__v2_bank_2_0,27,reg
ldut_tile_prci_domain_tile_reset_domain_boom_tile_core_int_issue_unit_slots_10_state,2,reg
ldut_tile_prci_domain_tile_reset_domain_boom_tile_core_int_issue_unit_slots_11_p1,1,reg
ldut_tile_prci_domain_tile_reset_domain_boom_tile_core_int_issue_unit_slots_11_p1_poisoned,1,reg
ldut_tile_prci_domain_tile_reset_domain_boom_tile_core_int_issue_unit_slots_11_p2,1,reg
ldut_tile_prci_domain_tile_reset_domain_boom_tile_core_int_issue_unit_slots_11_p2_poisoned,1,reg
ldut_tile_prci_domain_tile_reset_domain_boom_tile_core_int_issue_unit_slots_11_p3,1,reg
ldut_tile_prci_domain_tile_reset_domain_boom_tile_core_int_issue_unit_slots_11_ppred,1,reg
ldut_tile_prci_domain_tile_reset_domain_boom_tile_core_int_issue_unit_slots_11_slot_uop__v2_bank_0_0,64,reg
ldut_tile_prci_domain_tile_reset_domain_boom_tile_core_int_issue_unit_slots_11_slot_uop__v2_bank_0_1,33,reg
ldut_tile_prci_domain_tile_reset_domain_boom_tile_core_int_issue_unit_slots_11_slot_uop__v2_bank_1_0,11,reg
ldut_tile_prci_domain_tile_reset_domain_boom_tile_core_int_issue_unit_slots_11_slot_uop__v2_bank_2_0,27,reg
ldut_tile_prci_domain_tile_reset_domain_boom_tile_core_int_issue_unit_slots_11_state,2,reg
ldut_tile_prci_domain_tile_reset_domain_boom_tile_core_int_issue_unit_slots_12_p1,1,reg
ldut_tile_prci_domain_tile_reset_domain_boom_tile_core_int_issue_unit_slots_12_p1_poisoned,1,reg
ldut_tile_prci_domain_tile_reset_domain_boom_tile_core_int_issue_unit_slots_12_p2,1,reg
ldut_tile_prci_domain_tile_reset_domain_boom_tile_core_int_issue_unit_slots_12_p2_poisoned,1,reg
ldut_tile_prci_domain_tile_reset_domain_boom_tile_core_int_issue_unit_slots_12_p3,1,reg
ldut_tile_prci_domain_tile_reset_domain_boom_tile_core_int_issue_unit_slots_12_ppred,1,reg
ldut_tile_prci_domain_tile_reset_domain_boom_tile_core_int_issue_unit_slots_12_slot_uop__v2_bank_0_0,64,reg
ldut_tile_prci_domain_tile_reset_domain_boom_tile_core_int_issue_unit_slots_12_slot_uop__v2_bank_0_1,33,reg
ldut_tile_prci_domain_tile_reset_domain_boom_tile_core_int_issue_unit_slots_12_slot_uop__v2_bank_1_0,11,reg
ldut_tile_prci_domain_tile_reset_domain_boom_tile_core_int_issue_unit_slots_12_slot_uop__v2_bank_2_0,27,reg
ldut_tile_prci_domain_tile_reset_domain_boom_tile_core_int_issue_unit_slots_12_state,2,reg
ldut_tile_prci_domain_tile_reset_domain_boom_tile_core_int_issue_unit_slots_13_p1,1,reg
ldut_tile_prci_domain_tile_reset_domain_boom_tile_core_int_issue_unit_slots_13_p1_poisoned,1,reg
ldut_tile_prci_domain_tile_reset_domain_boom_tile_core_int_issue_unit_slots_13_p2,1,reg
ldut_tile_prci_domain_tile_reset_domain_boom_tile_core_int_issue_unit_slots_13_p2_poisoned,1,reg
ldut_tile_prci_domain_tile_reset_domain_boom_tile_core_int_issue_unit_slots_13_p3,1,reg
ldut_tile_prci_domain_tile_reset_domain_boom_tile_core_int_issue_unit_slots_13_ppred,1,reg
ldut_tile_prci_domain_tile_reset_domain_boom_tile_core_int_issue_unit_slots_13_slot_uop__v2_bank_0_0,64,reg
ldut_tile_prci_domain_tile_reset_domain_boom_tile_core_int_issue_unit_slots_13_slot_uop__v2_bank_0_1,33,reg
ldut_tile_prci_domain_tile_reset_domain_boom_tile_core_int_issue_unit_slots_13_slot_uop__v2_bank_1_0,11,reg
ldut_tile_prci_domain_tile_reset_domain_boom_tile_core_int_issue_unit_slots_13_slot_uop__v2_bank_2_0,27,reg
ldut_tile_prci_domain_tile_reset_domain_boom_tile_core_int_issue_unit_slots_13_state,2,reg
ldut_tile_prci_domain_tile_reset_domain_boom_tile_core_int_issue_unit_slots_14_p1,1,reg
ldut_tile_prci_domain_tile_reset_domain_boom_tile_core_int_issue_unit_slots_14_p1_poisoned,1,reg
ldut_tile_prci_domain_tile_reset_domain_boom_tile_core_int_issue_unit_slots_14_p2,1,reg
ldut_tile_prci_domain_tile_reset_domain_boom_tile_core_int_issue_unit_slots_14_p2_poisoned,1,reg
ldut_tile_prci_domain_tile_reset_domain_boom_tile_core_int_issue_unit_slots_14_p3,1,reg
ldut_tile_prci_domain_tile_reset_domain_boom_tile_core_int_issue_unit_slots_14_ppred,1,reg
ldut_tile_prci_domain_tile_reset_domain_boom_tile_core_int_issue_unit_slots_14_slot_uop__v2_bank_0_0,64,reg
ldut_tile_prci_domain_tile_reset_domain_boom_tile_core_int_issue_unit_slots_14_slot_uop__v2_bank_0_1,33,reg
ldut_tile_prci_domain_tile_reset_domain_boom_tile_core_int_issue_unit_slots_14_slot_uop__v2_bank_1_0,11,reg
ldut_tile_prci_domain_tile_reset_domain_boom_tile_core_int_issue_unit_slots_14_slot_uop__v2_bank_2_0,27,reg
ldut_tile_prci_domain_tile_reset_domain_boom_tile_core_int_issue_unit_slots_14_state,2,reg
ldut_tile_prci_domain_tile_reset_domain_boom_tile_core_int_issue_unit_slots_15_p1,1,reg
ldut_tile_prci_domain_tile_reset_domain_boom_tile_core_int_issue_unit_slots_15_p1_poisoned,1,reg
ldut_tile_prci_domain_tile_reset_domain_boom_tile_core_int_issue_unit_slots_15_p2,1,reg
ldut_tile_prci_domain_tile_reset_domain_boom_tile_core_int_issue_unit_slots_15_p2_poisoned,1,reg
ldut_tile_prci_domain_tile_reset_domain_boom_tile_core_int_issue_unit_slots_15_p3,1,reg
ldut_tile_prci_domain_tile_reset_domain_boom_tile_core_int_issue_unit_slots_15_ppred,1,reg
ldut_tile_prci_domain_tile_reset_domain_boom_tile_core_int_issue_unit_slots_15_slot_uop__v2_bank_0_0,64,reg
ldut_tile_prci_domain_tile_reset_domain_boom_tile_core_int_issue_unit_slots_15_slot_uop__v2_bank_0_1,33,reg
ldut_tile_prci_domain_tile_reset_domain_boom_tile_core_int_issue_unit_slots_15_slot_uop__v2_bank_1_0,11,reg
ldut_tile_prci_domain_tile_reset_domain_boom_tile_core_int_issue_unit_slots_15_slot_uop__v2_bank_2_0,27,reg
ldut_tile_prci_domain_tile_reset_domain_boom_tile_core_int_issue_unit_slots_15_state,2,reg
ldut_tile_prci_domain_tile_reset_domain_boom_tile_core_int_issue_unit_slots_16_p1,1,reg
ldut_tile_prci_domain_tile_reset_domain_boom_tile_core_int_issue_unit_slots_16_p1_poisoned,1,reg
ldut_tile_prci_domain_tile_reset_domain_boom_tile_core_int_issue_unit_slots_16_p2,1,reg
ldut_tile_prci_domain_tile_reset_domain_boom_tile_core_int_issue_unit_slots_16_p2_poisoned,1,reg
ldut_tile_prci_domain_tile_reset_domain_boom_tile_core_int_issue_unit_slots_16_p3,1,reg
ldut_tile_prci_domain_tile_reset_domain_boom_tile_core_int_issue_unit_slots_16_ppred,1,reg
ldut_tile_prci_domain_tile_reset_domain_boom_tile_core_int_issue_unit_slots_16_slot_uop__v2_bank_0_0,64,reg
ldut_tile_prci_domain_tile_reset_domain_boom_tile_core_int_issue_unit_slots_16_slot_uop__v2_bank_0_1,33,reg
ldut_tile_prci_domain_tile_reset_domain_boom_tile_core_int_issue_unit_slots_16_slot_uop__v2_bank_1_0,11,reg
ldut_tile_prci_domain_tile_reset_domain_boom_tile_core_int_issue_unit_slots_16_slot_uop__v2_bank_2_0,27,reg
ldut_tile_prci_domain_tile_reset_domain_boom_tile_core_int_issue_unit_slots_16_state,2,reg
ldut_tile_prci_domain_tile_reset_domain_boom_tile_core_int_issue_unit_slots_17_p1,1,reg
ldut_tile_prci_domain_tile_reset_domain_boom_tile_core_int_issue_unit_slots_17_p1_poisoned,1,reg
ldut_tile_prci_domain_tile_reset_domain_boom_tile_core_int_issue_unit_slots_17_p2,1,reg
ldut_tile_prci_domain_tile_reset_domain_boom_tile_core_int_issue_unit_slots_17_p2_poisoned,1,reg
ldut_tile_prci_domain_tile_reset_domain_boom_tile_core_int_issue_unit_slots_17_p3,1,reg
ldut_tile_prci_domain_tile_reset_domain_boom_tile_core_int_issue_unit_slots_17_ppred,1,reg
ldut_tile_prci_domain_tile_reset_domain_boom_tile_core_int_issue_unit_slots_17_slot_uop__v2_bank_0_0,64,reg
ldut_tile_prci_domain_tile_reset_domain_boom_tile_core_int_issue_unit_slots_17_slot_uop__v2_bank_0_1,33,reg
ldut_tile_prci_domain_tile_reset_domain_boom_tile_core_int_issue_unit_slots_17_slot_uop__v2_bank_1_0,11,reg
ldut_tile_prci_domain_tile_reset_domain_boom_tile_core_int_issue_unit_slots_17_slot_uop__v2_bank_2_0,27,reg
ldut_tile_prci_domain_tile_reset_domain_boom_tile_core_int_issue_unit_slots_17_state,2,reg
ldut_tile_prci_domain_tile_reset_domain_boom_tile_core_int_issue_unit_slots_18_p1,1,reg
ldut_tile_prci_domain_tile_reset_domain_boom_tile_core_int_issue_unit_slots_18_p1_poisoned,1,reg
ldut_tile_prci_domain_tile_reset_domain_boom_tile_core_int_issue_unit_slots_18_p2,1,reg
ldut_tile_prci_domain_tile_reset_domain_boom_tile_core_int_issue_unit_slots_18_p2_poisoned,1,reg
ldut_tile_prci_domain_tile_reset_domain_boom_tile_core_int_issue_unit_slots_18_p3,1,reg
ldut_tile_prci_domain_tile_reset_domain_boom_tile_core_int_issue_unit_slots_18_ppred,1,reg
ldut_tile_prci_domain_tile_reset_domain_boom_tile_core_int_issue_unit_slots_18_slot_uop__v2_bank_0_0,64,reg
ldut_tile_prci_domain_tile_reset_domain_boom_tile_core_int_issue_unit_slots_18_slot_uop__v2_bank_0_1,33,reg
ldut_tile_prci_domain_tile_reset_domain_boom_tile_core_int_issue_unit_slots_18_slot_uop__v2_bank_1_0,11,reg
ldut_tile_prci_domain_tile_reset_domain_boom_tile_core_int_issue_unit_slots_18_slot_uop__v2_bank_2_0,27,reg
ldut_tile_prci_domain_tile_reset_domain_boom_tile_core_int_issue_unit_slots_18_state,2,reg
ldut_tile_prci_domain_tile_reset_domain_boom_tile_core_int_issue_unit_slots_19_p1,1,reg
ldut_tile_prci_domain_tile_reset_domain_boom_tile_core_int_issue_unit_slots_19_p1_poisoned,1,reg
ldut_tile_prci_domain_tile_reset_domain_boom_tile_core_int_issue_unit_slots_19_p2,1,reg
ldut_tile_prci_domain_tile_reset_domain_boom_tile_core_int_issue_unit_slots_19_p2_poisoned,1,reg
ldut_tile_prci_domain_tile_reset_domain_boom_tile_core_int_issue_unit_slots_19_p3,1,reg
ldut_tile_prci_domain_tile_reset_domain_boom_tile_core_int_issue_unit_slots_19_ppred,1,reg
ldut_tile_prci_domain_tile_reset_domain_boom_tile_core_int_issue_unit_slots_19_slot_uop__v2_bank_0_0,64,reg
ldut_tile_prci_domain_tile_reset_domain_boom_tile_core_int_issue_unit_slots_19_slot_uop__v2_bank_0_1,33,reg
ldut_tile_prci_domain_tile_reset_domain_boom_tile_core_int_issue_unit_slots_19_slot_uop__v2_bank_1_0,11,reg
ldut_tile_prci_domain_tile_reset_domain_boom_tile_core_int_issue_unit_slots_19_slot_uop__v2_bank_2_0,27,reg
ldut_tile_prci_domain_tile_reset_domain_boom_tile_core_int_issue_unit_slots_19_state,2,reg
ldut_tile_prci_domain_tile_reset_domain_boom_tile_core_int_issue_unit_slots_2_p1,1,reg
ldut_tile_prci_domain_tile_reset_domain_boom_tile_core_int_issue_unit_slots_2_p1_poisoned,1,reg
ldut_tile_prci_domain_tile_reset_domain_boom_tile_core_int_issue_unit_slots_2_p2,1,reg
ldut_tile_prci_domain_tile_reset_domain_boom_tile_core_int_issue_unit_slots_2_p2_poisoned,1,reg
ldut_tile_prci_domain_tile_reset_domain_boom_tile_core_int_issue_unit_slots_2_p3,1,reg
ldut_tile_prci_domain_tile_reset_domain_boom_tile_core_int_issue_unit_slots_2_ppred,1,reg
ldut_tile_prci_domain_tile_reset_domain_boom_tile_core_int_issue_unit_slots_2_slot_uop__v2_bank_0_0,64,reg
ldut_tile_prci_domain_tile_reset_domain_boom_tile_core_int_issue_unit_slots_2_slot_uop__v2_bank_0_1,33,reg
ldut_tile_prci_domain_tile_reset_domain_boom_tile_core_int_issue_unit_slots_2_slot_uop__v2_bank_1_0,11,reg
ldut_tile_prci_domain_tile_reset_domain_boom_tile_core_int_issue_unit_slots_2_slot_uop__v2_bank_2_0,27,reg
ldut_tile_prci_domain_tile_reset_domain_boom_tile_core_int_issue_unit_slots_2_state,2,reg
ldut_tile_prci_domain_tile_reset_domain_boom_tile_core_int_issue_unit_slots_20_p1,1,reg
ldut_tile_prci_domain_tile_reset_domain_boom_tile_core_int_issue_unit_slots_20_p1_poisoned,1,reg
ldut_tile_prci_domain_tile_reset_domain_boom_tile_core_int_issue_unit_slots_20_p2,1,reg
ldut_tile_prci_domain_tile_reset_domain_boom_tile_core_int_issue_unit_slots_20_p2_poisoned,1,reg
ldut_tile_prci_domain_tile_reset_domain_boom_tile_core_int_issue_unit_slots_20_p3,1,reg
ldut_tile_prci_domain_tile_reset_domain_boom_tile_core_int_issue_unit_slots_20_ppred,1,reg
ldut_tile_prci_domain_tile_reset_domain_boom_tile_core_int_issue_unit_slots_20_slot_uop__v2_bank_0_0,64,reg
ldut_tile_prci_domain_tile_reset_domain_boom_tile_core_int_issue_unit_slots_20_slot_uop__v2_bank_0_1,33,reg
ldut_tile_prci_domain_tile_reset_domain_boom_tile_core_int_issue_unit_slots_20_slot_uop__v2_bank_1_0,11,reg
ldut_tile_prci_domain_tile_reset_domain_boom_tile_core_int_issue_unit_slots_20_slot_uop__v2_bank_2_0,27,reg
ldut_tile_prci_domain_tile_reset_domain_boom_tile_core_int_issue_unit_slots_20_state,2,reg
ldut_tile_prci_domain_tile_reset_domain_boom_tile_core_int_issue_unit_slots_21_p1,1,reg
ldut_tile_prci_domain_tile_reset_domain_boom_tile_core_int_issue_unit_slots_21_p1_poisoned,1,reg
ldut_tile_prci_domain_tile_reset_domain_boom_tile_core_int_issue_unit_slots_21_p2,1,reg
ldut_tile_prci_domain_tile_reset_domain_boom_tile_core_int_issue_unit_slots_21_p2_poisoned,1,reg
ldut_tile_prci_domain_tile_reset_domain_boom_tile_core_int_issue_unit_slots_21_p3,1,reg
ldut_tile_prci_domain_tile_reset_domain_boom_tile_core_int_issue_unit_slots_21_ppred,1,reg
ldut_tile_prci_domain_tile_reset_domain_boom_tile_core_int_issue_unit_slots_21_slot_uop__v2_bank_0_0,64,reg
ldut_tile_prci_domain_tile_reset_domain_boom_tile_core_int_issue_unit_slots_21_slot_uop__v2_bank_0_1,33,reg
ldut_tile_prci_domain_tile_reset_domain_boom_tile_core_int_issue_unit_slots_21_slot_uop__v2_bank_1_0,11,reg
ldut_tile_prci_domain_tile_reset_domain_boom_tile_core_int_issue_unit_slots_21_slot_uop__v2_bank_2_0,27,reg
ldut_tile_prci_domain_tile_reset_domain_boom_tile_core_int_issue_unit_slots_21_state,2,reg
ldut_tile_prci_domain_tile_reset_domain_boom_tile_core_int_issue_unit_slots_22_p1,1,reg
ldut_tile_prci_domain_tile_reset_domain_boom_tile_core_int_issue_unit_slots_22_p1_poisoned,1,reg
ldut_tile_prci_domain_tile_reset_domain_boom_tile_core_int_issue_unit_slots_22_p2,1,reg
ldut_tile_prci_domain_tile_reset_domain_boom_tile_core_int_issue_unit_slots_22_p2_poisoned,1,reg
ldut_tile_prci_domain_tile_reset_domain_boom_tile_core_int_issue_unit_slots_22_p3,1,reg
ldut_tile_prci_domain_tile_reset_domain_boom_tile_core_int_issue_unit_slots_22_ppred,1,reg
ldut_tile_prci_domain_tile_reset_domain_boom_tile_core_int_issue_unit_slots_22_slot_uop__v2_bank_0_0,64,reg
ldut_tile_prci_domain_tile_reset_domain_boom_tile_core_int_issue_unit_slots_22_slot_uop__v2_bank_0_1,33,reg
ldut_tile_prci_domain_tile_reset_domain_boom_tile_core_int_issue_unit_slots_22_slot_uop__v2_bank_1_0,11,reg
ldut_tile_prci_domain_tile_reset_domain_boom_tile_core_int_issue_unit_slots_22_slot_uop__v2_bank_2_0,27,reg
ldut_tile_prci_domain_tile_reset_domain_boom_tile_core_int_issue_unit_slots_22_state,2,reg
ldut_tile_prci_domain_tile_reset_domain_boom_tile_core_int_issue_unit_slots_23_p1,1,reg
ldut_tile_prci_domain_tile_reset_domain_boom_tile_core_int_issue_unit_slots_23_p1_poisoned,1,reg
ldut_tile_prci_domain_tile_reset_domain_boom_tile_core_int_issue_unit_slots_23_p2,1,reg
ldut_tile_prci_domain_tile_reset_domain_boom_tile_core_int_issue_unit_slots_23_p2_poisoned,1,reg
ldut_tile_prci_domain_tile_reset_domain_boom_tile_core_int_issue_unit_slots_23_p3,1,reg
ldut_tile_prci_domain_tile_reset_domain_boom_tile_core_int_issue_unit_slots_23_ppred,1,reg
ldut_tile_prci_domain_tile_reset_domain_boom_tile_core_int_issue_unit_slots_23_slot_uop__v2_bank_0_0,64,reg
ldut_tile_prci_domain_tile_reset_domain_boom_tile_core_int_issue_unit_slots_23_slot_uop__v2_bank_0_1,33,reg
ldut_tile_prci_domain_tile_reset_domain_boom_tile_core_int_issue_unit_slots_23_slot_uop__v2_bank_1_0,11,reg
ldut_tile_prci_domain_tile_reset_domain_boom_tile_core_int_issue_unit_slots_23_slot_uop__v2_bank_2_0,27,reg
ldut_tile_prci_domain_tile_reset_domain_boom_tile_core_int_issue_unit_slots_23_state,2,reg
ldut_tile_prci_domain_tile_reset_domain_boom_tile_core_int_issue_unit_slots_24_p1,1,reg
ldut_tile_prci_domain_tile_reset_domain_boom_tile_core_int_issue_unit_slots_24_p1_poisoned,1,reg
ldut_tile_prci_domain_tile_reset_domain_boom_tile_core_int_issue_unit_slots_24_p2,1,reg
ldut_tile_prci_domain_tile_reset_domain_boom_tile_core_int_issue_unit_slots_24_p2_poisoned,1,reg
ldut_tile_prci_domain_tile_reset_domain_boom_tile_core_int_issue_unit_slots_24_p3,1,reg
ldut_tile_prci_domain_tile_reset_domain_boom_tile_core_int_issue_unit_slots_24_ppred,1,reg
ldut_tile_prci_domain_tile_reset_domain_boom_tile_core_int_issue_unit_slots_24_slot_uop__v2_bank_0_0,64,reg
ldut_tile_prci_domain_tile_reset_domain_boom_tile_core_int_issue_unit_slots_24_slot_uop__v2_bank_0_1,33,reg
ldut_tile_prci_domain_tile_reset_domain_boom_tile_core_int_issue_unit_slots_24_slot_uop__v2_bank_1_0,11,reg
ldut_tile_prci_domain_tile_reset_domain_boom_tile_core_int_issue_unit_slots_24_slot_uop__v2_bank_2_0,27,reg
ldut_tile_prci_domain_tile_reset_domain_boom_tile_core_int_issue_unit_slots_24_state,2,reg
ldut_tile_prci_domain_tile_reset_domain_boom_tile_core_int_issue_unit_slots_25_p1,1,reg
ldut_tile_prci_domain_tile_reset_domain_boom_tile_core_int_issue_unit_slots_25_p1_poisoned,1,reg
ldut_tile_prci_domain_tile_reset_domain_boom_tile_core_int_issue_unit_slots_25_p2,1,reg
ldut_tile_prci_domain_tile_reset_domain_boom_tile_core_int_issue_unit_slots_25_p2_poisoned,1,reg
ldut_tile_prci_domain_tile_reset_domain_boom_tile_core_int_issue_unit_slots_25_p3,1,reg
ldut_tile_prci_domain_tile_reset_domain_boom_tile_core_int_issue_unit_slots_25_ppred,1,reg
ldut_tile_prci_domain_tile_reset_domain_boom_tile_core_int_issue_unit_slots_25_slot_uop__v2_bank_0_0,64,reg
ldut_tile_prci_domain_tile_reset_domain_boom_tile_core_int_issue_unit_slots_25_slot_uop__v2_bank_0_1,33,reg
ldut_tile_prci_domain_tile_reset_domain_boom_tile_core_int_issue_unit_slots_25_slot_uop__v2_bank_1_0,11,reg
ldut_tile_prci_domain_tile_reset_domain_boom_tile_core_int_issue_unit_slots_25_slot_uop__v2_bank_2_0,27,reg
ldut_tile_prci_domain_tile_reset_domain_boom_tile_core_int_issue_unit_slots_25_state,2,reg
ldut_tile_prci_domain_tile_reset_domain_boom_tile_core_int_issue_unit_slots_26_p1,1,reg
ldut_tile_prci_domain_tile_reset_domain_boom_tile_core_int_issue_unit_slots_26_p1_poisoned,1,reg
ldut_tile_prci_domain_tile_reset_domain_boom_tile_core_int_issue_unit_slots_26_p2,1,reg
ldut_tile_prci_domain_tile_reset_domain_boom_tile_core_int_issue_unit_slots_26_p2_poisoned,1,reg
ldut_tile_prci_domain_tile_reset_domain_boom_tile_core_int_issue_unit_slots_26_p3,1,reg
ldut_tile_prci_domain_tile_reset_domain_boom_tile_core_int_issue_unit_slots_26_ppred,1,reg
ldut_tile_prci_domain_tile_reset_domain_boom_tile_core_int_issue_unit_slots_26_slot_uop__v2_bank_0_0,64,reg
ldut_tile_prci_domain_tile_reset_domain_boom_tile_core_int_issue_unit_slots_26_slot_uop__v2_bank_0_1,33,reg
ldut_tile_prci_domain_tile_reset_domain_boom_tile_core_int_issue_unit_slots_26_slot_uop__v2_bank_1_0,11,reg
ldut_tile_prci_domain_tile_reset_domain_boom_tile_core_int_issue_unit_slots_26_slot_uop__v2_bank_2_0,27,reg
ldut_tile_prci_domain_tile_reset_domain_boom_tile_core_int_issue_unit_slots_26_state,2,reg
ldut_tile_prci_domain_tile_reset_domain_boom_tile_core_int_issue_unit_slots_27_p1,1,reg
ldut_tile_prci_domain_tile_reset_domain_boom_tile_core_int_issue_unit_slots_27_p1_poisoned,1,reg
ldut_tile_prci_domain_tile_reset_domain_boom_tile_core_int_issue_unit_slots_27_p2,1,reg
ldut_tile_prci_domain_tile_reset_domain_boom_tile_core_int_issue_unit_slots_27_p2_poisoned,1,reg
ldut_tile_prci_domain_tile_reset_domain_boom_tile_core_int_issue_unit_slots_27_p3,1,reg
ldut_tile_prci_domain_tile_reset_domain_boom_tile_core_int_issue_unit_slots_27_ppred,1,reg
ldut_tile_prci_domain_tile_reset_domain_boom_tile_core_int_issue_unit_slots_27_slot_uop__v2_bank_0_0,64,reg
ldut_tile_prci_domain_tile_reset_domain_boom_tile_core_int_issue_unit_slots_27_slot_uop__v2_bank_0_1,33,reg
ldut_tile_prci_domain_tile_reset_domain_boom_tile_core_int_issue_unit_slots_27_slot_uop__v2_bank_1_0,11,reg
ldut_tile_prci_domain_tile_reset_domain_boom_tile_core_int_issue_unit_slots_27_slot_uop__v2_bank_2_0,27,reg
ldut_tile_prci_domain_tile_reset_domain_boom_tile_core_int_issue_unit_slots_27_state,2,reg
ldut_tile_prci_domain_tile_reset_domain_boom_tile_core_int_issue_unit_slots_28_p1,1,reg
ldut_tile_prci_domain_tile_reset_domain_boom_tile_core_int_issue_unit_slots_28_p1_poisoned,1,reg
ldut_tile_prci_domain_tile_reset_domain_boom_tile_core_int_issue_unit_slots_28_p2,1,reg
ldut_tile_prci_domain_tile_reset_domain_boom_tile_core_int_issue_unit_slots_28_p2_poisoned,1,reg
ldut_tile_prci_domain_tile_reset_domain_boom_tile_core_int_issue_unit_slots_28_p3,1,reg
ldut_tile_prci_domain_tile_reset_domain_boom_tile_core_int_issue_unit_slots_28_ppred,1,reg
ldut_tile_prci_domain_tile_reset_domain_boom_tile_core_int_issue_unit_slots_28_slot_uop__v2_bank_0_0,64,reg
ldut_tile_prci_domain_tile_reset_domain_boom_tile_core_int_issue_unit_slots_28_slot_uop__v2_bank_0_1,33,reg
ldut_tile_prci_domain_tile_reset_domain_boom_tile_core_int_issue_unit_slots_28_slot_uop__v2_bank_1_0,11,reg
ldut_tile_prci_domain_tile_reset_domain_boom_tile_core_int_issue_unit_slots_28_slot_uop__v2_bank_2_0,27,reg
ldut_tile_prci_domain_tile_reset_domain_boom_tile_core_int_issue_unit_slots_28_state,2,reg
ldut_tile_prci_domain_tile_reset_domain_boom_tile_core_int_issue_unit_slots_29_p1,1,reg
ldut_tile_prci_domain_tile_reset_domain_boom_tile_core_int_issue_unit_slots_29_p1_poisoned,1,reg
ldut_tile_prci_domain_tile_reset_domain_boom_tile_core_int_issue_unit_slots_29_p2,1,reg
ldut_tile_prci_domain_tile_reset_domain_boom_tile_core_int_issue_unit_slots_29_p2_poisoned,1,reg
ldut_tile_prci_domain_tile_reset_domain_boom_tile_core_int_issue_unit_slots_29_p3,1,reg
ldut_tile_prci_domain_tile_reset_domain_boom_tile_core_int_issue_unit_slots_29_ppred,1,reg
ldut_tile_prci_domain_tile_reset_domain_boom_tile_core_int_issue_unit_slots_29_slot_uop__v2_bank_0_0,64,reg
ldut_tile_prci_domain_tile_reset_domain_boom_tile_core_int_issue_unit_slots_29_slot_uop__v2_bank_0_1,33,reg
ldut_tile_prci_domain_tile_reset_domain_boom_tile_core_int_issue_unit_slots_29_slot_uop__v2_bank_1_0,11,reg
ldut_tile_prci_domain_tile_reset_domain_boom_tile_core_int_issue_unit_slots_29_slot_uop__v2_bank_2_0,27,reg
ldut_tile_prci_domain_tile_reset_domain_boom_tile_core_int_issue_unit_slots_29_state,2,reg
ldut_tile_prci_domain_tile_reset_domain_boom_tile_core_int_issue_unit_slots_3_p1,1,reg
ldut_tile_prci_domain_tile_reset_domain_boom_tile_core_int_issue_unit_slots_3_p1_poisoned,1,reg
ldut_tile_prci_domain_tile_reset_domain_boom_tile_core_int_issue_unit_slots_3_p2,1,reg
ldut_tile_prci_domain_tile_reset_domain_boom_tile_core_int_issue_unit_slots_3_p2_poisoned,1,reg
ldut_tile_prci_domain_tile_reset_domain_boom_tile_core_int_issue_unit_slots_3_p3,1,reg
ldut_tile_prci_domain_tile_reset_domain_boom_tile_core_int_issue_unit_slots_3_ppred,1,reg
ldut_tile_prci_domain_tile_reset_domain_boom_tile_core_int_issue_unit_slots_3_slot_uop__v2_bank_0_0,64,reg
ldut_tile_prci_domain_tile_reset_domain_boom_tile_core_int_issue_unit_slots_3_slot_uop__v2_bank_0_1,33,reg
ldut_tile_prci_domain_tile_reset_domain_boom_tile_core_int_issue_unit_slots_3_slot_uop__v2_bank_1_0,11,reg
ldut_tile_prci_domain_tile_reset_domain_boom_tile_core_int_issue_unit_slots_3_slot_uop__v2_bank_2_0,27,reg
ldut_tile_prci_domain_tile_reset_domain_boom_tile_core_int_issue_unit_slots_3_state,2,reg
ldut_tile_prci_domain_tile_reset_domain_boom_tile_core_int_issue_unit_slots_30_p1,1,reg
ldut_tile_prci_domain_tile_reset_domain_boom_tile_core_int_issue_unit_slots_30_p1_poisoned,1,reg
ldut_tile_prci_domain_tile_reset_domain_boom_tile_core_int_issue_unit_slots_30_p2,1,reg
ldut_tile_prci_domain_tile_reset_domain_boom_tile_core_int_issue_unit_slots_30_p2_poisoned,1,reg
ldut_tile_prci_domain_tile_reset_domain_boom_tile_core_int_issue_unit_slots_30_p3,1,reg
ldut_tile_prci_domain_tile_reset_domain_boom_tile_core_int_issue_unit_slots_30_ppred,1,reg
ldut_tile_prci_domain_tile_reset_domain_boom_tile_core_int_issue_unit_slots_30_slot_uop__v2_bank_0_0,64,reg
ldut_tile_prci_domain_tile_reset_domain_boom_tile_core_int_issue_unit_slots_30_slot_uop__v2_bank_0_1,33,reg
ldut_tile_prci_domain_tile_reset_domain_boom_tile_core_int_issue_unit_slots_30_slot_uop__v2_bank_1_0,11,reg
ldut_tile_prci_domain_tile_reset_domain_boom_tile_core_int_issue_unit_slots_30_slot_uop__v2_bank_2_0,27,reg
ldut_tile_prci_domain_tile_reset_domain_boom_tile_core_int_issue_unit_slots_30_state,2,reg
ldut_tile_prci_domain_tile_reset_domain_boom_tile_core_int_issue_unit_slots_31_p1,1,reg
ldut_tile_prci_domain_tile_reset_domain_boom_tile_core_int_issue_unit_slots_31_p1_poisoned,1,reg
ldut_tile_prci_domain_tile_reset_domain_boom_tile_core_int_issue_unit_slots_31_p2,1,reg
ldut_tile_prci_domain_tile_reset_domain_boom_tile_core_int_issue_unit_slots_31_p2_poisoned,1,reg
ldut_tile_prci_domain_tile_reset_domain_boom_tile_core_int_issue_unit_slots_31_p3,1,reg
ldut_tile_prci_domain_tile_reset_domain_boom_tile_core_int_issue_unit_slots_31_ppred,1,reg
ldut_tile_prci_domain_tile_reset_domain_boom_tile_core_int_issue_unit_slots_31_slot_uop__v2_bank_0_0,64,reg
ldut_tile_prci_domain_tile_reset_domain_boom_tile_core_int_issue_unit_slots_31_slot_uop__v2_bank_0_1,33,reg
ldut_tile_prci_domain_tile_reset_domain_boom_tile_core_int_issue_unit_slots_31_slot_uop__v2_bank_1_0,11,reg
ldut_tile_prci_domain_tile_reset_domain_boom_tile_core_int_issue_unit_slots_31_slot_uop__v2_bank_2_0,27,reg
ldut_tile_prci_domain_tile_reset_domain_boom_tile_core_int_issue_unit_slots_31_state,2,reg
ldut_tile_prci_domain_tile_reset_domain_boom_tile_core_int_issue_unit_slots_4_p1,1,reg
ldut_tile_prci_domain_tile_reset_domain_boom_tile_core_int_issue_unit_slots_4_p1_poisoned,1,reg
ldut_tile_prci_domain_tile_reset_domain_boom_tile_core_int_issue_unit_slots_4_p2,1,reg
ldut_tile_prci_domain_tile_reset_domain_boom_tile_core_int_issue_unit_slots_4_p2_poisoned,1,reg
ldut_tile_prci_domain_tile_reset_domain_boom_tile_core_int_issue_unit_slots_4_p3,1,reg
ldut_tile_prci_domain_tile_reset_domain_boom_tile_core_int_issue_unit_slots_4_ppred,1,reg
ldut_tile_prci_domain_tile_reset_domain_boom_tile_core_int_issue_unit_slots_4_slot_uop__v2_bank_0_0,64,reg
ldut_tile_prci_domain_tile_reset_domain_boom_tile_core_int_issue_unit_slots_4_slot_uop__v2_bank_0_1,33,reg
ldut_tile_prci_domain_tile_reset_domain_boom_tile_core_int_issue_unit_slots_4_slot_uop__v2_bank_1_0,11,reg
ldut_tile_prci_domain_tile_reset_domain_boom_tile_core_int_issue_unit_slots_4_slot_uop__v2_bank_2_0,27,reg
ldut_tile_prci_domain_tile_reset_domain_boom_tile_core_int_issue_unit_slots_4_state,2,reg
ldut_tile_prci_domain_tile_reset_domain_boom_tile_core_int_issue_unit_slots_5_p1,1,reg
ldut_tile_prci_domain_tile_reset_domain_boom_tile_core_int_issue_unit_slots_5_p1_poisoned,1,reg
ldut_tile_prci_domain_tile_reset_domain_boom_tile_core_int_issue_unit_slots_5_p2,1,reg
ldut_tile_prci_domain_tile_reset_domain_boom_tile_core_int_issue_unit_slots_5_p2_poisoned,1,reg
ldut_tile_prci_domain_tile_reset_domain_boom_tile_core_int_issue_unit_slots_5_p3,1,reg
ldut_tile_prci_domain_tile_reset_domain_boom_tile_core_int_issue_unit_slots_5_ppred,1,reg
ldut_tile_prci_domain_tile_reset_domain_boom_tile_core_int_issue_unit_slots_5_slot_uop__v2_bank_0_0,64,reg
ldut_tile_prci_domain_tile_reset_domain_boom_tile_core_int_issue_unit_slots_5_slot_uop__v2_bank_0_1,33,reg
ldut_tile_prci_domain_tile_reset_domain_boom_tile_core_int_issue_unit_slots_5_slot_uop__v2_bank_1_0,11,reg
ldut_tile_prci_domain_tile_reset_domain_boom_tile_core_int_issue_unit_slots_5_slot_uop__v2_bank_2_0,27,reg
ldut_tile_prci_domain_tile_reset_domain_boom_tile_core_int_issue_unit_slots_5_state,2,reg
ldut_tile_prci_domain_tile_reset_domain_boom_tile_core_int_issue_unit_slots_6_p1,1,reg
ldut_tile_prci_domain_tile_reset_domain_boom_tile_core_int_issue_unit_slots_6_p1_poisoned,1,reg
ldut_tile_prci_domain_tile_reset_domain_boom_tile_core_int_issue_unit_slots_6_p2,1,reg
ldut_tile_prci_domain_tile_reset_domain_boom_tile_core_int_issue_unit_slots_6_p2_poisoned,1,reg
ldut_tile_prci_domain_tile_reset_domain_boom_tile_core_int_issue_unit_slots_6_p3,1,reg
ldut_tile_prci_domain_tile_reset_domain_boom_tile_core_int_issue_unit_slots_6_ppred,1,reg
ldut_tile_prci_domain_tile_reset_domain_boom_tile_core_int_issue_unit_slots_6_slot_uop__v2_bank_0_0,64,reg
ldut_tile_prci_domain_tile_reset_domain_boom_tile_core_int_issue_unit_slots_6_slot_uop__v2_bank_0_1,33,reg
ldut_tile_prci_domain_tile_reset_domain_boom_tile_core_int_issue_unit_slots_6_slot_uop__v2_bank_1_0,11,reg
ldut_tile_prci_domain_tile_reset_domain_boom_tile_core_int_issue_unit_slots_6_slot_uop__v2_bank_2_0,27,reg
ldut_tile_prci_domain_tile_reset_domain_boom_tile_core_int_issue_unit_slots_6_state,2,reg
ldut_tile_prci_domain_tile_reset_domain_boom_tile_core_int_issue_unit_slots_7_p1,1,reg
ldut_tile_prci_domain_tile_reset_domain_boom_tile_core_int_issue_unit_slots_7_p1_poisoned,1,reg
ldut_tile_prci_domain_tile_reset_domain_boom_tile_core_int_issue_unit_slots_7_p2,1,reg
ldut_tile_prci_domain_tile_reset_domain_boom_tile_core_int_issue_unit_slots_7_p2_poisoned,1,reg
ldut_tile_prci_domain_tile_reset_domain_boom_tile_core_int_issue_unit_slots_7_p3,1,reg
ldut_tile_prci_domain_tile_reset_domain_boom_tile_core_int_issue_unit_slots_7_ppred,1,reg
ldut_tile_prci_domain_tile_reset_domain_boom_tile_core_int_issue_unit_slots_7_slot_uop__v2_bank_0_0,64,reg
ldut_tile_prci_domain_tile_reset_domain_boom_tile_core_int_issue_unit_slots_7_slot_uop__v2_bank_0_1,33,reg
ldut_tile_prci_domain_tile_reset_domain_boom_tile_core_int_issue_unit_slots_7_slot_uop__v2_bank_1_0,11,reg
ldut_tile_prci_domain_tile_reset_domain_boom_tile_core_int_issue_unit_slots_7_slot_uop__v2_bank_2_0,27,reg
ldut_tile_prci_domain_tile_reset_domain_boom_tile_core_int_issue_unit_slots_7_state,2,reg
ldut_tile_prci_domain_tile_reset_domain_boom_tile_core_int_issue_unit_slots_8_p1,1,reg
ldut_tile_prci_domain_tile_reset_domain_boom_tile_core_int_issue_unit_slots_8_p1_poisoned,1,reg
ldut_tile_prci_domain_tile_reset_domain_boom_tile_core_int_issue_unit_slots_8_p2,1,reg
ldut_tile_prci_domain_tile_reset_domain_boom_tile_core_int_issue_unit_slots_8_p2_poisoned,1,reg
ldut_tile_prci_domain_tile_reset_domain_boom_tile_core_int_issue_unit_slots_8_p3,1,reg
ldut_tile_prci_domain_tile_reset_domain_boom_tile_core_int_issue_unit_slots_8_ppred,1,reg
ldut_tile_prci_domain_tile_reset_domain_boom_tile_core_int_issue_unit_slots_8_slot_uop__v2_bank_0_0,64,reg
ldut_tile_prci_domain_tile_reset_domain_boom_tile_core_int_issue_unit_slots_8_slot_uop__v2_bank_0_1,33,reg
ldut_tile_prci_domain_tile_reset_domain_boom_tile_core_int_issue_unit_slots_8_slot_uop__v2_bank_1_0,11,reg
ldut_tile_prci_domain_tile_reset_domain_boom_tile_core_int_issue_unit_slots_8_slot_uop__v2_bank_2_0,27,reg
ldut_tile_prci_domain_tile_reset_domain_boom_tile_core_int_issue_unit_slots_8_state,2,reg
ldut_tile_prci_domain_tile_reset_domain_boom_tile_core_int_issue_unit_slots_9_p1,1,reg
ldut_tile_prci_domain_tile_reset_domain_boom_tile_core_int_issue_unit_slots_9_p1_poisoned,1,reg
ldut_tile_prci_domain_tile_reset_domain_boom_tile_core_int_issue_unit_slots_9_p2,1,reg
ldut_tile_prci_domain_tile_reset_domain_boom_tile_core_int_issue_unit_slots_9_p2_poisoned,1,reg
ldut_tile_prci_domain_tile_reset_domain_boom_tile_core_int_issue_unit_slots_9_p3,1,reg
ldut_tile_prci_domain_tile_reset_domain_boom_tile_core_int_issue_unit_slots_9_ppred,1,reg
ldut_tile_prci_domain_tile_reset_domain_boom_tile_core_int_issue_unit_slots_9_slot_uop__v2_bank_0_0,64,reg
ldut_tile_prci_domain_tile_reset_domain_boom_tile_core_int_issue_unit_slots_9_slot_uop__v2_bank_0_1,33,reg
ldut_tile_prci_domain_tile_reset_domain_boom_tile_core_int_issue_unit_slots_9_slot_uop__v2_bank_1_0,11,reg
ldut_tile_prci_domain_tile_reset_domain_boom_tile_core_int_issue_unit_slots_9_slot_uop__v2_bank_2_0,27,reg
ldut_tile_prci_domain_tile_reset_domain_boom_tile_core_int_issue_unit_slots_9_state,2,reg
ldut_tile_prci_domain_tile_reset_domain_boom_tile_core_int_issue_unit_io_flush_pipeline_REG,1,reg
ldut_tile_prci_domain_tile_reset_domain_boom_tile_core_iregister_read_exe_reg_rs1_data_0,64,reg
ldut_tile_prci_domain_tile_reset_domain_boom_tile_core_iregister_read_exe_reg_rs1_data_1,64,reg
ldut_tile_prci_domain_tile_reset_domain_boom_tile_core_iregister_read_exe_reg_rs1_data_3,64,reg
ldut_tile_prci_domain_tile_reset_domain_boom_tile_core_iregister_read_exe_reg_rs2_data_0,64,reg
ldut_tile_prci_domain_tile_reset_domain_boom_tile_core_iregister_read_exe_reg_rs2_data_1,64,reg
ldut_tile_prci_domain_tile_reset_domain_boom_tile_core_iregister_read_exe_reg_rs2_data_2,64,reg
ldut_tile_prci_domain_tile_reset_domain_boom_tile_core_iregister_read_exe_reg_rs2_data_3,64,reg
ldut_tile_prci_domain_tile_reset_domain_boom_tile_core_iregister_read_exe_reg_uops_0_br_mask,16,reg
ldut_tile_prci_domain_tile_reset_domain_boom_tile_core_iregister_read_exe_reg_uops_0_ctrl_is_load,1,reg
ldut_tile_prci_domain_tile_reset_domain_boom_tile_core_iregister_read_exe_reg_uops_0_ctrl_is_sta,1,reg
ldut_tile_prci_domain_tile_reset_domain_boom_tile_core_iregister_read_exe_reg_uops_0_ctrl_is_std,1,reg
ldut_tile_prci_domain_tile_reset_domain_boom_tile_core_iregister_read_exe_reg_uops_0_fp_val,1,reg
ldut_tile_prci_domain_tile_reset_domain_boom_tile_core_iregister_read_exe_reg_uops_0_fu_code,10,reg
ldut_tile_prci_domain_tile_reset_domain_boom_tile_core_iregister_read_exe_reg_uops_0_imm_packed,20,reg
ldut_tile_prci_domain_tile_reset_domain_boom_tile_core_iregister_read_exe_reg_uops_0_is_amo,1,reg
ldut_tile_prci_domain_tile_reset_domain_boom_tile_core_iregister_read_exe_reg_uops_0_ldq_idx,5,reg
ldut_tile_prci_domain_tile_reset_domain_boom_tile_core_iregister_read_exe_reg_uops_0_mem_cmd,5,reg
ldut_tile_prci_domain_tile_reset_domain_boom_tile_core_iregister_read_exe_reg_uops_0_mem_signed,1,reg
ldut_tile_prci_domain_tile_reset_domain_boom_tile_core_iregister_read_exe_reg_uops_0_mem_size,2,reg
ldut_tile_prci_domain_tile_reset_domain_boom_tile_core_iregister_read_exe_reg_uops_0_pdst,7,reg
ldut_tile_prci_domain_tile_reset_domain_boom_tile_core_iregister_read_exe_reg_uops_0_rob_idx,7,reg
ldut_tile_prci_domain_tile_reset_domain_boom_tile_core_iregister_read_exe_reg_uops_0_stq_idx,5,reg
ldut_tile_prci_domain_tile_reset_domain_boom_tile_core_iregister_read_exe_reg_uops_0_uopc,7,reg
ldut_tile_prci_domain_tile_reset_domain_boom_tile_core_iregister_read_exe_reg_uops_0_uses_ldq,1,reg
ldut_tile_prci_domain_tile_reset_domain_boom_tile_core_iregister_read_exe_reg_uops_0_uses_stq,1,reg
ldut_tile_prci_domain_tile_reset_domain_boom_tile_core_iregister_read_exe_reg_uops_1_br_mask,16,reg
ldut_tile_prci_domain_tile_reset_domain_boom_tile_core_iregister_read_exe_reg_uops_1_fu_code,10,reg
ldut_tile_prci_domain_tile_reset_domain_boom_tile_core_iregister_read_exe_reg_valids_0,1,reg
ldut_tile_prci_domain_tile_reset_domain_boom_tile_core_iregister_read_exe_reg_valids_1,1,reg
ldut_tile_prci_domain_tile_reset_domain_boom_tile_core_jmp_unit_alu_REG_0,1,reg
ldut_tile_prci_domain_tile_reset_domain_boom_tile_core_jmp_unit_alu_REG_1_0_br_mask,16,reg
ldut_tile_prci_domain_tile_reset_domain_boom_tile_core_jmp_unit_alu_REG_1_0_bypassable,1,reg
ldut_tile_prci_domain_tile_reset_domain_boom_tile_core_jmp_unit_alu_REG_1_0_dst_rtype,2,reg
ldut_tile_prci_domain_tile_reset_domain_boom_tile_core_jmp_unit_alu_REG_1_0_pdst,7,reg
ldut_tile_prci_domain_tile_reset_domain_boom_tile_core_jmp_unit_div_div_divisor__w0,64,reg
ldut_tile_prci_domain_tile_reset_domain_boom_tile_core_jmp_unit_div_div_divisor__w1,1,reg
ldut_tile_prci_domain_tile_reset_domain_boom_tile_core_jmp_unit_div_div_neg_out,1,reg
ldut_tile_prci_domain_tile_reset_domain_boom_tile_core_jmp_unit_div_div_remainder__w0,64,reg
ldut_tile_prci_domain_tile_reset_domain_boom_tile_core_jmp_unit_div_div_remainder__w1,64,reg
ldut_tile_prci_domain_tile_reset_domain_boom_tile_core_jmp_unit_div_div_remainder__w2,2,reg
ldut_tile_prci_domain_tile_reset_domain_boom_tile_core_jmp_unit_div_div_state,3,reg
ldut_tile_prci_domain_tile_reset_domain_boom_tile_core_jmp_unit_div_r_uop_br_mask,16,reg
ldut_tile_prci_domain_tile_reset_domain_boom_tile_core_jmp_unit_div_r_uop_bypassable,1,reg
ldut_tile_prci_domain_tile_reset_domain_boom_tile_core_jmp_unit_div_r_uop_dst_rtype,2,reg
ldut_tile_prci_domain_tile_reset_domain_boom_tile_core_jmp_unit_div_r_uop_pdst,7,reg
ldut_tile_prci_domain_tile_reset_domain_boom_tile_core_mem_issue_unit_REG,1,reg
ldut_tile_prci_domain_tile_reset_domain_boom_tile_core_mem_issue_unit_REG_1,1,reg
ldut_tile_prci_domain_tile_reset_domain_boom_tile_core_mem_issue_unit_REG_2,1,reg
ldut_tile_prci_domain_tile_reset_domain_boom_tile_core_mem_issue_unit_slots_0_p1,1,reg
ldut_tile_prci_domain_tile_reset_domain_boom_tile_core_mem_issue_unit_slots_0_p1_poisoned,1,reg
ldut_tile_prci_domain_tile_reset_domain_boom_tile_core_mem_issue_unit_slots_0_p2,1,reg
ldut_tile_prci_domain_tile_reset_domain_boom_tile_core_mem_issue_unit_slots_0_p2_poisoned,1,reg
ldut_tile_prci_domain_tile_reset_domain_boom_tile_core_mem_issue_unit_slots_0_p3,1,reg
ldut_tile_prci_domain_tile_reset_domain_boom_tile_core_mem_issue_unit_slots_0_ppred,1,reg
ldut_tile_prci_domain_tile_reset_domain_boom_tile_core_mem_issue_unit_slots_0_slot_uop__v2_bank_0_0,61,reg
ldut_tile_prci_domain_tile_reset_domain_boom_tile_core_mem_issue_unit_slots_0_slot_uop__v2_bank_0_1,16,reg
ldut_tile_prci_domain_tile_reset_domain_boom_tile_core_mem_issue_unit_slots_0_slot_uop__v2_bank_1_0,10,reg
ldut_tile_prci_domain_tile_reset_domain_boom_tile_core_mem_issue_unit_slots_0_slot_uop__v2_bank_2_0,27,reg
ldut_tile_prci_domain_tile_reset_domain_boom_tile_core_mem_issue_unit_slots_0_state,2,reg
ldut_tile_prci_domain_tile_reset_domain_boom_tile_core_mem_issue_unit_slots_1_p1,1,reg
ldut_tile_prci_domain_tile_reset_domain_boom_tile_core_mem_issue_unit_slots_1_p1_poisoned,1,reg
ldut_tile_prci_domain_tile_reset_domain_boom_tile_core_mem_issue_unit_slots_1_p2,1,reg
ldut_tile_prci_domain_tile_reset_domain_boom_tile_core_mem_issue_unit_slots_1_p2_poisoned,1,reg
ldut_tile_prci_domain_tile_reset_domain_boom_tile_core_mem_issue_unit_slots_1_p3,1,reg
ldut_tile_prci_domain_tile_reset_domain_boom_tile_core_mem_issue_unit_slots_1_ppred,1,reg
ldut_tile_prci_domain_tile_reset_domain_boom_tile_core_mem_issue_unit_slots_1_slot_uop__v2_bank_0_0,61,reg
ldut_tile_prci_domain_tile_reset_domain_boom_tile_core_mem_issue_unit_slots_1_slot_uop__v2_bank_0_1,16,reg
ldut_tile_prci_domain_tile_reset_domain_boom_tile_core_mem_issue_unit_slots_1_slot_uop__v2_bank_1_0,10,reg
ldut_tile_prci_domain_tile_reset_domain_boom_tile_core_mem_issue_unit_slots_1_slot_uop__v2_bank_2_0,27,reg
ldut_tile_prci_domain_tile_reset_domain_boom_tile_core_mem_issue_unit_slots_1_state,2,reg
ldut_tile_prci_domain_tile_reset_domain_boom_tile_core_mem_issue_unit_slots_10_p1,1,reg
ldut_tile_prci_domain_tile_reset_domain_boom_tile_core_mem_issue_unit_slots_10_p1_poisoned,1,reg
ldut_tile_prci_domain_tile_reset_domain_boom_tile_core_mem_issue_unit_slots_10_p2,1,reg
ldut_tile_prci_domain_tile_reset_domain_boom_tile_core_mem_issue_unit_slots_10_p2_poisoned,1,reg
ldut_tile_prci_domain_tile_reset_domain_boom_tile_core_mem_issue_unit_slots_10_p3,1,reg
ldut_tile_prci_domain_tile_reset_domain_boom_tile_core_mem_issue_unit_slots_10_ppred,1,reg
ldut_tile_prci_domain_tile_reset_domain_boom_tile_core_mem_issue_unit_slots_10_slot_uop__v2_bank_0_0,61,reg
ldut_tile_prci_domain_tile_reset_domain_boom_tile_core_mem_issue_unit_slots_10_slot_uop__v2_bank_0_1,16,reg
ldut_tile_prci_domain_tile_reset_domain_boom_tile_core_mem_issue_unit_slots_10_slot_uop__v2_bank_1_0,10,reg
ldut_tile_prci_domain_tile_reset_domain_boom_tile_core_mem_issue_unit_slots_10_slot_uop__v2_bank_2_0,27,reg
ldut_tile_prci_domain_tile_reset_domain_boom_tile_core_mem_issue_unit_slots_10_state,2,reg
ldut_tile_prci_domain_tile_reset_domain_boom_tile_core_mem_issue_unit_slots_11_p1,1,reg
ldut_tile_prci_domain_tile_reset_domain_boom_tile_core_mem_issue_unit_slots_11_p1_poisoned,1,reg
ldut_tile_prci_domain_tile_reset_domain_boom_tile_core_mem_issue_unit_slots_11_p2,1,reg
ldut_tile_prci_domain_tile_reset_domain_boom_tile_core_mem_issue_unit_slots_11_p2_poisoned,1,reg
ldut_tile_prci_domain_tile_reset_domain_boom_tile_core_mem_issue_unit_slots_11_p3,1,reg
ldut_tile_prci_domain_tile_reset_domain_boom_tile_core_mem_issue_unit_slots_11_ppred,1,reg
ldut_tile_prci_domain_tile_reset_domain_boom_tile_core_mem_issue_unit_slots_11_slot_uop__v2_bank_0_0,61,reg
ldut_tile_prci_domain_tile_reset_domain_boom_tile_core_mem_issue_unit_slots_11_slot_uop__v2_bank_0_1,16,reg
ldut_tile_prci_domain_tile_reset_domain_boom_tile_core_mem_issue_unit_slots_11_slot_uop__v2_bank_1_0,10,reg
ldut_tile_prci_domain_tile_reset_domain_boom_tile_core_mem_issue_unit_slots_11_slot_uop__v2_bank_2_0,27,reg
ldut_tile_prci_domain_tile_reset_domain_boom_tile_core_mem_issue_unit_slots_11_state,2,reg
ldut_tile_prci_domain_tile_reset_domain_boom_tile_core_mem_issue_unit_slots_12_p1,1,reg
ldut_tile_prci_domain_tile_reset_domain_boom_tile_core_mem_issue_unit_slots_12_p1_poisoned,1,reg
ldut_tile_prci_domain_tile_reset_domain_boom_tile_core_mem_issue_unit_slots_12_p2,1,reg
ldut_tile_prci_domain_tile_reset_domain_boom_tile_core_mem_issue_unit_slots_12_p2_poisoned,1,reg
ldut_tile_prci_domain_tile_reset_domain_boom_tile_core_mem_issue_unit_slots_12_p3,1,reg
ldut_tile_prci_domain_tile_reset_domain_boom_tile_core_mem_issue_unit_slots_12_ppred,1,reg
ldut_tile_prci_domain_tile_reset_domain_boom_tile_core_mem_issue_unit_slots_12_slot_uop__v2_bank_0_0,61,reg
ldut_tile_prci_domain_tile_reset_domain_boom_tile_core_mem_issue_unit_slots_12_slot_uop__v2_bank_0_1,16,reg
ldut_tile_prci_domain_tile_reset_domain_boom_tile_core_mem_issue_unit_slots_12_slot_uop__v2_bank_1_0,10,reg
ldut_tile_prci_domain_tile_reset_domain_boom_tile_core_mem_issue_unit_slots_12_slot_uop__v2_bank_2_0,27,reg
ldut_tile_prci_domain_tile_reset_domain_boom_tile_core_mem_issue_unit_slots_12_state,2,reg
ldut_tile_prci_domain_tile_reset_domain_boom_tile_core_mem_issue_unit_slots_13_p1,1,reg
ldut_tile_prci_domain_tile_reset_domain_boom_tile_core_mem_issue_unit_slots_13_p1_poisoned,1,reg
ldut_tile_prci_domain_tile_reset_domain_boom_tile_core_mem_issue_unit_slots_13_p2,1,reg
ldut_tile_prci_domain_tile_reset_domain_boom_tile_core_mem_issue_unit_slots_13_p2_poisoned,1,reg
ldut_tile_prci_domain_tile_reset_domain_boom_tile_core_mem_issue_unit_slots_13_p3,1,reg
ldut_tile_prci_domain_tile_reset_domain_boom_tile_core_mem_issue_unit_slots_13_ppred,1,reg
ldut_tile_prci_domain_tile_reset_domain_boom_tile_core_mem_issue_unit_slots_13_slot_uop__v2_bank_0_0,61,reg
ldut_tile_prci_domain_tile_reset_domain_boom_tile_core_mem_issue_unit_slots_13_slot_uop__v2_bank_0_1,16,reg
ldut_tile_prci_domain_tile_reset_domain_boom_tile_core_mem_issue_unit_slots_13_slot_uop__v2_bank_1_0,10,reg
ldut_tile_prci_domain_tile_reset_domain_boom_tile_core_mem_issue_unit_slots_13_slot_uop__v2_bank_2_0,27,reg
ldut_tile_prci_domain_tile_reset_domain_boom_tile_core_mem_issue_unit_slots_13_state,2,reg
ldut_tile_prci_domain_tile_reset_domain_boom_tile_core_mem_issue_unit_slots_14_p1,1,reg
ldut_tile_prci_domain_tile_reset_domain_boom_tile_core_mem_issue_unit_slots_14_p1_poisoned,1,reg
ldut_tile_prci_domain_tile_reset_domain_boom_tile_core_mem_issue_unit_slots_14_p2,1,reg
ldut_tile_prci_domain_tile_reset_domain_boom_tile_core_mem_issue_unit_slots_14_p2_poisoned,1,reg
ldut_tile_prci_domain_tile_reset_domain_boom_tile_core_mem_issue_unit_slots_14_p3,1,reg
ldut_tile_prci_domain_tile_reset_domain_boom_tile_core_mem_issue_unit_slots_14_ppred,1,reg
ldut_tile_prci_domain_tile_reset_domain_boom_tile_core_mem_issue_unit_slots_14_slot_uop__v2_bank_0_0,61,reg
ldut_tile_prci_domain_tile_reset_domain_boom_tile_core_mem_issue_unit_slots_14_slot_uop__v2_bank_0_1,16,reg
ldut_tile_prci_domain_tile_reset_domain_boom_tile_core_mem_issue_unit_slots_14_slot_uop__v2_bank_1_0,10,reg
ldut_tile_prci_domain_tile_reset_domain_boom_tile_core_mem_issue_unit_slots_14_slot_uop__v2_bank_2_0,27,reg
ldut_tile_prci_domain_tile_reset_domain_boom_tile_core_mem_issue_unit_slots_14_state,2,reg
ldut_tile_prci_domain_tile_reset_domain_boom_tile_core_mem_issue_unit_slots_15_p1,1,reg
ldut_tile_prci_domain_tile_reset_domain_boom_tile_core_mem_issue_unit_slots_15_p1_poisoned,1,reg
ldut_tile_prci_domain_tile_reset_domain_boom_tile_core_mem_issue_unit_slots_15_p2,1,reg
ldut_tile_prci_domain_tile_reset_domain_boom_tile_core_mem_issue_unit_slots_15_p2_poisoned,1,reg
ldut_tile_prci_domain_tile_reset_domain_boom_tile_core_mem_issue_unit_slots_15_p3,1,reg
ldut_tile_prci_domain_tile_reset_domain_boom_tile_core_mem_issue_unit_slots_15_ppred,1,reg
ldut_tile_prci_domain_tile_reset_domain_boom_tile_core_mem_issue_unit_slots_15_slot_uop__v2_bank_0_0,61,reg
ldut_tile_prci_domain_tile_reset_domain_boom_tile_core_mem_issue_unit_slots_15_slot_uop__v2_bank_0_1,16,reg
ldut_tile_prci_domain_tile_reset_domain_boom_tile_core_mem_issue_unit_slots_15_slot_uop__v2_bank_1_0,10,reg
ldut_tile_prci_domain_tile_reset_domain_boom_tile_core_mem_issue_unit_slots_15_slot_uop__v2_bank_2_0,27,reg
ldut_tile_prci_domain_tile_reset_domain_boom_tile_core_mem_issue_unit_slots_15_state,2,reg
ldut_tile_prci_domain_tile_reset_domain_boom_tile_core_mem_issue_unit_slots_2_p1,1,reg
ldut_tile_prci_domain_tile_reset_domain_boom_tile_core_mem_issue_unit_slots_2_p1_poisoned,1,reg
ldut_tile_prci_domain_tile_reset_domain_boom_tile_core_mem_issue_unit_slots_2_p2,1,reg
ldut_tile_prci_domain_tile_reset_domain_boom_tile_core_mem_issue_unit_slots_2_p2_poisoned,1,reg
ldut_tile_prci_domain_tile_reset_domain_boom_tile_core_mem_issue_unit_slots_2_p3,1,reg
ldut_tile_prci_domain_tile_reset_domain_boom_tile_core_mem_issue_unit_slots_2_ppred,1,reg
ldut_tile_prci_domain_tile_reset_domain_boom_tile_core_mem_issue_unit_slots_2_slot_uop__v2_bank_0_0,61,reg
ldut_tile_prci_domain_tile_reset_domain_boom_tile_core_mem_issue_unit_slots_2_slot_uop__v2_bank_0_1,16,reg
ldut_tile_prci_domain_tile_reset_domain_boom_tile_core_mem_issue_unit_slots_2_slot_uop__v2_bank_1_0,10,reg
ldut_tile_prci_domain_tile_reset_domain_boom_tile_core_mem_issue_unit_slots_2_slot_uop__v2_bank_2_0,27,reg
ldut_tile_prci_domain_tile_reset_domain_boom_tile_core_mem_issue_unit_slots_2_state,2,reg
ldut_tile_prci_domain_tile_reset_domain_boom_tile_core_mem_issue_unit_slots_3_p1,1,reg
ldut_tile_prci_domain_tile_reset_domain_boom_tile_core_mem_issue_unit_slots_3_p1_poisoned,1,reg
ldut_tile_prci_domain_tile_reset_domain_boom_tile_core_mem_issue_unit_slots_3_p2,1,reg
ldut_tile_prci_domain_tile_reset_domain_boom_tile_core_mem_issue_unit_slots_3_p2_poisoned,1,reg
ldut_tile_prci_domain_tile_reset_domain_boom_tile_core_mem_issue_unit_slots_3_p3,1,reg
ldut_tile_prci_domain_tile_reset_domain_boom_tile_core_mem_issue_unit_slots_3_ppred,1,reg
ldut_tile_prci_domain_tile_reset_domain_boom_tile_core_mem_issue_unit_slots_3_slot_uop__v2_bank_0_0,61,reg
ldut_tile_prci_domain_tile_reset_domain_boom_tile_core_mem_issue_unit_slots_3_slot_uop__v2_bank_0_1,16,reg
ldut_tile_prci_domain_tile_reset_domain_boom_tile_core_mem_issue_unit_slots_3_slot_uop__v2_bank_1_0,10,reg
ldut_tile_prci_domain_tile_reset_domain_boom_tile_core_mem_issue_unit_slots_3_slot_uop__v2_bank_2_0,27,reg
ldut_tile_prci_domain_tile_reset_domain_boom_tile_core_mem_issue_unit_slots_3_state,2,reg
ldut_tile_prci_domain_tile_reset_domain_boom_tile_core_mem_issue_unit_slots_4_p1,1,reg
ldut_tile_prci_domain_tile_reset_domain_boom_tile_core_mem_issue_unit_slots_4_p1_poisoned,1,reg
ldut_tile_prci_domain_tile_reset_domain_boom_tile_core_mem_issue_unit_slots_4_p2,1,reg
ldut_tile_prci_domain_tile_reset_domain_boom_tile_core_mem_issue_unit_slots_4_p2_poisoned,1,reg
ldut_tile_prci_domain_tile_reset_domain_boom_tile_core_mem_issue_unit_slots_4_p3,1,reg
ldut_tile_prci_domain_tile_reset_domain_boom_tile_core_mem_issue_unit_slots_4_ppred,1,reg
ldut_tile_prci_domain_tile_reset_domain_boom_tile_core_mem_issue_unit_slots_4_slot_uop__v2_bank_0_0,61,reg
ldut_tile_prci_domain_tile_reset_domain_boom_tile_core_mem_issue_unit_slots_4_slot_uop__v2_bank_0_1,16,reg
ldut_tile_prci_domain_tile_reset_domain_boom_tile_core_mem_issue_unit_slots_4_slot_uop__v2_bank_1_0,10,reg
ldut_tile_prci_domain_tile_reset_domain_boom_tile_core_mem_issue_unit_slots_4_slot_uop__v2_bank_2_0,27,reg
ldut_tile_prci_domain_tile_reset_domain_boom_tile_core_mem_issue_unit_slots_4_state,2,reg
ldut_tile_prci_domain_tile_reset_domain_boom_tile_core_mem_issue_unit_slots_5_p1,1,reg
ldut_tile_prci_domain_tile_reset_domain_boom_tile_core_mem_issue_unit_slots_5_p1_poisoned,1,reg
ldut_tile_prci_domain_tile_reset_domain_boom_tile_core_mem_issue_unit_slots_5_p2,1,reg
ldut_tile_prci_domain_tile_reset_domain_boom_tile_core_mem_issue_unit_slots_5_p2_poisoned,1,reg
ldut_tile_prci_domain_tile_reset_domain_boom_tile_core_mem_issue_unit_slots_5_p3,1,reg
ldut_tile_prci_domain_tile_reset_domain_boom_tile_core_mem_issue_unit_slots_5_ppred,1,reg
ldut_tile_prci_domain_tile_reset_domain_boom_tile_core_mem_issue_unit_slots_5_slot_uop__v2_bank_0_0,61,reg
ldut_tile_prci_domain_tile_reset_domain_boom_tile_core_mem_issue_unit_slots_5_slot_uop__v2_bank_0_1,16,reg
ldut_tile_prci_domain_tile_reset_domain_boom_tile_core_mem_issue_unit_slots_5_slot_uop__v2_bank_1_0,10,reg
ldut_tile_prci_domain_tile_reset_domain_boom_tile_core_mem_issue_unit_slots_5_slot_uop__v2_bank_2_0,27,reg
ldut_tile_prci_domain_tile_reset_domain_boom_tile_core_mem_issue_unit_slots_5_state,2,reg
ldut_tile_prci_domain_tile_reset_domain_boom_tile_core_mem_issue_unit_slots_6_p1,1,reg
ldut_tile_prci_domain_tile_reset_domain_boom_tile_core_mem_issue_unit_slots_6_p1_poisoned,1,reg
ldut_tile_prci_domain_tile_reset_domain_boom_tile_core_mem_issue_unit_slots_6_p2,1,reg
ldut_tile_prci_domain_tile_reset_domain_boom_tile_core_mem_issue_unit_slots_6_p2_poisoned,1,reg
ldut_tile_prci_domain_tile_reset_domain_boom_tile_core_mem_issue_unit_slots_6_p3,1,reg
ldut_tile_prci_domain_tile_reset_domain_boom_tile_core_mem_issue_unit_slots_6_ppred,1,reg
ldut_tile_prci_domain_tile_reset_domain_boom_tile_core_mem_issue_unit_slots_6_slot_uop__v2_bank_0_0,61,reg
ldut_tile_prci_domain_tile_reset_domain_boom_tile_core_mem_issue_unit_slots_6_slot_uop__v2_bank_0_1,16,reg
ldut_tile_prci_domain_tile_reset_domain_boom_tile_core_mem_issue_unit_slots_6_slot_uop__v2_bank_1_0,10,reg
ldut_tile_prci_domain_tile_reset_domain_boom_tile_core_mem_issue_unit_slots_6_slot_uop__v2_bank_2_0,27,reg
ldut_tile_prci_domain_tile_reset_domain_boom_tile_core_mem_issue_unit_slots_6_state,2,reg
ldut_tile_prci_domain_tile_reset_domain_boom_tile_core_mem_issue_unit_slots_7_p1,1,reg
ldut_tile_prci_domain_tile_reset_domain_boom_tile_core_mem_issue_unit_slots_7_p1_poisoned,1,reg
ldut_tile_prci_domain_tile_reset_domain_boom_tile_core_mem_issue_unit_slots_7_p2,1,reg
ldut_tile_prci_domain_tile_reset_domain_boom_tile_core_mem_issue_unit_slots_7_p2_poisoned,1,reg
ldut_tile_prci_domain_tile_reset_domain_boom_tile_core_mem_issue_unit_slots_7_p3,1,reg
ldut_tile_prci_domain_tile_reset_domain_boom_tile_core_mem_issue_unit_slots_7_ppred,1,reg
ldut_tile_prci_domain_tile_reset_domain_boom_tile_core_mem_issue_unit_slots_7_slot_uop__v2_bank_0_0,61,reg
ldut_tile_prci_domain_tile_reset_domain_boom_tile_core_mem_issue_unit_slots_7_slot_uop__v2_bank_0_1,16,reg
ldut_tile_prci_domain_tile_reset_domain_boom_tile_core_mem_issue_unit_slots_7_slot_uop__v2_bank_1_0,10,reg
ldut_tile_prci_domain_tile_reset_domain_boom_tile_core_mem_issue_unit_slots_7_slot_uop__v2_bank_2_0,27,reg
ldut_tile_prci_domain_tile_reset_domain_boom_tile_core_mem_issue_unit_slots_7_state,2,reg
ldut_tile_prci_domain_tile_reset_domain_boom_tile_core_mem_issue_unit_slots_8_p1,1,reg
ldut_tile_prci_domain_tile_reset_domain_boom_tile_core_mem_issue_unit_slots_8_p1_poisoned,1,reg
ldut_tile_prci_domain_tile_reset_domain_boom_tile_core_mem_issue_unit_slots_8_p2,1,reg
ldut_tile_prci_domain_tile_reset_domain_boom_tile_core_mem_issue_unit_slots_8_p2_poisoned,1,reg
ldut_tile_prci_domain_tile_reset_domain_boom_tile_core_mem_issue_unit_slots_8_p3,1,reg
ldut_tile_prci_domain_tile_reset_domain_boom_tile_core_mem_issue_unit_slots_8_ppred,1,reg
ldut_tile_prci_domain_tile_reset_domain_boom_tile_core_mem_issue_unit_slots_8_slot_uop__v2_bank_0_0,61,reg
ldut_tile_prci_domain_tile_reset_domain_boom_tile_core_mem_issue_unit_slots_8_slot_uop__v2_bank_0_1,16,reg
ldut_tile_prci_domain_tile_reset_domain_boom_tile_core_mem_issue_unit_slots_8_slot_uop__v2_bank_1_0,10,reg
ldut_tile_prci_domain_tile_reset_domain_boom_tile_core_mem_issue_unit_slots_8_slot_uop__v2_bank_2_0,27,reg
ldut_tile_prci_domain_tile_reset_domain_boom_tile_core_mem_issue_unit_slots_8_state,2,reg
ldut_tile_prci_domain_tile_reset_domain_boom_tile_core_mem_issue_unit_slots_9_p1,1,reg
ldut_tile_prci_domain_tile_reset_domain_boom_tile_core_mem_issue_unit_slots_9_p1_poisoned,1,reg
ldut_tile_prci_domain_tile_reset_domain_boom_tile_core_mem_issue_unit_slots_9_p2,1,reg
ldut_tile_prci_domain_tile_reset_domain_boom_tile_core_mem_issue_unit_slots_9_p2_poisoned,1,reg
ldut_tile_prci_domain_tile_reset_domain_boom_tile_core_mem_issue_unit_slots_9_p3,1,reg
ldut_tile_prci_domain_tile_reset_domain_boom_tile_core_mem_issue_unit_slots_9_ppred,1,reg
ldut_tile_prci_domain_tile_reset_domain_boom_tile_core_mem_issue_unit_slots_9_slot_uop__v2_bank_0_0,61,reg
ldut_tile_prci_domain_tile_reset_domain_boom_tile_core_mem_issue_unit_slots_9_slot_uop__v2_bank_0_1,16,reg
ldut_tile_prci_domain_tile_reset_domain_boom_tile_core_mem_issue_unit_slots_9_slot_uop__v2_bank_1_0,10,reg
ldut_tile_prci_domain_tile_reset_domain_boom_tile_core_mem_issue_unit_slots_9_slot_uop__v2_bank_2_0,27,reg
ldut_tile_prci_domain_tile_reset_domain_boom_tile_core_mem_issue_unit_slots_9_state,2,reg
ldut_tile_prci_domain_tile_reset_domain_boom_tile_core_mem_issue_unit_io_flush_pipeline_REG,1,reg
ldut_tile_prci_domain_tile_reset_domain_boom_tile_core_rename_stage_REG,1,reg
ldut_tile_prci_domain_tile_reset_domain_boom_tile_core_rename_stage_REG_1_br_mask,16,reg
ldut_tile_prci_domain_tile_reset_domain_boom_tile_core_rename_stage_REG_1_br_tag,4,reg
ldut_tile_prci_domain_tile_reset_domain_boom_tile_core_rename_stage_REG_1_bypassable,1,reg
ldut_tile_prci_domain_tile_reset_domain_boom_tile_core_rename_stage_REG_1_dst_rtype,2,reg
ldut_tile_prci_domain_tile_reset_domain_boom_tile_core_rename_stage_REG_1_edge_inst,1,reg
ldut_tile_prci_domain_tile_reset_domain_boom_tile_core_rename_stage_REG_1_exception,1,reg
ldut_tile_prci_domain_tile_reset_domain_boom_tile_core_rename_stage_REG_1_fp_val,1,reg
ldut_tile_prci_domain_tile_reset_domain_boom_tile_core_rename_stage_REG_1_frs3_en,1,reg
ldut_tile_prci_domain_tile_reset_domain_boom_tile_core_rename_stage_REG_1_ftq_idx,5,reg
ldut_tile_prci_domain_tile_reset_domain_boom_tile_core_rename_stage_REG_1_fu_code,10,reg
ldut_tile_prci_domain_tile_reset_domain_boom_tile_core_rename_stage_REG_1_imm_packed,20,reg
ldut_tile_prci_domain_tile_reset_domain_boom_tile_core_rename_stage_REG_1_iq_type,3,reg
ldut_tile_prci_domain_tile_reset_domain_boom_tile_core_rename_stage_REG_1_is_amo,1,reg
ldut_tile_prci_domain_tile_reset_domain_boom_tile_core_rename_stage_REG_1_is_br,1,reg
ldut_tile_prci_domain_tile_reset_domain_boom_tile_core_rename_stage_REG_1_is_fence,1,reg
ldut_tile_prci_domain_tile_reset_domain_boom_tile_core_rename_stage_REG_1_is_fencei,1,reg
ldut_tile_prci_domain_tile_reset_domain_boom_tile_core_rename_stage_REG_1_is_jal,1,reg
ldut_tile_prci_domain_tile_reset_domain_boom_tile_core_rename_stage_REG_1_is_jalr,1,reg
ldut_tile_prci_domain_tile_reset_domain_boom_tile_core_rename_stage_REG_1_is_rvc,1,reg
ldut_tile_prci_domain_tile_reset_domain_boom_tile_core_rename_stage_REG_1_is_sfb,1,reg
ldut_tile_prci_domain_tile_reset_domain_boom_tile_core_rename_stage_REG_1_is_unique,1,reg
ldut_tile_prci_domain_tile_reset_domain_boom_tile_core_rename_stage_REG_1_ldst,6,reg
ldut_tile_prci_domain_tile_reset_domain_boom_tile_core_rename_stage_REG_1_ldst_val,1,reg
ldut_tile_prci_domain_tile_reset_domain_boom_tile_core_rename_stage_REG_1_lrs1,6,reg
ldut_tile_prci_domain_tile_reset_domain_boom_tile_core_rename_stage_REG_1_lrs1_rtype,2,reg
ldut_tile_prci_domain_tile_reset_domain_boom_tile_core_rename_stage_REG_1_lrs2_rtype,2,reg
ldut_tile_prci_domain_tile_reset_domain_boom_tile_core_rename_stage_REG_1_mem_cmd,5,reg
ldut_tile_prci_domain_tile_reset_domain_boom_tile_core_rename_stage_REG_1_mem_signed,1,reg
ldut_tile_prci_domain_tile_reset_domain_boom_tile_core_rename_stage_REG_1_mem_size,2,reg
ldut_tile_prci_domain_tile_reset_domain_boom_tile_core_rename_stage_REG_1_pc_lob,6,reg
ldut_tile_prci_domain_tile_reset_domain_boom_tile_core_rename_stage_REG_1_prs1,7,reg
ldut_tile_prci_domain_tile_reset_domain_boom_tile_core_rename_stage_REG_1_prs2,7,reg
ldut_tile_prci_domain_tile_reset_domain_boom_tile_core_rename_stage_REG_1_taken,1,reg
ldut_tile_prci_domain_tile_reset_domain_boom_tile_core_rename_stage_REG_1_uopc,7,reg
ldut_tile_prci_domain_tile_reset_domain_boom_tile_core_rename_stage_REG_1_uses_ldq,1,reg
ldut_tile_prci_domain_tile_reset_domain_boom_tile_core_rename_stage_REG_1_uses_stq,1,reg
ldut_tile_prci_domain_tile_reset_domain_boom_tile_core_rename_stage_REG_2,1,reg
ldut_tile_prci_domain_tile_reset_domain_boom_tile_core_rename_stage_REG_3_br_mask,16,reg
ldut_tile_prci_domain_tile_reset_domain_boom_tile_core_rename_stage_REG_3_br_tag,4,reg
ldut_tile_prci_domain_tile_reset_domain_boom_tile_core_rename_stage_REG_3_bypassable,1,reg
ldut_tile_prci_domain_tile_reset_domain_boom_tile_core_rename_stage_REG_3_dst_rtype,2,reg
ldut_tile_prci_domain_tile_reset_domain_boom_tile_core_rename_stage_REG_3_edge_inst,1,reg
ldut_tile_prci_domain_tile_reset_domain_boom_tile_core_rename_stage_REG_3_exception,1,reg
ldut_tile_prci_domain_tile_reset_domain_boom_tile_core_rename_stage_REG_3_fp_val,1,reg
ldut_tile_prci_domain_tile_reset_domain_boom_tile_core_rename_stage_REG_3_frs3_en,1,reg
ldut_tile_prci_domain_tile_reset_domain_boom_tile_core_rename_stage_REG_3_ftq_idx,5,reg
ldut_tile_prci_domain_tile_reset_domain_boom_tile_core_rename_stage_REG_3_fu_code,10,reg
ldut_tile_prci_domain_tile_reset_domain_boom_tile_core_rename_stage_REG_3_imm_packed,20,reg
ldut_tile_prci_domain_tile_reset_domain_boom_tile_core_rename_stage_REG_3_iq_type,3,reg
ldut_tile_prci_domain_tile_reset_domain_boom_tile_core_rename_stage_REG_3_is_amo,1,reg
ldut_tile_prci_domain_tile_reset_domain_boom_tile_core_rename_stage_REG_3_is_br,1,reg
ldut_tile_prci_domain_tile_reset_domain_boom_tile_core_rename_stage_REG_3_is_fence,1,reg
ldut_tile_prci_domain_tile_reset_domain_boom_tile_core_rename_stage_REG_3_is_fencei,1,reg
ldut_tile_prci_domain_tile_reset_domain_boom_tile_core_rename_stage_REG_3_is_jal,1,reg
ldut_tile_prci_domain_tile_reset_domain_boom_tile_core_rename_stage_REG_3_is_jalr,1,reg
ldut_tile_prci_domain_tile_reset_domain_boom_tile_core_rename_stage_REG_3_is_rvc,1,reg
ldut_tile_prci_domain_tile_reset_domain_boom_tile_core_rename_stage_REG_3_is_sfb,1,reg
ldut_tile_prci_domain_tile_reset_domain_boom_tile_core_rename_stage_REG_3_is_unique,1,reg
ldut_tile_prci_domain_tile_reset_domain_boom_tile_core_rename_stage_REG_3_ldst,6,reg
ldut_tile_prci_domain_tile_reset_domain_boom_tile_core_rename_stage_REG_3_ldst_val,1,reg
ldut_tile_prci_domain_tile_reset_domain_boom_tile_core_rename_stage_REG_3_lrs1,6,reg
ldut_tile_prci_domain_tile_reset_domain_boom_tile_core_rename_stage_REG_3_lrs1_rtype,2,reg
ldut_tile_prci_domain_tile_reset_domain_boom_tile_core_rename_stage_REG_3_lrs2,6,reg
ldut_tile_prci_domain_tile_reset_domain_boom_tile_core_rename_stage_REG_3_lrs2_rtype,2,reg
ldut_tile_prci_domain_tile_reset_domain_boom_tile_core_rename_stage_REG_3_mem_cmd,5,reg
ldut_tile_prci_domain_tile_reset_domain_boom_tile_core_rename_stage_REG_3_mem_signed,1,reg
ldut_tile_prci_domain_tile_reset_domain_boom_tile_core_rename_stage_REG_3_mem_size,2,reg
ldut_tile_prci_domain_tile_reset_domain_boom_tile_core_rename_stage_REG_3_pc_lob,6,reg
ldut_tile_prci_domain_tile_reset_domain_boom_tile_core_rename_stage_REG_3_prs1,7,reg
ldut_tile_prci_domain_tile_reset_domain_boom_tile_core_rename_stage_REG_3_prs2,7,reg
ldut_tile_prci_domain_tile_reset_domain_boom_tile_core_rename_stage_REG_3_taken,1,reg
ldut_tile_prci_domain_tile_reset_domain_boom_tile_core_rename_stage_REG_3_uopc,7,reg
ldut_tile_prci_domain_tile_reset_domain_boom_tile_core_rename_stage_REG_3_uses_ldq,1,reg
ldut_tile_prci_domain_tile_reset_domain_boom_tile_core_rename_stage_REG_3_uses_stq,1,reg
ldut_tile_prci_domain_tile_reset_domain_boom_tile_core_rename_stage_REG_4,1,reg
ldut_tile_prci_domain_tile_reset_domain_boom_tile_core_rename_stage_REG_5_br_mask,16,reg
ldut_tile_prci_domain_tile_reset_domain_boom_tile_core_rename_stage_REG_5_br_tag,4,reg
ldut_tile_prci_domain_tile_reset_domain_boom_tile_core_rename_stage_REG_5_bypassable,1,reg
ldut_tile_prci_domain_tile_reset_domain_boom_tile_core_rename_stage_REG_5_dst_rtype,2,reg
ldut_tile_prci_domain_tile_reset_domain_boom_tile_core_rename_stage_REG_5_edge_inst,1,reg
ldut_tile_prci_domain_tile_reset_domain_boom_tile_core_rename_stage_REG_5_exception,1,reg
ldut_tile_prci_domain_tile_reset_domain_boom_tile_core_rename_stage_REG_5_fp_val,1,reg
ldut_tile_prci_domain_tile_reset_domain_boom_tile_core_rename_stage_REG_5_frs3_en,1,reg
ldut_tile_prci_domain_tile_reset_domain_boom_tile_core_rename_stage_REG_5_ftq_idx,5,reg
ldut_tile_prci_domain_tile_reset_domain_boom_tile_core_rename_stage_REG_5_fu_code,10,reg
ldut_tile_prci_domain_tile_reset_domain_boom_tile_core_rename_stage_REG_5_imm_packed,20,reg
ldut_tile_prci_domain_tile_reset_domain_boom_tile_core_rename_stage_REG_5_iq_type,3,reg
ldut_tile_prci_domain_tile_reset_domain_boom_tile_core_rename_stage_REG_5_is_amo,1,reg
ldut_tile_prci_domain_tile_reset_domain_boom_tile_core_rename_stage_REG_5_is_br,1,reg
ldut_tile_prci_domain_tile_reset_domain_boom_tile_core_rename_stage_REG_5_is_fence,1,reg
ldut_tile_prci_domain_tile_reset_domain_boom_tile_core_rename_stage_REG_5_is_fencei,1,reg
ldut_tile_prci_domain_tile_reset_domain_boom_tile_core_rename_stage_REG_5_is_jal,1,reg
ldut_tile_prci_domain_tile_reset_domain_boom_tile_core_rename_stage_REG_5_is_jalr,1,reg
ldut_tile_prci_domain_tile_reset_domain_boom_tile_core_rename_stage_REG_5_is_rvc,1,reg
ldut_tile_prci_domain_tile_reset_domain_boom_tile_core_rename_stage_REG_5_is_sfb,1,reg
ldut_tile_prci_domain_tile_reset_domain_boom_tile_core_rename_stage_REG_5_is_unique,1,reg
ldut_tile_prci_domain_tile_reset_domain_boom_tile_core_rename_stage_REG_5_ldst,6,reg
ldut_tile_prci_domain_tile_reset_domain_boom_tile_core_rename_stage_REG_5_ldst_val,1,reg
ldut_tile_prci_domain_tile_reset_domain_boom_tile_core_rename_stage_REG_5_lrs1,6,reg
ldut_tile_prci_domain_tile_reset_domain_boom_tile_core_rename_stage_REG_5_lrs1_rtype,2,reg
ldut_tile_prci_domain_tile_reset_domain_boom_tile_core_rename_stage_REG_5_lrs2,6,reg
ldut_tile_prci_domain_tile_reset_domain_boom_tile_core_rename_stage_REG_5_lrs2_rtype,2,reg
ldut_tile_prci_domain_tile_reset_domain_boom_tile_core_rename_stage_REG_5_mem_cmd,5,reg
ldut_tile_prci_domain_tile_reset_domain_boom_tile_core_rename_stage_REG_5_mem_signed,1,reg
ldut_tile_prci_domain_tile_reset_domain_boom_tile_core_rename_stage_REG_5_mem_size,2,reg
ldut_tile_prci_domain_tile_reset_domain_boom_tile_core_rename_stage_REG_5_pc_lob,6,reg
ldut_tile_prci_domain_tile_reset_domain_boom_tile_core_rename_stage_REG_5_prs1,7,reg
ldut_tile_prci_domain_tile_reset_domain_boom_tile_core_rename_stage_REG_5_prs2,7,reg
ldut_tile_prci_domain_tile_reset_domain_boom_tile_core_rename_stage_REG_5_taken,1,reg
ldut_tile_prci_domain_tile_reset_domain_boom_tile_core_rename_stage_REG_5_uopc,7,reg
ldut_tile_prci_domain_tile_reset_domain_boom_tile_core_rename_stage_REG_5_uses_ldq,1,reg
ldut_tile_prci_domain_tile_reset_domain_boom_tile_core_rename_stage_REG_5_uses_stq,1,reg
ldut_tile_prci_domain_tile_reset_domain_boom_tile_core_rename_stage_busytable_busy_table__w0,64,reg
ldut_tile_prci_domain_tile_reset_domain_boom_tile_core_rename_stage_busytable_busy_table__w1,36,reg
ldut_tile_prci_domain_tile_reset_domain_boom_tile_core_rename_stage_freelist_REG,1,reg
ldut_tile_prci_domain_tile_reset_domain_boom_tile_core_rename_stage_freelist_REG_1,1,reg
ldut_tile_prci_domain_tile_reset_domain_boom_tile_core_rename_stage_freelist_REG_2,1,reg
ldut_tile_prci_domain_tile_reset_domain_boom_tile_core_rename_stage_freelist_br_alloc_lists_0__w0,64,reg
ldut_tile_prci_domain_tile_reset_domain_boom_tile_core_rename_stage_freelist_br_alloc_lists_0__w1,36,reg
ldut_tile_prci_domain_tile_reset_domain_boom_tile_core_rename_stage_freelist_br_alloc_lists_1__w0,64,reg
ldut_tile_prci_domain_tile_reset_domain_boom_tile_core_rename_stage_freelist_br_alloc_lists_1__w1,36,reg
ldut_tile_prci_domain_tile_reset_domain_boom_tile_core_rename_stage_freelist_br_alloc_lists_10__w0,64,reg
ldut_tile_prci_domain_tile_reset_domain_boom_tile_core_rename_stage_freelist_br_alloc_lists_10__w1,36,reg
ldut_tile_prci_domain_tile_reset_domain_boom_tile_core_rename_stage_freelist_br_alloc_lists_11__w0,64,reg
ldut_tile_prci_domain_tile_reset_domain_boom_tile_core_rename_stage_freelist_br_alloc_lists_11__w1,36,reg
ldut_tile_prci_domain_tile_reset_domain_boom_tile_core_rename_stage_freelist_br_alloc_lists_12__w0,64,reg
ldut_tile_prci_domain_tile_reset_domain_boom_tile_core_rename_stage_freelist_br_alloc_lists_12__w1,36,reg
ldut_tile_prci_domain_tile_reset_domain_boom_tile_core_rename_stage_freelist_br_alloc_lists_13__w0,64,reg
ldut_tile_prci_domain_tile_reset_domain_boom_tile_core_rename_stage_freelist_br_alloc_lists_13__w1,36,reg
ldut_tile_prci_domain_tile_reset_domain_boom_tile_core_rename_stage_freelist_br_alloc_lists_14__w0,64,reg
ldut_tile_prci_domain_tile_reset_domain_boom_tile_core_rename_stage_freelist_br_alloc_lists_14__w1,36,reg
ldut_tile_prci_domain_tile_reset_domain_boom_tile_core_rename_stage_freelist_br_alloc_lists_15__w0,64,reg
ldut_tile_prci_domain_tile_reset_domain_boom_tile_core_rename_stage_freelist_br_alloc_lists_15__w1,36,reg
ldut_tile_prci_domain_tile_reset_domain_boom_tile_core_rename_stage_freelist_br_alloc_lists_2__w0,64,reg
ldut_tile_prci_domain_tile_reset_domain_boom_tile_core_rename_stage_freelist_br_alloc_lists_2__w1,36,reg
ldut_tile_prci_domain_tile_reset_domain_boom_tile_core_rename_stage_freelist_br_alloc_lists_3__w0,64,reg
ldut_tile_prci_domain_tile_reset_domain_boom_tile_core_rename_stage_freelist_br_alloc_lists_3__w1,36,reg
ldut_tile_prci_domain_tile_reset_domain_boom_tile_core_rename_stage_freelist_br_alloc_lists_4__w0,64,reg
ldut_tile_prci_domain_tile_reset_domain_boom_tile_core_rename_stage_freelist_br_alloc_lists_4__w1,36,reg
ldut_tile_prci_domain_tile_reset_domain_boom_tile_core_rename_stage_freelist_br_alloc_lists_5__w0,64,reg
ldut_tile_prci_domain_tile_reset_domain_boom_tile_core_rename_stage_freelist_br_alloc_lists_5__w1,36,reg
ldut_tile_prci_domain_tile_reset_domain_boom_tile_core_rename_stage_freelist_br_alloc_lists_6__w0,64,reg
ldut_tile_prci_domain_tile_reset_domain_boom_tile_core_rename_stage_freelist_br_alloc_lists_6__w1,36,reg
ldut_tile_prci_domain_tile_reset_domain_boom_tile_core_rename_stage_freelist_br_alloc_lists_7__w0,64,reg
ldut_tile_prci_domain_tile_reset_domain_boom_tile_core_rename_stage_freelist_br_alloc_lists_7__w1,36,reg
ldut_tile_prci_domain_tile_reset_domain_boom_tile_core_rename_stage_freelist_br_alloc_lists_8__w0,64,reg
ldut_tile_prci_domain_tile_reset_domain_boom_tile_core_rename_stage_freelist_br_alloc_lists_8__w1,36,reg
ldut_tile_prci_domain_tile_reset_domain_boom_tile_core_rename_stage_freelist_br_alloc_lists_9__w0,64,reg
ldut_tile_prci_domain_tile_reset_domain_boom_tile_core_rename_stage_freelist_br_alloc_lists_9__w1,36,reg
ldut_tile_prci_domain_tile_reset_domain_boom_tile_core_rename_stage_freelist_free_list__w0,64,reg
ldut_tile_prci_domain_tile_reset_domain_boom_tile_core_rename_stage_freelist_free_list__w1,36,reg
ldut_tile_prci_domain_tile_reset_domain_boom_tile_core_rename_stage_freelist_r,7,reg
ldut_tile_prci_domain_tile_reset_domain_boom_tile_core_rename_stage_freelist_r_1,7,reg
ldut_tile_prci_domain_tile_reset_domain_boom_tile_core_rename_stage_freelist_r_2,7,reg
ldut_tile_prci_domain_tile_reset_domain_boom_tile_core_rename_stage_maptable_br_snapshots__v2_bank_0_0,63,reg
ldut_tile_prci_domain_tile_reset_domain_boom_tile_core_rename_stage_maptable_br_snapshots__v2_bank_0_1,63,reg
ldut_tile_prci_domain_tile_reset_domain_boom_tile_core_rename_stage_maptable_br_snapshots__v2_bank_0_10,63,reg
ldut_tile_prci_domain_tile_reset_domain_boom_tile_core_rename_stage_maptable_br_snapshots__v2_bank_0_11,63,reg
ldut_tile_prci_domain_tile_reset_domain_boom_tile_core_rename_stage_maptable_br_snapshots__v2_bank_0_12,63,reg
ldut_tile_prci_domain_tile_reset_domain_boom_tile_core_rename_stage_maptable_br_snapshots__v2_bank_0_13,63,reg
ldut_tile_prci_domain_tile_reset_domain_boom_tile_core_rename_stage_maptable_br_snapshots__v2_bank_0_14,63,reg
ldut_tile_prci_domain_tile_reset_domain_boom_tile_core_rename_stage_maptable_br_snapshots__v2_bank_0_15,63,reg
ldut_tile_prci_domain_tile_reset_domain_boom_tile_core_rename_stage_maptable_br_snapshots__v2_bank_0_16,63,reg
ldut_tile_prci_domain_tile_reset_domain_boom_tile_core_rename_stage_maptable_br_snapshots__v2_bank_0_17,63,reg
ldut_tile_prci_domain_tile_reset_domain_boom_tile_core_rename_stage_maptable_br_snapshots__v2_bank_0_18,63,reg
ldut_tile_prci_domain_tile_reset_domain_boom_tile_core_rename_stage_maptable_br_snapshots__v2_bank_0_19,63,reg
ldut_tile_prci_domain_tile_reset_domain_boom_tile_core_rename_stage_maptable_br_snapshots__v2_bank_0_2,63,reg
ldut_tile_prci_domain_tile_reset_domain_boom_tile_core_rename_stage_maptable_br_snapshots__v2_bank_0_20,63,reg
ldut_tile_prci_domain_tile_reset_domain_boom_tile_core_rename_stage_maptable_br_snapshots__v2_bank_0_21,63,reg
ldut_tile_prci_domain_tile_reset_domain_boom_tile_core_rename_stage_maptable_br_snapshots__v2_bank_0_22,63,reg
ldut_tile_prci_domain_tile_reset_domain_boom_tile_core_rename_stage_maptable_br_snapshots__v2_bank_0_23,63,reg
ldut_tile_prci_domain_tile_reset_domain_boom_tile_core_rename_stage_maptable_br_snapshots__v2_bank_0_24,63,reg
ldut_tile_prci_domain_tile_reset_domain_boom_tile_core_rename_stage_maptable_br_snapshots__v2_bank_0_25,63,reg
ldut_tile_prci_domain_tile_reset_domain_boom_tile_core_rename_stage_maptable_br_snapshots__v2_bank_0_26,63,reg
ldut_tile_prci_domain_tile_reset_domain_boom_tile_core_rename_stage_maptable_br_snapshots__v2_bank_0_27,63,reg
ldut_tile_prci_domain_tile_reset_domain_boom_tile_core_rename_stage_maptable_br_snapshots__v2_bank_0_28,63,reg
ldut_tile_prci_domain_tile_reset_domain_boom_tile_core_rename_stage_maptable_br_snapshots__v2_bank_0_29,63,reg
ldut_tile_prci_domain_tile_reset_domain_boom_tile_core_rename_stage_maptable_br_snapshots__v2_bank_0_3,63,reg
ldut_tile_prci_domain_tile_reset_domain_boom_tile_core_rename_stage_maptable_br_snapshots__v2_bank_0_30,63,reg
ldut_tile_prci_domain_tile_reset_domain_boom_tile_core_rename_stage_maptable_br_snapshots__v2_bank_0_31,63,reg
ldut_tile_prci_domain_tile_reset_domain_boom_tile_core_rename_stage_maptable_br_snapshots__v2_bank_0_32,63,reg
ldut_tile_prci_domain_tile_reset_domain_boom_tile_core_rename_stage_maptable_br_snapshots__v2_bank_0_33,63,reg
ldut_tile_prci_domain_tile_reset_domain_boom_tile_core_rename_stage_maptable_br_snapshots__v2_bank_0_34,63,reg
ldut_tile_prci_domain_tile_reset_domain_boom_tile_core_rename_stage_maptable_br_snapshots__v2_bank_0_35,63,reg
ldut_tile_prci_domain_tile_reset_domain_boom_tile_core_rename_stage_maptable_br_snapshots__v2_bank_0_36,63,reg
ldut_tile_prci_domain_tile_reset_domain_boom_tile_core_rename_stage_maptable_br_snapshots__v2_bank_0_37,63,reg
ldut_tile_prci_domain_tile_reset_domain_boom_tile_core_rename_stage_maptable_br_snapshots__v2_bank_0_38,63,reg
ldut_tile_prci_domain_tile_reset_domain_boom_tile_core_rename_stage_maptable_br_snapshots__v2_bank_0_39,63,reg
ldut_tile_prci_domain_tile_reset_domain_boom_tile_core_rename_stage_maptable_br_snapshots__v2_bank_0_4,63,reg
ldut_tile_prci_domain_tile_reset_domain_boom_tile_core_rename_stage_maptable_br_snapshots__v2_bank_0_40,63,reg
ldut_tile_prci_domain_tile_reset_domain_boom_tile_core_rename_stage_maptable_br_snapshots__v2_bank_0_41,63,reg
ldut_tile_prci_domain_tile_reset_domain_boom_tile_core_rename_stage_maptable_br_snapshots__v2_bank_0_42,63,reg
ldut_tile_prci_domain_tile_reset_domain_boom_tile_core_rename_stage_maptable_br_snapshots__v2_bank_0_43,63,reg
ldut_tile_prci_domain_tile_reset_domain_boom_tile_core_rename_stage_maptable_br_snapshots__v2_bank_0_44,63,reg
ldut_tile_prci_domain_tile_reset_domain_boom_tile_core_rename_stage_maptable_br_snapshots__v2_bank_0_45,63,reg
ldut_tile_prci_domain_tile_reset_domain_boom_tile_core_rename_stage_maptable_br_snapshots__v2_bank_0_46,63,reg
ldut_tile_prci_domain_tile_reset_domain_boom_tile_core_rename_stage_maptable_br_snapshots__v2_bank_0_47,63,reg
ldut_tile_prci_domain_tile_reset_domain_boom_tile_core_rename_stage_maptable_br_snapshots__v2_bank_0_48,63,reg
ldut_tile_prci_domain_tile_reset_domain_boom_tile_core_rename_stage_maptable_br_snapshots__v2_bank_0_49,63,reg
ldut_tile_prci_domain_tile_reset_domain_boom_tile_core_rename_stage_maptable_br_snapshots__v2_bank_0_5,63,reg
ldut_tile_prci_domain_tile_reset_domain_boom_tile_core_rename_stage_maptable_br_snapshots__v2_bank_0_50,63,reg
ldut_tile_prci_domain_tile_reset_domain_boom_tile_core_rename_stage_maptable_br_snapshots__v2_bank_0_51,63,reg
ldut_tile_prci_domain_tile_reset_domain_boom_tile_core_rename_stage_maptable_br_snapshots__v2_bank_0_52,63,reg
ldut_tile_prci_domain_tile_reset_domain_boom_tile_core_rename_stage_maptable_br_snapshots__v2_bank_0_53,63,reg
ldut_tile_prci_domain_tile_reset_domain_boom_tile_core_rename_stage_maptable_br_snapshots__v2_bank_0_54,63,reg
ldut_tile_prci_domain_tile_reset_domain_boom_tile_core_rename_stage_maptable_br_snapshots__v2_bank_0_6,63,reg
ldut_tile_prci_domain_tile_reset_domain_boom_tile_core_rename_stage_maptable_br_snapshots__v2_bank_0_7,63,reg
ldut_tile_prci_domain_tile_reset_domain_boom_tile_core_rename_stage_maptable_br_snapshots__v2_bank_0_8,63,reg
ldut_tile_prci_domain_tile_reset_domain_boom_tile_core_rename_stage_maptable_br_snapshots__v2_bank_0_9,63,reg
ldut_tile_prci_domain_tile_reset_domain_boom_tile_core_rename_stage_maptable_map_table__v2_bank_0_0,63,reg
ldut_tile_prci_domain_tile_reset_domain_boom_tile_core_rename_stage_maptable_map_table__v2_bank_0_1,63,reg
ldut_tile_prci_domain_tile_reset_domain_boom_tile_core_rename_stage_maptable_map_table__v2_bank_0_2,63,reg
ldut_tile_prci_domain_tile_reset_domain_boom_tile_core_rename_stage_maptable_map_table__v2_bank_0_3,28,reg
ldut_tile_prci_domain_tile_reset_domain_boom_tile_core_rob_REG,1,reg
ldut_tile_prci_domain_tile_reset_domain_boom_tile_core_rob_REG_2,1,reg
ldut_tile_prci_domain_tile_reset_domain_boom_tile_core_rob_REG_6,1,reg
ldut_tile_prci_domain_tile_reset_domain_boom_tile_core_rob___v2_bitset_rob_val_bank_0,32,reg
ldut_tile_prci_domain_tile_reset_domain_boom_tile_core_rob_maybe_full,1,reg
ldut_tile_prci_domain_tile_reset_domain_boom_tile_core_rob_r_xcpt_uop_exc_cause,64,reg
ldut_tile_prci_domain_tile_reset_domain_boom_tile_core_rob_r_xcpt_val,1,reg
ldut_tile_prci_domain_tile_reset_domain_boom_tile_core_rob_rob_bsy_1_0,1,reg
ldut_tile_prci_domain_tile_reset_domain_boom_tile_core_rob_rob_bsy_1_1,1,reg
ldut_tile_prci_domain_tile_reset_domain_boom_tile_core_rob_rob_bsy_1_10,1,reg
ldut_tile_prci_domain_tile_reset_domain_boom_tile_core_rob_rob_bsy_1_11,1,reg
ldut_tile_prci_domain_tile_reset_domain_boom_tile_core_rob_rob_bsy_1_12,1,reg
ldut_tile_prci_domain_tile_reset_domain_boom_tile_core_rob_rob_bsy_1_13,1,reg
ldut_tile_prci_domain_tile_reset_domain_boom_tile_core_rob_rob_bsy_1_14,1,reg
ldut_tile_prci_domain_tile_reset_domain_boom_tile_core_rob_rob_bsy_1_15,1,reg
ldut_tile_prci_domain_tile_reset_domain_boom_tile_core_rob_rob_bsy_1_16,1,reg
ldut_tile_prci_domain_tile_reset_domain_boom_tile_core_rob_rob_bsy_1_17,1,reg
ldut_tile_prci_domain_tile_reset_domain_boom_tile_core_rob_rob_bsy_1_18,1,reg
ldut_tile_prci_domain_tile_reset_domain_boom_tile_core_rob_rob_bsy_1_19,1,reg
ldut_tile_prci_domain_tile_reset_domain_boom_tile_core_rob_rob_bsy_1_2,1,reg
ldut_tile_prci_domain_tile_reset_domain_boom_tile_core_rob_rob_bsy_1_20,1,reg
ldut_tile_prci_domain_tile_reset_domain_boom_tile_core_rob_rob_bsy_1_21,1,reg
ldut_tile_prci_domain_tile_reset_domain_boom_tile_core_rob_rob_bsy_1_22,1,reg
ldut_tile_prci_domain_tile_reset_domain_boom_tile_core_rob_rob_bsy_1_23,1,reg
ldut_tile_prci_domain_tile_reset_domain_boom_tile_core_rob_rob_bsy_1_24,1,reg
ldut_tile_prci_domain_tile_reset_domain_boom_tile_core_rob_rob_bsy_1_25,1,reg
ldut_tile_prci_domain_tile_reset_domain_boom_tile_core_rob_rob_bsy_1_26,1,reg
ldut_tile_prci_domain_tile_reset_domain_boom_tile_core_rob_rob_bsy_1_27,1,reg
ldut_tile_prci_domain_tile_reset_domain_boom_tile_core_rob_rob_bsy_1_28,1,reg
ldut_tile_prci_domain_tile_reset_domain_boom_tile_core_rob_rob_bsy_1_29,1,reg
ldut_tile_prci_domain_tile_reset_domain_boom_tile_core_rob_rob_bsy_1_3,1,reg
ldut_tile_prci_domain_tile_reset_domain_boom_tile_core_rob_rob_bsy_1_30,1,reg
ldut_tile_prci_domain_tile_reset_domain_boom_tile_core_rob_rob_bsy_1_31,1,reg
ldut_tile_prci_domain_tile_reset_domain_boom_tile_core_rob_rob_bsy_1_4,1,reg
ldut_tile_prci_domain_tile_reset_domain_boom_tile_core_rob_rob_bsy_1_5,1,reg
ldut_tile_prci_domain_tile_reset_domain_boom_tile_core_rob_rob_bsy_1_6,1,reg
ldut_tile_prci_domain_tile_reset_domain_boom_tile_core_rob_rob_bsy_1_7,1,reg
ldut_tile_prci_domain_tile_reset_domain_boom_tile_core_rob_rob_bsy_1_8,1,reg
ldut_tile_prci_domain_tile_reset_domain_boom_tile_core_rob_rob_bsy_1_9,1,reg
ldut_tile_prci_domain_tile_reset_domain_boom_tile_core_rob_rob_bsy_2_0,1,reg
ldut_tile_prci_domain_tile_reset_domain_boom_tile_core_rob_rob_bsy_2_1,1,reg
ldut_tile_prci_domain_tile_reset_domain_boom_tile_core_rob_rob_bsy_2_10,1,reg
ldut_tile_prci_domain_tile_reset_domain_boom_tile_core_rob_rob_bsy_2_11,1,reg
ldut_tile_prci_domain_tile_reset_domain_boom_tile_core_rob_rob_bsy_2_12,1,reg
ldut_tile_prci_domain_tile_reset_domain_boom_tile_core_rob_rob_bsy_2_13,1,reg
ldut_tile_prci_domain_tile_reset_domain_boom_tile_core_rob_rob_bsy_2_14,1,reg
ldut_tile_prci_domain_tile_reset_domain_boom_tile_core_rob_rob_bsy_2_15,1,reg
ldut_tile_prci_domain_tile_reset_domain_boom_tile_core_rob_rob_bsy_2_16,1,reg
ldut_tile_prci_domain_tile_reset_domain_boom_tile_core_rob_rob_bsy_2_17,1,reg
ldut_tile_prci_domain_tile_reset_domain_boom_tile_core_rob_rob_bsy_2_18,1,reg
ldut_tile_prci_domain_tile_reset_domain_boom_tile_core_rob_rob_bsy_2_19,1,reg
ldut_tile_prci_domain_tile_reset_domain_boom_tile_core_rob_rob_bsy_2_2,1,reg
ldut_tile_prci_domain_tile_reset_domain_boom_tile_core_rob_rob_bsy_2_20,1,reg
ldut_tile_prci_domain_tile_reset_domain_boom_tile_core_rob_rob_bsy_2_21,1,reg
ldut_tile_prci_domain_tile_reset_domain_boom_tile_core_rob_rob_bsy_2_22,1,reg
ldut_tile_prci_domain_tile_reset_domain_boom_tile_core_rob_rob_bsy_2_23,1,reg
ldut_tile_prci_domain_tile_reset_domain_boom_tile_core_rob_rob_bsy_2_24,1,reg
ldut_tile_prci_domain_tile_reset_domain_boom_tile_core_rob_rob_bsy_2_25,1,reg
ldut_tile_prci_domain_tile_reset_domain_boom_tile_core_rob_rob_bsy_2_26,1,reg
ldut_tile_prci_domain_tile_reset_domain_boom_tile_core_rob_rob_bsy_2_27,1,reg
ldut_tile_prci_domain_tile_reset_domain_boom_tile_core_rob_rob_bsy_2_28,1,reg
ldut_tile_prci_domain_tile_reset_domain_boom_tile_core_rob_rob_bsy_2_29,1,reg
ldut_tile_prci_domain_tile_reset_domain_boom_tile_core_rob_rob_bsy_2_3,1,reg
ldut_tile_prci_domain_tile_reset_domain_boom_tile_core_rob_rob_bsy_2_30,1,reg
ldut_tile_prci_domain_tile_reset_domain_boom_tile_core_rob_rob_bsy_2_31,1,reg
ldut_tile_prci_domain_tile_reset_domain_boom_tile_core_rob_rob_bsy_2_4,1,reg
ldut_tile_prci_domain_tile_reset_domain_boom_tile_core_rob_rob_bsy_2_5,1,reg
ldut_tile_prci_domain_tile_reset_domain_boom_tile_core_rob_rob_bsy_2_6,1,reg
ldut_tile_prci_domain_tile_reset_domain_boom_tile_core_rob_rob_bsy_2_7,1,reg
ldut_tile_prci_domain_tile_reset_domain_boom_tile_core_rob_rob_bsy_2_8,1,reg
ldut_tile_prci_domain_tile_reset_domain_boom_tile_core_rob_rob_bsy_2_9,1,reg
ldut_tile_prci_domain_tile_reset_domain_boom_tile_core_rob_rob_exception_1_0,1,reg
ldut_tile_prci_domain_tile_reset_domain_boom_tile_core_rob_rob_exception_1_1,1,reg
ldut_tile_prci_domain_tile_reset_domain_boom_tile_core_rob_rob_exception_1_10,1,reg
ldut_tile_prci_domain_tile_reset_domain_boom_tile_core_rob_rob_exception_1_11,1,reg
ldut_tile_prci_domain_tile_reset_domain_boom_tile_core_rob_rob_exception_1_12,1,reg
ldut_tile_prci_domain_tile_reset_domain_boom_tile_core_rob_rob_exception_1_13,1,reg
ldut_tile_prci_domain_tile_reset_domain_boom_tile_core_rob_rob_exception_1_14,1,reg
ldut_tile_prci_domain_tile_reset_domain_boom_tile_core_rob_rob_exception_1_15,1,reg
ldut_tile_prci_domain_tile_reset_domain_boom_tile_core_rob_rob_exception_1_16,1,reg
ldut_tile_prci_domain_tile_reset_domain_boom_tile_core_rob_rob_exception_1_17,1,reg
ldut_tile_prci_domain_tile_reset_domain_boom_tile_core_rob_rob_exception_1_18,1,reg
ldut_tile_prci_domain_tile_reset_domain_boom_tile_core_rob_rob_exception_1_19,1,reg
ldut_tile_prci_domain_tile_reset_domain_boom_tile_core_rob_rob_exception_1_2,1,reg
ldut_tile_prci_domain_tile_reset_domain_boom_tile_core_rob_rob_exception_1_20,1,reg
ldut_tile_prci_domain_tile_reset_domain_boom_tile_core_rob_rob_exception_1_21,1,reg
ldut_tile_prci_domain_tile_reset_domain_boom_tile_core_rob_rob_exception_1_22,1,reg
ldut_tile_prci_domain_tile_reset_domain_boom_tile_core_rob_rob_exception_1_23,1,reg
ldut_tile_prci_domain_tile_reset_domain_boom_tile_core_rob_rob_exception_1_24,1,reg
ldut_tile_prci_domain_tile_reset_domain_boom_tile_core_rob_rob_exception_1_25,1,reg
ldut_tile_prci_domain_tile_reset_domain_boom_tile_core_rob_rob_exception_1_26,1,reg
ldut_tile_prci_domain_tile_reset_domain_boom_tile_core_rob_rob_exception_1_27,1,reg
ldut_tile_prci_domain_tile_reset_domain_boom_tile_core_rob_rob_exception_1_28,1,reg
ldut_tile_prci_domain_tile_reset_domain_boom_tile_core_rob_rob_exception_1_29,1,reg
ldut_tile_prci_domain_tile_reset_domain_boom_tile_core_rob_rob_exception_1_3,1,reg
ldut_tile_prci_domain_tile_reset_domain_boom_tile_core_rob_rob_exception_1_30,1,reg
ldut_tile_prci_domain_tile_reset_domain_boom_tile_core_rob_rob_exception_1_31,1,reg
ldut_tile_prci_domain_tile_reset_domain_boom_tile_core_rob_rob_exception_1_4,1,reg
ldut_tile_prci_domain_tile_reset_domain_boom_tile_core_rob_rob_exception_1_5,1,reg
ldut_tile_prci_domain_tile_reset_domain_boom_tile_core_rob_rob_exception_1_6,1,reg
ldut_tile_prci_domain_tile_reset_domain_boom_tile_core_rob_rob_exception_1_7,1,reg
ldut_tile_prci_domain_tile_reset_domain_boom_tile_core_rob_rob_exception_1_8,1,reg
ldut_tile_prci_domain_tile_reset_domain_boom_tile_core_rob_rob_exception_1_9,1,reg
ldut_tile_prci_domain_tile_reset_domain_boom_tile_core_rob_rob_exception_2_0,1,reg
ldut_tile_prci_domain_tile_reset_domain_boom_tile_core_rob_rob_exception_2_1,1,reg
ldut_tile_prci_domain_tile_reset_domain_boom_tile_core_rob_rob_exception_2_10,1,reg
ldut_tile_prci_domain_tile_reset_domain_boom_tile_core_rob_rob_exception_2_11,1,reg
ldut_tile_prci_domain_tile_reset_domain_boom_tile_core_rob_rob_exception_2_12,1,reg
ldut_tile_prci_domain_tile_reset_domain_boom_tile_core_rob_rob_exception_2_13,1,reg
ldut_tile_prci_domain_tile_reset_domain_boom_tile_core_rob_rob_exception_2_14,1,reg
ldut_tile_prci_domain_tile_reset_domain_boom_tile_core_rob_rob_exception_2_15,1,reg
ldut_tile_prci_domain_tile_reset_domain_boom_tile_core_rob_rob_exception_2_16,1,reg
ldut_tile_prci_domain_tile_reset_domain_boom_tile_core_rob_rob_exception_2_17,1,reg
ldut_tile_prci_domain_tile_reset_domain_boom_tile_core_rob_rob_exception_2_18,1,reg
ldut_tile_prci_domain_tile_reset_domain_boom_tile_core_rob_rob_exception_2_19,1,reg
ldut_tile_prci_domain_tile_reset_domain_boom_tile_core_rob_rob_exception_2_2,1,reg
ldut_tile_prci_domain_tile_reset_domain_boom_tile_core_rob_rob_exception_2_20,1,reg
ldut_tile_prci_domain_tile_reset_domain_boom_tile_core_rob_rob_exception_2_21,1,reg
ldut_tile_prci_domain_tile_reset_domain_boom_tile_core_rob_rob_exception_2_22,1,reg
ldut_tile_prci_domain_tile_reset_domain_boom_tile_core_rob_rob_exception_2_23,1,reg
ldut_tile_prci_domain_tile_reset_domain_boom_tile_core_rob_rob_exception_2_24,1,reg
ldut_tile_prci_domain_tile_reset_domain_boom_tile_core_rob_rob_exception_2_25,1,reg
ldut_tile_prci_domain_tile_reset_domain_boom_tile_core_rob_rob_exception_2_26,1,reg
ldut_tile_prci_domain_tile_reset_domain_boom_tile_core_rob_rob_exception_2_27,1,reg
ldut_tile_prci_domain_tile_reset_domain_boom_tile_core_rob_rob_exception_2_28,1,reg
ldut_tile_prci_domain_tile_reset_domain_boom_tile_core_rob_rob_exception_2_29,1,reg
ldut_tile_prci_domain_tile_reset_domain_boom_tile_core_rob_rob_exception_2_3,1,reg
ldut_tile_prci_domain_tile_reset_domain_boom_tile_core_rob_rob_exception_2_30,1,reg
ldut_tile_prci_domain_tile_reset_domain_boom_tile_core_rob_rob_exception_2_31,1,reg
ldut_tile_prci_domain_tile_reset_domain_boom_tile_core_rob_rob_exception_2_4,1,reg
ldut_tile_prci_domain_tile_reset_domain_boom_tile_core_rob_rob_exception_2_5,1,reg
ldut_tile_prci_domain_tile_reset_domain_boom_tile_core_rob_rob_exception_2_6,1,reg
ldut_tile_prci_domain_tile_reset_domain_boom_tile_core_rob_rob_exception_2_7,1,reg
ldut_tile_prci_domain_tile_reset_domain_boom_tile_core_rob_rob_exception_2_8,1,reg
ldut_tile_prci_domain_tile_reset_domain_boom_tile_core_rob_rob_exception_2_9,1,reg
ldut_tile_prci_domain_tile_reset_domain_boom_tile_core_rob_rob_head,5,reg
ldut_tile_prci_domain_tile_reset_domain_boom_tile_core_rob_rob_head_lsb,2,reg
ldut_tile_prci_domain_tile_reset_domain_boom_tile_core_rob_rob_pnr,5,reg
ldut_tile_prci_domain_tile_reset_domain_boom_tile_core_rob_rob_predicated_1_0,1,reg
ldut_tile_prci_domain_tile_reset_domain_boom_tile_core_rob_rob_predicated_1_1,1,reg
ldut_tile_prci_domain_tile_reset_domain_boom_tile_core_rob_rob_predicated_1_10,1,reg
ldut_tile_prci_domain_tile_reset_domain_boom_tile_core_rob_rob_predicated_1_11,1,reg
ldut_tile_prci_domain_tile_reset_domain_boom_tile_core_rob_rob_predicated_1_12,1,reg
ldut_tile_prci_domain_tile_reset_domain_boom_tile_core_rob_rob_predicated_1_13,1,reg
ldut_tile_prci_domain_tile_reset_domain_boom_tile_core_rob_rob_predicated_1_14,1,reg
ldut_tile_prci_domain_tile_reset_domain_boom_tile_core_rob_rob_predicated_1_15,1,reg
ldut_tile_prci_domain_tile_reset_domain_boom_tile_core_rob_rob_predicated_1_16,1,reg
ldut_tile_prci_domain_tile_reset_domain_boom_tile_core_rob_rob_predicated_1_17,1,reg
ldut_tile_prci_domain_tile_reset_domain_boom_tile_core_rob_rob_predicated_1_18,1,reg
ldut_tile_prci_domain_tile_reset_domain_boom_tile_core_rob_rob_predicated_1_19,1,reg
ldut_tile_prci_domain_tile_reset_domain_boom_tile_core_rob_rob_predicated_1_2,1,reg
ldut_tile_prci_domain_tile_reset_domain_boom_tile_core_rob_rob_predicated_1_20,1,reg
ldut_tile_prci_domain_tile_reset_domain_boom_tile_core_rob_rob_predicated_1_21,1,reg
ldut_tile_prci_domain_tile_reset_domain_boom_tile_core_rob_rob_predicated_1_22,1,reg
ldut_tile_prci_domain_tile_reset_domain_boom_tile_core_rob_rob_predicated_1_23,1,reg
ldut_tile_prci_domain_tile_reset_domain_boom_tile_core_rob_rob_predicated_1_24,1,reg
ldut_tile_prci_domain_tile_reset_domain_boom_tile_core_rob_rob_predicated_1_25,1,reg
ldut_tile_prci_domain_tile_reset_domain_boom_tile_core_rob_rob_predicated_1_26,1,reg
ldut_tile_prci_domain_tile_reset_domain_boom_tile_core_rob_rob_predicated_1_27,1,reg
ldut_tile_prci_domain_tile_reset_domain_boom_tile_core_rob_rob_predicated_1_28,1,reg
ldut_tile_prci_domain_tile_reset_domain_boom_tile_core_rob_rob_predicated_1_29,1,reg
ldut_tile_prci_domain_tile_reset_domain_boom_tile_core_rob_rob_predicated_1_3,1,reg
ldut_tile_prci_domain_tile_reset_domain_boom_tile_core_rob_rob_predicated_1_30,1,reg
ldut_tile_prci_domain_tile_reset_domain_boom_tile_core_rob_rob_predicated_1_31,1,reg
ldut_tile_prci_domain_tile_reset_domain_boom_tile_core_rob_rob_predicated_1_4,1,reg
ldut_tile_prci_domain_tile_reset_domain_boom_tile_core_rob_rob_predicated_1_5,1,reg
ldut_tile_prci_domain_tile_reset_domain_boom_tile_core_rob_rob_predicated_1_6,1,reg
ldut_tile_prci_domain_tile_reset_domain_boom_tile_core_rob_rob_predicated_1_7,1,reg
ldut_tile_prci_domain_tile_reset_domain_boom_tile_core_rob_rob_predicated_1_8,1,reg
ldut_tile_prci_domain_tile_reset_domain_boom_tile_core_rob_rob_predicated_1_9,1,reg
ldut_tile_prci_domain_tile_reset_domain_boom_tile_core_rob_rob_predicated_2_0,1,reg
ldut_tile_prci_domain_tile_reset_domain_boom_tile_core_rob_rob_predicated_2_1,1,reg
ldut_tile_prci_domain_tile_reset_domain_boom_tile_core_rob_rob_predicated_2_10,1,reg
ldut_tile_prci_domain_tile_reset_domain_boom_tile_core_rob_rob_predicated_2_11,1,reg
ldut_tile_prci_domain_tile_reset_domain_boom_tile_core_rob_rob_predicated_2_12,1,reg
ldut_tile_prci_domain_tile_reset_domain_boom_tile_core_rob_rob_predicated_2_13,1,reg
ldut_tile_prci_domain_tile_reset_domain_boom_tile_core_rob_rob_predicated_2_14,1,reg
ldut_tile_prci_domain_tile_reset_domain_boom_tile_core_rob_rob_predicated_2_15,1,reg
ldut_tile_prci_domain_tile_reset_domain_boom_tile_core_rob_rob_predicated_2_16,1,reg
ldut_tile_prci_domain_tile_reset_domain_boom_tile_core_rob_rob_predicated_2_17,1,reg
ldut_tile_prci_domain_tile_reset_domain_boom_tile_core_rob_rob_predicated_2_18,1,reg
ldut_tile_prci_domain_tile_reset_domain_boom_tile_core_rob_rob_predicated_2_19,1,reg
ldut_tile_prci_domain_tile_reset_domain_boom_tile_core_rob_rob_predicated_2_2,1,reg
ldut_tile_prci_domain_tile_reset_domain_boom_tile_core_rob_rob_predicated_2_20,1,reg
ldut_tile_prci_domain_tile_reset_domain_boom_tile_core_rob_rob_predicated_2_21,1,reg
ldut_tile_prci_domain_tile_reset_domain_boom_tile_core_rob_rob_predicated_2_22,1,reg
ldut_tile_prci_domain_tile_reset_domain_boom_tile_core_rob_rob_predicated_2_23,1,reg
ldut_tile_prci_domain_tile_reset_domain_boom_tile_core_rob_rob_predicated_2_24,1,reg
ldut_tile_prci_domain_tile_reset_domain_boom_tile_core_rob_rob_predicated_2_25,1,reg
ldut_tile_prci_domain_tile_reset_domain_boom_tile_core_rob_rob_predicated_2_26,1,reg
ldut_tile_prci_domain_tile_reset_domain_boom_tile_core_rob_rob_predicated_2_27,1,reg
ldut_tile_prci_domain_tile_reset_domain_boom_tile_core_rob_rob_predicated_2_28,1,reg
ldut_tile_prci_domain_tile_reset_domain_boom_tile_core_rob_rob_predicated_2_29,1,reg
ldut_tile_prci_domain_tile_reset_domain_boom_tile_core_rob_rob_predicated_2_3,1,reg
ldut_tile_prci_domain_tile_reset_domain_boom_tile_core_rob_rob_predicated_2_30,1,reg
ldut_tile_prci_domain_tile_reset_domain_boom_tile_core_rob_rob_predicated_2_31,1,reg
ldut_tile_prci_domain_tile_reset_domain_boom_tile_core_rob_rob_predicated_2_4,1,reg
ldut_tile_prci_domain_tile_reset_domain_boom_tile_core_rob_rob_predicated_2_5,1,reg
ldut_tile_prci_domain_tile_reset_domain_boom_tile_core_rob_rob_predicated_2_6,1,reg
ldut_tile_prci_domain_tile_reset_domain_boom_tile_core_rob_rob_predicated_2_7,1,reg
ldut_tile_prci_domain_tile_reset_domain_boom_tile_core_rob_rob_predicated_2_8,1,reg
ldut_tile_prci_domain_tile_reset_domain_boom_tile_core_rob_rob_predicated_2_9,1,reg
ldut_tile_prci_domain_tile_reset_domain_boom_tile_core_rob_rob_state,2,reg
ldut_tile_prci_domain_tile_reset_domain_boom_tile_core_rob_rob_tail,5,reg
ldut_tile_prci_domain_tile_reset_domain_boom_tile_core_rob_rob_tail_lsb,2,reg
ldut_tile_prci_domain_tile_reset_domain_boom_tile_core_rob_rob_unsafe_1_0,1,reg
ldut_tile_prci_domain_tile_reset_domain_boom_tile_core_rob_rob_unsafe_1_1,1,reg
ldut_tile_prci_domain_tile_reset_domain_boom_tile_core_rob_rob_unsafe_1_10,1,reg
ldut_tile_prci_domain_tile_reset_domain_boom_tile_core_rob_rob_unsafe_1_11,1,reg
ldut_tile_prci_domain_tile_reset_domain_boom_tile_core_rob_rob_unsafe_1_12,1,reg
ldut_tile_prci_domain_tile_reset_domain_boom_tile_core_rob_rob_unsafe_1_13,1,reg
ldut_tile_prci_domain_tile_reset_domain_boom_tile_core_rob_rob_unsafe_1_14,1,reg
ldut_tile_prci_domain_tile_reset_domain_boom_tile_core_rob_rob_unsafe_1_15,1,reg
ldut_tile_prci_domain_tile_reset_domain_boom_tile_core_rob_rob_unsafe_1_16,1,reg
ldut_tile_prci_domain_tile_reset_domain_boom_tile_core_rob_rob_unsafe_1_17,1,reg
ldut_tile_prci_domain_tile_reset_domain_boom_tile_core_rob_rob_unsafe_1_18,1,reg
ldut_tile_prci_domain_tile_reset_domain_boom_tile_core_rob_rob_unsafe_1_19,1,reg
ldut_tile_prci_domain_tile_reset_domain_boom_tile_core_rob_rob_unsafe_1_2,1,reg
ldut_tile_prci_domain_tile_reset_domain_boom_tile_core_rob_rob_unsafe_1_20,1,reg
ldut_tile_prci_domain_tile_reset_domain_boom_tile_core_rob_rob_unsafe_1_21,1,reg
ldut_tile_prci_domain_tile_reset_domain_boom_tile_core_rob_rob_unsafe_1_22,1,reg
ldut_tile_prci_domain_tile_reset_domain_boom_tile_core_rob_rob_unsafe_1_23,1,reg
ldut_tile_prci_domain_tile_reset_domain_boom_tile_core_rob_rob_unsafe_1_24,1,reg
ldut_tile_prci_domain_tile_reset_domain_boom_tile_core_rob_rob_unsafe_1_25,1,reg
ldut_tile_prci_domain_tile_reset_domain_boom_tile_core_rob_rob_unsafe_1_26,1,reg
ldut_tile_prci_domain_tile_reset_domain_boom_tile_core_rob_rob_unsafe_1_27,1,reg
ldut_tile_prci_domain_tile_reset_domain_boom_tile_core_rob_rob_unsafe_1_28,1,reg
ldut_tile_prci_domain_tile_reset_domain_boom_tile_core_rob_rob_unsafe_1_29,1,reg
ldut_tile_prci_domain_tile_reset_domain_boom_tile_core_rob_rob_unsafe_1_3,1,reg
ldut_tile_prci_domain_tile_reset_domain_boom_tile_core_rob_rob_unsafe_1_30,1,reg
ldut_tile_prci_domain_tile_reset_domain_boom_tile_core_rob_rob_unsafe_1_31,1,reg
ldut_tile_prci_domain_tile_reset_domain_boom_tile_core_rob_rob_unsafe_1_4,1,reg
ldut_tile_prci_domain_tile_reset_domain_boom_tile_core_rob_rob_unsafe_1_5,1,reg
ldut_tile_prci_domain_tile_reset_domain_boom_tile_core_rob_rob_unsafe_1_6,1,reg
ldut_tile_prci_domain_tile_reset_domain_boom_tile_core_rob_rob_unsafe_1_7,1,reg
ldut_tile_prci_domain_tile_reset_domain_boom_tile_core_rob_rob_unsafe_1_8,1,reg
ldut_tile_prci_domain_tile_reset_domain_boom_tile_core_rob_rob_unsafe_1_9,1,reg
ldut_tile_prci_domain_tile_reset_domain_boom_tile_core_rob_rob_unsafe_2_0,1,reg
ldut_tile_prci_domain_tile_reset_domain_boom_tile_core_rob_rob_unsafe_2_1,1,reg
ldut_tile_prci_domain_tile_reset_domain_boom_tile_core_rob_rob_unsafe_2_10,1,reg
ldut_tile_prci_domain_tile_reset_domain_boom_tile_core_rob_rob_unsafe_2_11,1,reg
ldut_tile_prci_domain_tile_reset_domain_boom_tile_core_rob_rob_unsafe_2_12,1,reg
ldut_tile_prci_domain_tile_reset_domain_boom_tile_core_rob_rob_unsafe_2_13,1,reg
ldut_tile_prci_domain_tile_reset_domain_boom_tile_core_rob_rob_unsafe_2_14,1,reg
ldut_tile_prci_domain_tile_reset_domain_boom_tile_core_rob_rob_unsafe_2_15,1,reg
ldut_tile_prci_domain_tile_reset_domain_boom_tile_core_rob_rob_unsafe_2_16,1,reg
ldut_tile_prci_domain_tile_reset_domain_boom_tile_core_rob_rob_unsafe_2_17,1,reg
ldut_tile_prci_domain_tile_reset_domain_boom_tile_core_rob_rob_unsafe_2_18,1,reg
ldut_tile_prci_domain_tile_reset_domain_boom_tile_core_rob_rob_unsafe_2_19,1,reg
ldut_tile_prci_domain_tile_reset_domain_boom_tile_core_rob_rob_unsafe_2_2,1,reg
ldut_tile_prci_domain_tile_reset_domain_boom_tile_core_rob_rob_unsafe_2_20,1,reg
ldut_tile_prci_domain_tile_reset_domain_boom_tile_core_rob_rob_unsafe_2_21,1,reg
ldut_tile_prci_domain_tile_reset_domain_boom_tile_core_rob_rob_unsafe_2_22,1,reg
ldut_tile_prci_domain_tile_reset_domain_boom_tile_core_rob_rob_unsafe_2_23,1,reg
ldut_tile_prci_domain_tile_reset_domain_boom_tile_core_rob_rob_unsafe_2_24,1,reg
ldut_tile_prci_domain_tile_reset_domain_boom_tile_core_rob_rob_unsafe_2_25,1,reg
ldut_tile_prci_domain_tile_reset_domain_boom_tile_core_rob_rob_unsafe_2_26,1,reg
ldut_tile_prci_domain_tile_reset_domain_boom_tile_core_rob_rob_unsafe_2_27,1,reg
ldut_tile_prci_domain_tile_reset_domain_boom_tile_core_rob_rob_unsafe_2_28,1,reg
ldut_tile_prci_domain_tile_reset_domain_boom_tile_core_rob_rob_unsafe_2_29,1,reg
ldut_tile_prci_domain_tile_reset_domain_boom_tile_core_rob_rob_unsafe_2_3,1,reg
ldut_tile_prci_domain_tile_reset_domain_boom_tile_core_rob_rob_unsafe_2_30,1,reg
ldut_tile_prci_domain_tile_reset_domain_boom_tile_core_rob_rob_unsafe_2_31,1,reg
ldut_tile_prci_domain_tile_reset_domain_boom_tile_core_rob_rob_unsafe_2_4,1,reg
ldut_tile_prci_domain_tile_reset_domain_boom_tile_core_rob_rob_unsafe_2_5,1,reg
ldut_tile_prci_domain_tile_reset_domain_boom_tile_core_rob_rob_unsafe_2_6,1,reg
ldut_tile_prci_domain_tile_reset_domain_boom_tile_core_rob_rob_unsafe_2_7,1,reg
ldut_tile_prci_domain_tile_reset_domain_boom_tile_core_rob_rob_unsafe_2_8,1,reg
ldut_tile_prci_domain_tile_reset_domain_boom_tile_core_rob_rob_unsafe_2_9,1,reg
ldut_tile_prci_domain_tile_reset_domain_boom_tile_core_rob_rob_uop__v2_bank_0_0,64,reg
ldut_tile_prci_domain_tile_reset_domain_boom_tile_core_rob_rob_uop__v2_bank_0_1,64,reg
ldut_tile_prci_domain_tile_reset_domain_boom_tile_core_rob_rob_uop__v2_bank_0_10,64,reg
ldut_tile_prci_domain_tile_reset_domain_boom_tile_core_rob_rob_uop__v2_bank_0_11,64,reg
ldut_tile_prci_domain_tile_reset_domain_boom_tile_core_rob_rob_uop__v2_bank_0_12,64,reg
ldut_tile_prci_domain_tile_reset_domain_boom_tile_core_rob_rob_uop__v2_bank_0_13,64,reg
ldut_tile_prci_domain_tile_reset_domain_boom_tile_core_rob_rob_uop__v2_bank_0_14,64,reg
ldut_tile_prci_domain_tile_reset_domain_boom_tile_core_rob_rob_uop__v2_bank_0_15,64,reg
ldut_tile_prci_domain_tile_reset_domain_boom_tile_core_rob_rob_uop__v2_bank_0_16,64,reg
ldut_tile_prci_domain_tile_reset_domain_boom_tile_core_rob_rob_uop__v2_bank_0_17,64,reg
ldut_tile_prci_domain_tile_reset_domain_boom_tile_core_rob_rob_uop__v2_bank_0_18,64,reg
ldut_tile_prci_domain_tile_reset_domain_boom_tile_core_rob_rob_uop__v2_bank_0_19,64,reg
ldut_tile_prci_domain_tile_reset_domain_boom_tile_core_rob_rob_uop__v2_bank_0_2,64,reg
ldut_tile_prci_domain_tile_reset_domain_boom_tile_core_rob_rob_uop__v2_bank_0_20,64,reg
ldut_tile_prci_domain_tile_reset_domain_boom_tile_core_rob_rob_uop__v2_bank_0_21,64,reg
ldut_tile_prci_domain_tile_reset_domain_boom_tile_core_rob_rob_uop__v2_bank_0_22,64,reg
ldut_tile_prci_domain_tile_reset_domain_boom_tile_core_rob_rob_uop__v2_bank_0_23,64,reg
ldut_tile_prci_domain_tile_reset_domain_boom_tile_core_rob_rob_uop__v2_bank_0_3,64,reg
ldut_tile_prci_domain_tile_reset_domain_boom_tile_core_rob_rob_uop__v2_bank_0_4,64,reg
ldut_tile_prci_domain_tile_reset_domain_boom_tile_core_rob_rob_uop__v2_bank_0_5,64,reg
ldut_tile_prci_domain_tile_reset_domain_boom_tile_core_rob_rob_uop__v2_bank_0_6,64,reg
ldut_tile_prci_domain_tile_reset_domain_boom_tile_core_rob_rob_uop__v2_bank_0_7,64,reg
ldut_tile_prci_domain_tile_reset_domain_boom_tile_core_rob_rob_uop__v2_bank_0_8,64,reg
ldut_tile_prci_domain_tile_reset_domain_boom_tile_core_rob_rob_uop__v2_bank_0_9,64,reg
ldut_tile_prci_domain_tile_reset_domain_boom_tile_core_rob_rob_uop__v2_bank_10_0,49,reg
ldut_tile_prci_domain_tile_reset_domain_boom_tile_core_rob_rob_uop__v2_bank_11_0,49,reg
ldut_tile_prci_domain_tile_reset_domain_boom_tile_core_rob_rob_uop__v2_bank_12_0,49,reg
ldut_tile_prci_domain_tile_reset_domain_boom_tile_core_rob_rob_uop__v2_bank_13_0,49,reg
ldut_tile_prci_domain_tile_reset_domain_boom_tile_core_rob_rob_uop__v2_bank_14_0,49,reg
ldut_tile_prci_domain_tile_reset_domain_boom_tile_core_rob_rob_uop__v2_bank_15_0,49,reg
ldut_tile_prci_domain_tile_reset_domain_boom_tile_core_rob_rob_uop__v2_bank_16_0,49,reg
ldut_tile_prci_domain_tile_reset_domain_boom_tile_core_rob_rob_uop__v2_bank_17_0,49,reg
ldut_tile_prci_domain_tile_reset_domain_boom_tile_core_rob_rob_uop__v2_bank_18_0,49,reg
ldut_tile_prci_domain_tile_reset_domain_boom_tile_core_rob_rob_uop__v2_bank_19_0,49,reg
ldut_tile_prci_domain_tile_reset_domain_boom_tile_core_rob_rob_uop__v2_bank_1_0,49,reg
ldut_tile_prci_domain_tile_reset_domain_boom_tile_core_rob_rob_uop__v2_bank_20_0,49,reg
ldut_tile_prci_domain_tile_reset_domain_boom_tile_core_rob_rob_uop__v2_bank_21_0,49,reg
ldut_tile_prci_domain_tile_reset_domain_boom_tile_core_rob_rob_uop__v2_bank_22_0,49,reg
ldut_tile_prci_domain_tile_reset_domain_boom_tile_core_rob_rob_uop__v2_bank_23_0,49,reg
ldut_tile_prci_domain_tile_reset_domain_boom_tile_core_rob_rob_uop__v2_bank_24_0,49,reg
ldut_tile_prci_domain_tile_reset_domain_boom_tile_core_rob_rob_uop__v2_bank_25_0,49,reg
ldut_tile_prci_domain_tile_reset_domain_boom_tile_core_rob_rob_uop__v2_bank_26_0,49,reg
ldut_tile_prci_domain_tile_reset_domain_boom_tile_core_rob_rob_uop__v2_bank_27_0,49,reg
ldut_tile_prci_domain_tile_reset_domain_boom_tile_core_rob_rob_uop__v2_bank_28_0,49,reg
ldut_tile_prci_domain_tile_reset_domain_boom_tile_core_rob_rob_uop__v2_bank_29_0,49,reg
ldut_tile_prci_domain_tile_reset_domain_boom_tile_core_rob_rob_uop__v2_bank_2_0,49,reg
ldut_tile_prci_domain_tile_reset_domain_boom_tile_core_rob_rob_uop__v2_bank_30_0,49,reg
ldut_tile_prci_domain_tile_reset_domain_boom_tile_core_rob_rob_uop__v2_bank_31_0,49,reg
ldut_tile_prci_domain_tile_reset_domain_boom_tile_core_rob_rob_uop__v2_bank_32_0,49,reg
ldut_tile_prci_domain_tile_reset_domain_boom_tile_core_rob_rob_uop__v2_bank_33_0,49,reg
ldut_tile_prci_domain_tile_reset_domain_boom_tile_core_rob_rob_uop__v2_bank_34_0,49,reg
ldut_tile_prci_domain_tile_reset_domain_boom_tile_core_rob_rob_uop__v2_bank_35_0,49,reg
ldut_tile_prci_domain_tile_reset_domain_boom_tile_core_rob_rob_uop__v2_bank_36_0,49,reg
ldut_tile_prci_domain_tile_reset_domain_boom_tile_core_rob_rob_uop__v2_bank_37_0,49,reg
ldut_tile_prci_domain_tile_reset_domain_boom_tile_core_rob_rob_uop__v2_bank_38_0,49,reg
ldut_tile_prci_domain_tile_reset_domain_boom_tile_core_rob_rob_uop__v2_bank_39_0,49,reg
ldut_tile_prci_domain_tile_reset_domain_boom_tile_core_rob_rob_uop__v2_bank_3_0,49,reg
ldut_tile_prci_domain_tile_reset_domain_boom_tile_core_rob_rob_uop__v2_bank_40_0,49,reg
ldut_tile_prci_domain_tile_reset_domain_boom_tile_core_rob_rob_uop__v2_bank_41_0,49,reg
ldut_tile_prci_domain_tile_reset_domain_boom_tile_core_rob_rob_uop__v2_bank_42_0,49,reg
ldut_tile_prci_domain_tile_reset_domain_boom_tile_core_rob_rob_uop__v2_bank_43_0,49,reg
ldut_tile_prci_domain_tile_reset_domain_boom_tile_core_rob_rob_uop__v2_bank_44_0,49,reg
ldut_tile_prci_domain_tile_reset_domain_boom_tile_core_rob_rob_uop__v2_bank_45_0,49,reg
ldut_tile_prci_domain_tile_reset_domain_boom_tile_core_rob_rob_uop__v2_bank_46_0,49,reg
ldut_tile_prci_domain_tile_reset_domain_boom_tile_core_rob_rob_uop__v2_bank_47_0,49,reg
ldut_tile_prci_domain_tile_reset_domain_boom_tile_core_rob_rob_uop__v2_bank_48_0,49,reg
ldut_tile_prci_domain_tile_reset_domain_boom_tile_core_rob_rob_uop__v2_bank_49_0,49,reg
ldut_tile_prci_domain_tile_reset_domain_boom_tile_core_rob_rob_uop__v2_bank_4_0,49,reg
ldut_tile_prci_domain_tile_reset_domain_boom_tile_core_rob_rob_uop__v2_bank_50_0,49,reg
ldut_tile_prci_domain_tile_reset_domain_boom_tile_core_rob_rob_uop__v2_bank_51_0,49,reg
ldut_tile_prci_domain_tile_reset_domain_boom_tile_core_rob_rob_uop__v2_bank_52_0,49,reg
ldut_tile_prci_domain_tile_reset_domain_boom_tile_core_rob_rob_uop__v2_bank_53_0,49,reg
ldut_tile_prci_domain_tile_reset_domain_boom_tile_core_rob_rob_uop__v2_bank_54_0,49,reg
ldut_tile_prci_domain_tile_reset_domain_boom_tile_core_rob_rob_uop__v2_bank_55_0,49,reg
ldut_tile_prci_domain_tile_reset_domain_boom_tile_core_rob_rob_uop__v2_bank_56_0,49,reg
ldut_tile_prci_domain_tile_reset_domain_boom_tile_core_rob_rob_uop__v2_bank_57_0,49,reg
ldut_tile_prci_domain_tile_reset_domain_boom_tile_core_rob_rob_uop__v2_bank_58_0,49,reg
ldut_tile_prci_domain_tile_reset_domain_boom_tile_core_rob_rob_uop__v2_bank_59_0,49,reg
ldut_tile_prci_domain_tile_reset_domain_boom_tile_core_rob_rob_uop__v2_bank_5_0,49,reg
ldut_tile_prci_domain_tile_reset_domain_boom_tile_core_rob_rob_uop__v2_bank_60_0,49,reg
ldut_tile_prci_domain_tile_reset_domain_boom_tile_core_rob_rob_uop__v2_bank_61_0,49,reg
ldut_tile_prci_domain_tile_reset_domain_boom_tile_core_rob_rob_uop__v2_bank_62_0,49,reg
ldut_tile_prci_domain_tile_reset_domain_boom_tile_core_rob_rob_uop__v2_bank_63_0,49,reg
ldut_tile_prci_domain_tile_reset_domain_boom_tile_core_rob_rob_uop__v2_bank_64_0,49,reg
ldut_tile_prci_domain_tile_reset_domain_boom_tile_core_rob_rob_uop__v2_bank_65_0,32,reg
ldut_tile_prci_domain_tile_reset_domain_boom_tile_core_rob_rob_uop__v2_bank_6_0,49,reg
ldut_tile_prci_domain_tile_reset_domain_boom_tile_core_rob_rob_uop__v2_bank_7_0,49,reg
ldut_tile_prci_domain_tile_reset_domain_boom_tile_core_rob_rob_uop__v2_bank_8_0,49,reg
ldut_tile_prci_domain_tile_reset_domain_boom_tile_core_rob_rob_uop__v2_bank_9_0,49,reg
ldut_tile_prci_domain_tile_reset_domain_boom_tile_core_rob_rob_val_1_0,1,reg
ldut_tile_prci_domain_tile_reset_domain_boom_tile_core_rob_rob_val_1_1,1,reg
ldut_tile_prci_domain_tile_reset_domain_boom_tile_core_rob_rob_val_1_10,1,reg
ldut_tile_prci_domain_tile_reset_domain_boom_tile_core_rob_rob_val_1_11,1,reg
ldut_tile_prci_domain_tile_reset_domain_boom_tile_core_rob_rob_val_1_12,1,reg
ldut_tile_prci_domain_tile_reset_domain_boom_tile_core_rob_rob_val_1_13,1,reg
ldut_tile_prci_domain_tile_reset_domain_boom_tile_core_rob_rob_val_1_14,1,reg
ldut_tile_prci_domain_tile_reset_domain_boom_tile_core_rob_rob_val_1_15,1,reg
ldut_tile_prci_domain_tile_reset_domain_boom_tile_core_rob_rob_val_1_16,1,reg
ldut_tile_prci_domain_tile_reset_domain_boom_tile_core_rob_rob_val_1_17,1,reg
ldut_tile_prci_domain_tile_reset_domain_boom_tile_core_rob_rob_val_1_18,1,reg
ldut_tile_prci_domain_tile_reset_domain_boom_tile_core_rob_rob_val_1_19,1,reg
ldut_tile_prci_domain_tile_reset_domain_boom_tile_core_rob_rob_val_1_2,1,reg
ldut_tile_prci_domain_tile_reset_domain_boom_tile_core_rob_rob_val_1_20,1,reg
ldut_tile_prci_domain_tile_reset_domain_boom_tile_core_rob_rob_val_1_21,1,reg
ldut_tile_prci_domain_tile_reset_domain_boom_tile_core_rob_rob_val_1_22,1,reg
ldut_tile_prci_domain_tile_reset_domain_boom_tile_core_rob_rob_val_1_23,1,reg
ldut_tile_prci_domain_tile_reset_domain_boom_tile_core_rob_rob_val_1_24,1,reg
ldut_tile_prci_domain_tile_reset_domain_boom_tile_core_rob_rob_val_1_25,1,reg
ldut_tile_prci_domain_tile_reset_domain_boom_tile_core_rob_rob_val_1_26,1,reg
ldut_tile_prci_domain_tile_reset_domain_boom_tile_core_rob_rob_val_1_27,1,reg
ldut_tile_prci_domain_tile_reset_domain_boom_tile_core_rob_rob_val_1_28,1,reg
ldut_tile_prci_domain_tile_reset_domain_boom_tile_core_rob_rob_val_1_29,1,reg
ldut_tile_prci_domain_tile_reset_domain_boom_tile_core_rob_rob_val_1_3,1,reg
ldut_tile_prci_domain_tile_reset_domain_boom_tile_core_rob_rob_val_1_30,1,reg
ldut_tile_prci_domain_tile_reset_domain_boom_tile_core_rob_rob_val_1_31,1,reg
ldut_tile_prci_domain_tile_reset_domain_boom_tile_core_rob_rob_val_1_4,1,reg
ldut_tile_prci_domain_tile_reset_domain_boom_tile_core_rob_rob_val_1_5,1,reg
ldut_tile_prci_domain_tile_reset_domain_boom_tile_core_rob_rob_val_1_6,1,reg
ldut_tile_prci_domain_tile_reset_domain_boom_tile_core_rob_rob_val_1_7,1,reg
ldut_tile_prci_domain_tile_reset_domain_boom_tile_core_rob_rob_val_1_8,1,reg
ldut_tile_prci_domain_tile_reset_domain_boom_tile_core_rob_rob_val_1_9,1,reg
ldut_tile_prci_domain_tile_reset_domain_boom_tile_core_rob_rob_val_2_0,1,reg
ldut_tile_prci_domain_tile_reset_domain_boom_tile_core_rob_rob_val_2_1,1,reg
ldut_tile_prci_domain_tile_reset_domain_boom_tile_core_rob_rob_val_2_10,1,reg
ldut_tile_prci_domain_tile_reset_domain_boom_tile_core_rob_rob_val_2_11,1,reg
ldut_tile_prci_domain_tile_reset_domain_boom_tile_core_rob_rob_val_2_12,1,reg
ldut_tile_prci_domain_tile_reset_domain_boom_tile_core_rob_rob_val_2_13,1,reg
ldut_tile_prci_domain_tile_reset_domain_boom_tile_core_rob_rob_val_2_14,1,reg
ldut_tile_prci_domain_tile_reset_domain_boom_tile_core_rob_rob_val_2_15,1,reg
ldut_tile_prci_domain_tile_reset_domain_boom_tile_core_rob_rob_val_2_16,1,reg
ldut_tile_prci_domain_tile_reset_domain_boom_tile_core_rob_rob_val_2_17,1,reg
ldut_tile_prci_domain_tile_reset_domain_boom_tile_core_rob_rob_val_2_18,1,reg
ldut_tile_prci_domain_tile_reset_domain_boom_tile_core_rob_rob_val_2_19,1,reg
ldut_tile_prci_domain_tile_reset_domain_boom_tile_core_rob_rob_val_2_2,1,reg
ldut_tile_prci_domain_tile_reset_domain_boom_tile_core_rob_rob_val_2_20,1,reg
ldut_tile_prci_domain_tile_reset_domain_boom_tile_core_rob_rob_val_2_21,1,reg
ldut_tile_prci_domain_tile_reset_domain_boom_tile_core_rob_rob_val_2_22,1,reg
ldut_tile_prci_domain_tile_reset_domain_boom_tile_core_rob_rob_val_2_23,1,reg
ldut_tile_prci_domain_tile_reset_domain_boom_tile_core_rob_rob_val_2_24,1,reg
ldut_tile_prci_domain_tile_reset_domain_boom_tile_core_rob_rob_val_2_25,1,reg
ldut_tile_prci_domain_tile_reset_domain_boom_tile_core_rob_rob_val_2_26,1,reg
ldut_tile_prci_domain_tile_reset_domain_boom_tile_core_rob_rob_val_2_27,1,reg
ldut_tile_prci_domain_tile_reset_domain_boom_tile_core_rob_rob_val_2_28,1,reg
ldut_tile_prci_domain_tile_reset_domain_boom_tile_core_rob_rob_val_2_29,1,reg
ldut_tile_prci_domain_tile_reset_domain_boom_tile_core_rob_rob_val_2_3,1,reg
ldut_tile_prci_domain_tile_reset_domain_boom_tile_core_rob_rob_val_2_30,1,reg
ldut_tile_prci_domain_tile_reset_domain_boom_tile_core_rob_rob_val_2_31,1,reg
ldut_tile_prci_domain_tile_reset_domain_boom_tile_core_rob_rob_val_2_4,1,reg
ldut_tile_prci_domain_tile_reset_domain_boom_tile_core_rob_rob_val_2_5,1,reg
ldut_tile_prci_domain_tile_reset_domain_boom_tile_core_rob_rob_val_2_6,1,reg
ldut_tile_prci_domain_tile_reset_domain_boom_tile_core_rob_rob_val_2_7,1,reg
ldut_tile_prci_domain_tile_reset_domain_boom_tile_core_rob_rob_val_2_8,1,reg
ldut_tile_prci_domain_tile_reset_domain_boom_tile_core_rob_rob_val_2_9,1,reg
ldut_tile_prci_domain_tile_reset_domain_boom_tile_core_saturating_loads_counter,5,reg
ldut_tile_prci_domain_tile_reset_domain_boom_tile_dcache_REG,1,reg
ldut_tile_prci_domain_tile_reset_domain_boom_tile_dcache_REG_10_state,2,reg
ldut_tile_prci_domain_tile_reset_domain_boom_tile_dcache_REG_11_state,2,reg
ldut_tile_prci_domain_tile_reset_domain_boom_tile_dcache_REG_13,1,reg
ldut_tile_prci_domain_tile_reset_domain_boom_tile_dcache_REG_14,3,reg
ldut_tile_prci_domain_tile_reset_domain_boom_tile_dcache_REG_23,1,reg
ldut_tile_prci_domain_tile_reset_domain_boom_tile_dcache_REG_3,1,reg
ldut_tile_prci_domain_tile_reset_domain_boom_tile_dcache_REG_4_state,2,reg
ldut_tile_prci_domain_tile_reset_domain_boom_tile_dcache_REG_5_state,2,reg
ldut_tile_prci_domain_tile_reset_domain_boom_tile_dcache_REG_6_state,2,reg
ldut_tile_prci_domain_tile_reset_domain_boom_tile_dcache_REG_7_state,2,reg
ldut_tile_prci_domain_tile_reset_domain_boom_tile_dcache_REG_8_state,2,reg
ldut_tile_prci_domain_tile_reset_domain_boom_tile_dcache_REG_9_state,2,reg
ldut_tile_prci_domain_tile_reset_domain_boom_tile_dcache_beatsLeft,8,reg
ldut_tile_prci_domain_tile_reset_domain_boom_tile_dcache_data_REG__w0,64,reg
ldut_tile_prci_domain_tile_reset_domain_boom_tile_dcache_data_REG__w1,64,reg
ldut_tile_prci_domain_tile_reset_domain_boom_tile_dcache_data_REG_1__w0,64,reg
ldut_tile_prci_domain_tile_reset_domain_boom_tile_dcache_data_REG_1__w1,64,reg
ldut_tile_prci_domain_tile_reset_domain_boom_tile_dcache_data_REG_2__w0,64,reg
ldut_tile_prci_domain_tile_reset_domain_boom_tile_dcache_data_REG_2__w1,64,reg
ldut_tile_prci_domain_tile_reset_domain_boom_tile_dcache_data_REG_3__w0,64,reg
ldut_tile_prci_domain_tile_reset_domain_boom_tile_dcache_data_REG_3__w1,64,reg
ldut_tile_prci_domain_tile_reset_domain_boom_tile_dcache_data_REG_4__w0,64,reg
ldut_tile_prci_domain_tile_reset_domain_boom_tile_dcache_data_REG_4__w1,64,reg
ldut_tile_prci_domain_tile_reset_domain_boom_tile_dcache_data_REG_5__w0,64,reg
ldut_tile_prci_domain_tile_reset_domain_boom_tile_dcache_data_REG_5__w1,64,reg
ldut_tile_prci_domain_tile_reset_domain_boom_tile_dcache_data_REG_6__w0,64,reg
ldut_tile_prci_domain_tile_reset_domain_boom_tile_dcache_data_REG_6__w1,64,reg
ldut_tile_prci_domain_tile_reset_domain_boom_tile_dcache_data_REG_7__w0,64,reg
ldut_tile_prci_domain_tile_reset_domain_boom_tile_dcache_data_REG_7__w1,64,reg
ldut_tile_prci_domain_tile_reset_domain_boom_tile_dcache_lfsr_prng_state_0,1,reg
ldut_tile_prci_domain_tile_reset_domain_boom_tile_dcache_lrsc_addr,34,reg
ldut_tile_prci_domain_tile_reset_domain_boom_tile_dcache_lrsc_count,7,reg
ldut_tile_prci_domain_tile_reset_domain_boom_tile_dcache_mshrs_REG,2,reg
ldut_tile_prci_domain_tile_reset_domain_boom_tile_dcache_mshrs_beatsLeft,8,reg
ldut_tile_prci_domain_tile_reset_domain_boom_tile_dcache_mshrs_beatsLeft_1,1,reg
ldut_tile_prci_domain_tile_reset_domain_boom_tile_dcache_mshrs_mmios_0_req_addr,40,reg
ldut_tile_prci_domain_tile_reset_domain_boom_tile_dcache_mshrs_mmios_0_req_data,64,reg
ldut_tile_prci_domain_tile_reset_domain_boom_tile_dcache_mshrs_mmios_0_req_uop_mem_cmd,5,reg
ldut_tile_prci_domain_tile_reset_domain_boom_tile_dcache_mshrs_mmios_0_req_uop_mem_size,2,reg
ldut_tile_prci_domain_tile_reset_domain_boom_tile_dcache_mshrs_mmios_0_state,2,reg
ldut_tile_prci_domain_tile_reset_domain_boom_tile_dcache_mshrs_mshrs_0_grantack_bits_sink,2,reg
ldut_tile_prci_domain_tile_reset_domain_boom_tile_dcache_mshrs_mshrs_0_grantack_valid,1,reg
ldut_tile_prci_domain_tile_reset_domain_boom_tile_dcache_mshrs_mshrs_0_new_coh_state,2,reg
ldut_tile_prci_domain_tile_reset_domain_boom_tile_dcache_mshrs_mshrs_0_req_addr,40,reg
ldut_tile_prci_domain_tile_reset_domain_boom_tile_dcache_mshrs_mshrs_0_req_old_meta_coh_state,2,reg
ldut_tile_prci_domain_tile_reset_domain_boom_tile_dcache_mshrs_mshrs_0_req_uop_mem_cmd,5,reg
ldut_tile_prci_domain_tile_reset_domain_boom_tile_dcache_mshrs_mshrs_0_req_way_en,8,reg
ldut_tile_prci_domain_tile_reset_domain_boom_tile_dcache_mshrs_mshrs_0_rpq_maybe_full,1,reg
ldut_tile_prci_domain_tile_reset_domain_boom_tile_dcache_mshrs_mshrs_0_rpq_uops__v2_bank_0_0,64,reg
ldut_tile_prci_domain_tile_reset_domain_boom_tile_dcache_mshrs_mshrs_0_rpq_uops__v2_bank_0_1,64,reg
ldut_tile_prci_domain_tile_reset_domain_boom_tile_dcache_mshrs_mshrs_0_rpq_uops__v2_bank_0_2,64,reg
ldut_tile_prci_domain_tile_reset_domain_boom_tile_dcache_mshrs_mshrs_0_rpq_uops__v2_bank_0_3,64,reg
ldut_tile_prci_domain_tile_reset_domain_boom_tile_dcache_mshrs_mshrs_0_rpq_valids__v2_bank_0_0,16,reg
ldut_tile_prci_domain_tile_reset_domain_boom_tile_dcache_mshrs_mshrs_0_rpq_value,4,reg
ldut_tile_prci_domain_tile_reset_domain_boom_tile_dcache_mshrs_mshrs_0_rpq_value_1,4,reg
ldut_tile_prci_domain_tile_reset_domain_boom_tile_dcache_mshrs_mshrs_0_state,5,reg
ldut_tile_prci_domain_tile_reset_domain_boom_tile_dcache_mshrs_mshrs_1_grantack_bits_sink,2,reg
ldut_tile_prci_domain_tile_reset_domain_boom_tile_dcache_mshrs_mshrs_1_grantack_valid,1,reg
ldut_tile_prci_domain_tile_reset_domain_boom_tile_dcache_mshrs_mshrs_1_new_coh_state,2,reg
ldut_tile_prci_domain_tile_reset_domain_boom_tile_dcache_mshrs_mshrs_1_req_addr,40,reg
ldut_tile_prci_domain_tile_reset_domain_boom_tile_dcache_mshrs_mshrs_1_req_old_meta_coh_state,2,reg
ldut_tile_prci_domain_tile_reset_domain_boom_tile_dcache_mshrs_mshrs_1_req_uop_mem_cmd,5,reg
ldut_tile_prci_domain_tile_reset_domain_boom_tile_dcache_mshrs_mshrs_1_req_way_en,8,reg
ldut_tile_prci_domain_tile_reset_domain_boom_tile_dcache_mshrs_mshrs_1_rpq_maybe_full,1,reg
ldut_tile_prci_domain_tile_reset_domain_boom_tile_dcache_mshrs_mshrs_1_rpq_uops__v2_bank_0_0,64,reg
ldut_tile_prci_domain_tile_reset_domain_boom_tile_dcache_mshrs_mshrs_1_rpq_uops__v2_bank_0_1,64,reg
ldut_tile_prci_domain_tile_reset_domain_boom_tile_dcache_mshrs_mshrs_1_rpq_uops__v2_bank_0_2,64,reg
ldut_tile_prci_domain_tile_reset_domain_boom_tile_dcache_mshrs_mshrs_1_rpq_uops__v2_bank_0_3,64,reg
ldut_tile_prci_domain_tile_reset_domain_boom_tile_dcache_mshrs_mshrs_1_rpq_valids__v2_bank_0_0,16,reg
ldut_tile_prci_domain_tile_reset_domain_boom_tile_dcache_mshrs_mshrs_1_rpq_value,4,reg
ldut_tile_prci_domain_tile_reset_domain_boom_tile_dcache_mshrs_mshrs_1_rpq_value_1,4,reg
ldut_tile_prci_domain_tile_reset_domain_boom_tile_dcache_mshrs_mshrs_1_state,5,reg
ldut_tile_prci_domain_tile_reset_domain_boom_tile_dcache_mshrs_mshrs_2_grantack_bits_sink,2,reg
ldut_tile_prci_domain_tile_reset_domain_boom_tile_dcache_mshrs_mshrs_2_grantack_valid,1,reg
ldut_tile_prci_domain_tile_reset_domain_boom_tile_dcache_mshrs_mshrs_2_new_coh_state,2,reg
ldut_tile_prci_domain_tile_reset_domain_boom_tile_dcache_mshrs_mshrs_2_req_addr,40,reg
ldut_tile_prci_domain_tile_reset_domain_boom_tile_dcache_mshrs_mshrs_2_req_old_meta_coh_state,2,reg
ldut_tile_prci_domain_tile_reset_domain_boom_tile_dcache_mshrs_mshrs_2_req_uop_mem_cmd,5,reg
ldut_tile_prci_domain_tile_reset_domain_boom_tile_dcache_mshrs_mshrs_2_req_way_en,8,reg
ldut_tile_prci_domain_tile_reset_domain_boom_tile_dcache_mshrs_mshrs_2_rpq_maybe_full,1,reg
ldut_tile_prci_domain_tile_reset_domain_boom_tile_dcache_mshrs_mshrs_2_rpq_uops__v2_bank_0_0,64,reg
ldut_tile_prci_domain_tile_reset_domain_boom_tile_dcache_mshrs_mshrs_2_rpq_uops__v2_bank_0_1,64,reg
ldut_tile_prci_domain_tile_reset_domain_boom_tile_dcache_mshrs_mshrs_2_rpq_uops__v2_bank_0_2,64,reg
ldut_tile_prci_domain_tile_reset_domain_boom_tile_dcache_mshrs_mshrs_2_rpq_uops__v2_bank_0_3,64,reg
ldut_tile_prci_domain_tile_reset_domain_boom_tile_dcache_mshrs_mshrs_2_rpq_valids__v2_bank_0_0,16,reg
ldut_tile_prci_domain_tile_reset_domain_boom_tile_dcache_mshrs_mshrs_2_rpq_value,4,reg
ldut_tile_prci_domain_tile_reset_domain_boom_tile_dcache_mshrs_mshrs_2_rpq_value_1,4,reg
ldut_tile_prci_domain_tile_reset_domain_boom_tile_dcache_mshrs_mshrs_2_state,5,reg
ldut_tile_prci_domain_tile_reset_domain_boom_tile_dcache_mshrs_mshrs_3_grantack_bits_sink,2,reg
ldut_tile_prci_domain_tile_reset_domain_boom_tile_dcache_mshrs_mshrs_3_grantack_valid,1,reg
ldut_tile_prci_domain_tile_reset_domain_boom_tile_dcache_mshrs_mshrs_3_new_coh_state,2,reg
ldut_tile_prci_domain_tile_reset_domain_boom_tile_dcache_mshrs_mshrs_3_req_addr,40,reg
ldut_tile_prci_domain_tile_reset_domain_boom_tile_dcache_mshrs_mshrs_3_req_old_meta_coh_state,2,reg
ldut_tile_prci_domain_tile_reset_domain_boom_tile_dcache_mshrs_mshrs_3_req_uop_mem_cmd,5,reg
ldut_tile_prci_domain_tile_reset_domain_boom_tile_dcache_mshrs_mshrs_3_req_way_en,8,reg
ldut_tile_prci_domain_tile_reset_domain_boom_tile_dcache_mshrs_mshrs_3_rpq_maybe_full,1,reg
ldut_tile_prci_domain_tile_reset_domain_boom_tile_dcache_mshrs_mshrs_3_rpq_uops__v2_bank_0_0,64,reg
ldut_tile_prci_domain_tile_reset_domain_boom_tile_dcache_mshrs_mshrs_3_rpq_uops__v2_bank_0_1,64,reg
ldut_tile_prci_domain_tile_reset_domain_boom_tile_dcache_mshrs_mshrs_3_rpq_uops__v2_bank_0_2,64,reg
ldut_tile_prci_domain_tile_reset_domain_boom_tile_dcache_mshrs_mshrs_3_rpq_uops__v2_bank_0_3,64,reg
ldut_tile_prci_domain_tile_reset_domain_boom_tile_dcache_mshrs_mshrs_3_rpq_valids__v2_bank_0_0,16,reg
ldut_tile_prci_domain_tile_reset_domain_boom_tile_dcache_mshrs_mshrs_3_rpq_value,4,reg
ldut_tile_prci_domain_tile_reset_domain_boom_tile_dcache_mshrs_mshrs_3_rpq_value_1,4,reg
ldut_tile_prci_domain_tile_reset_domain_boom_tile_dcache_mshrs_mshrs_3_state,5,reg
ldut_tile_prci_domain_tile_reset_domain_boom_tile_dcache_mshrs_respq_maybe_full,1,reg
ldut_tile_prci_domain_tile_reset_domain_boom_tile_dcache_mshrs_respq_uops__v2_bank_0_0,64,reg
ldut_tile_prci_domain_tile_reset_domain_boom_tile_dcache_mshrs_respq_uops__v2_bank_1_0,13,reg
ldut_tile_prci_domain_tile_reset_domain_boom_tile_dcache_mshrs_respq_uops__v2_bank_2_0,13,reg
ldut_tile_prci_domain_tile_reset_domain_boom_tile_dcache_mshrs_respq_uops__v2_bank_3_0,13,reg
ldut_tile_prci_domain_tile_reset_domain_boom_tile_dcache_mshrs_respq_uops__v2_bank_4_0,13,reg
ldut_tile_prci_domain_tile_reset_domain_boom_tile_dcache_mshrs_respq_valids__v2_bank_0_0,4,reg
ldut_tile_prci_domain_tile_reset_domain_boom_tile_dcache_mshrs_respq_value,2,reg
ldut_tile_prci_domain_tile_reset_domain_boom_tile_dcache_mshrs_respq_value_1,2,reg
ldut_tile_prci_domain_tile_reset_domain_boom_tile_dcache_mshrs_sdq_val,17,reg
ldut_tile_prci_domain_tile_reset_domain_boom_tile_dcache_mshrs_state_1_0,1,reg
ldut_tile_prci_domain_tile_reset_domain_boom_tile_dcache_mshrs_state_1_1,1,reg
ldut_tile_prci_domain_tile_reset_domain_boom_tile_dcache_mshrs_state_1_2,1,reg
ldut_tile_prci_domain_tile_reset_domain_boom_tile_dcache_mshrs_state_1_3,1,reg
ldut_tile_prci_domain_tile_reset_domain_boom_tile_dcache_mshrs_state__0,1,reg
ldut_tile_prci_domain_tile_reset_domain_boom_tile_dcache_mshrs_state__1,1,reg
ldut_tile_prci_domain_tile_reset_domain_boom_tile_dcache_mshrs_state__2,1,reg
ldut_tile_prci_domain_tile_reset_domain_boom_tile_dcache_mshrs_state__3,1,reg
ldut_tile_prci_domain_tile_reset_domain_boom_tile_dcache_mshrs_state__4,1,reg
ldut_tile_prci_domain_tile_reset_domain_boom_tile_dcache_prober_old_coh_state,2,reg
ldut_tile_prci_domain_tile_reset_domain_boom_tile_dcache_prober_req_address,32,reg
ldut_tile_prci_domain_tile_reset_domain_boom_tile_dcache_prober_req_param,2,reg
ldut_tile_prci_domain_tile_reset_domain_boom_tile_dcache_prober_req_size,4,reg
ldut_tile_prci_domain_tile_reset_domain_boom_tile_dcache_prober_req_source,3,reg
ldut_tile_prci_domain_tile_reset_domain_boom_tile_dcache_prober_state,4,reg
ldut_tile_prci_domain_tile_reset_domain_boom_tile_dcache_prober_way_en,8,reg
ldut_tile_prci_domain_tile_reset_domain_boom_tile_dcache_s1_req_0_is_hella,1,reg
ldut_tile_prci_domain_tile_reset_domain_boom_tile_dcache_s2_nack_hit_0,1,reg
ldut_tile_prci_domain_tile_reset_domain_boom_tile_dcache_s2_req_0_addr,40,reg
ldut_tile_prci_domain_tile_reset_domain_boom_tile_dcache_s2_req_0_data,64,reg
ldut_tile_prci_domain_tile_reset_domain_boom_tile_dcache_s2_req_0_uop_br_mask,16,reg
ldut_tile_prci_domain_tile_reset_domain_boom_tile_dcache_s2_req_0_uop_is_amo,1,reg
ldut_tile_prci_domain_tile_reset_domain_boom_tile_dcache_s2_req_0_uop_ldq_idx,5,reg
ldut_tile_prci_domain_tile_reset_domain_boom_tile_dcache_s2_req_0_uop_mem_cmd,5,reg
ldut_tile_prci_domain_tile_reset_domain_boom_tile_dcache_s2_req_0_uop_mem_signed,1,reg
ldut_tile_prci_domain_tile_reset_domain_boom_tile_dcache_s2_req_0_uop_mem_size,2,reg
ldut_tile_prci_domain_tile_reset_domain_boom_tile_dcache_s2_req_0_uop_stq_idx,5,reg
ldut_tile_prci_domain_tile_reset_domain_boom_tile_dcache_s2_req_0_uop_uses_ldq,1,reg
ldut_tile_prci_domain_tile_reset_domain_boom_tile_dcache_s2_req_0_uop_uses_stq,1,reg
ldut_tile_prci_domain_tile_reset_domain_boom_tile_dcache_s2_tag_match_way_0,8,reg
ldut_tile_prci_domain_tile_reset_domain_boom_tile_dcache_s2_type,3,reg
ldut_tile_prci_domain_tile_reset_domain_boom_tile_dcache_s2_wb_idx_matches_0,1,reg
ldut_tile_prci_domain_tile_reset_domain_boom_tile_dcache_s3_req_addr,40,reg
ldut_tile_prci_domain_tile_reset_domain_boom_tile_dcache_s3_req_data,64,reg
ldut_tile_prci_domain_tile_reset_domain_boom_tile_dcache_s3_valid,1,reg
ldut_tile_prci_domain_tile_reset_domain_boom_tile_dcache_s4_req_addr,40,reg
ldut_tile_prci_domain_tile_reset_domain_boom_tile_dcache_s4_req_data,64,reg
ldut_tile_prci_domain_tile_reset_domain_boom_tile_dcache_s4_valid,1,reg
ldut_tile_prci_domain_tile_reset_domain_boom_tile_dcache_s5_req_addr,40,reg
ldut_tile_prci_domain_tile_reset_domain_boom_tile_dcache_s5_req_data,64,reg
ldut_tile_prci_domain_tile_reset_domain_boom_tile_dcache_s5_valid,1,reg
ldut_tile_prci_domain_tile_reset_domain_boom_tile_dcache_state_0,1,reg
ldut_tile_prci_domain_tile_reset_domain_boom_tile_dcache_state_1,1,reg
ldut_tile_prci_domain_tile_reset_domain_boom_tile_dcache_wb_data_req_cnt,3,reg
ldut_tile_prci_domain_tile_reset_domain_boom_tile_dcache_wb_req_idx,6,reg
ldut_tile_prci_domain_tile_reset_domain_boom_tile_dcache_wb_req_param,3,reg
ldut_tile_prci_domain_tile_reset_domain_boom_tile_dcache_wb_req_tag,20,reg
ldut_tile_prci_domain_tile_reset_domain_boom_tile_dcache_wb_req_voluntary,1,reg
ldut_tile_prci_domain_tile_reset_domain_boom_tile_dcache_wb_state,3,reg
ldut_tile_prci_domain_tile_reset_domain_boom_tile_dcache_wb_wb_buffer_0__w0,64,reg
ldut_tile_prci_domain_tile_reset_domain_boom_tile_dcache_wb_wb_buffer_0__w1,64,reg
ldut_tile_prci_domain_tile_reset_domain_boom_tile_dcache_wb_wb_buffer_1__w0,64,reg
ldut_tile_prci_domain_tile_reset_domain_boom_tile_dcache_wb_wb_buffer_1__w1,64,reg
ldut_tile_prci_domain_tile_reset_domain_boom_tile_dcache_wb_wb_buffer_2__w0,64,reg
ldut_tile_prci_domain_tile_reset_domain_boom_tile_dcache_wb_wb_buffer_2__w1,64,reg
ldut_tile_prci_domain_tile_reset_domain_boom_tile_dcache_wb_wb_buffer_3__w0,64,reg
ldut_tile_prci_domain_tile_reset_domain_boom_tile_dcache_wb_wb_buffer_3__w1,64,reg
ldut_tile_prci_domain_tile_reset_domain_boom_tile_frontend_REG_4,1,reg
ldut_tile_prci_domain_tile_reset_domain_boom_tile_frontend_REG_5,1,reg
ldut_tile_prci_domain_tile_reset_domain_boom_tile_frontend_bpd_REG,1,reg
ldut_tile_prci_domain_tile_reset_domain_boom_tile_frontend_bpd_REG_1,64,reg
ldut_tile_prci_domain_tile_reset_domain_boom_tile_frontend_bpd_REG_11,40,reg
ldut_tile_prci_domain_tile_reset_domain_boom_tile_frontend_bpd_REG_2__w0,64,reg
ldut_tile_prci_domain_tile_reset_domain_boom_tile_frontend_bpd_REG_2__w1,1,reg
ldut_tile_prci_domain_tile_reset_domain_boom_tile_frontend_bpd_REG_3__w0,64,reg
ldut_tile_prci_domain_tile_reset_domain_boom_tile_frontend_bpd_REG_3__w1,1,reg
ldut_tile_prci_domain_tile_reset_domain_boom_tile_frontend_bpd_REG_4,64,reg
ldut_tile_prci_domain_tile_reset_domain_boom_tile_frontend_bpd_banked_predictors_0_components_0_columns_0_f3_entry_p_cnt,10,reg
ldut_tile_prci_domain_tile_reset_domain_boom_tile_frontend_bpd_banked_predictors_0_components_0_columns_0_f3_entry_s_cnt,10,reg
ldut_tile_prci_domain_tile_reset_domain_boom_tile_frontend_bpd_banked_predictors_0_components_0_columns_0_f3_entry_tag,10,reg
ldut_tile_prci_domain_tile_reset_domain_boom_tile_frontend_bpd_banked_predictors_0_components_0_columns_0_f4_entry_age,3,reg
ldut_tile_prci_domain_tile_reset_domain_boom_tile_frontend_bpd_banked_predictors_0_components_0_columns_0_f4_entry_conf,3,reg
ldut_tile_prci_domain_tile_reset_domain_boom_tile_frontend_bpd_banked_predictors_0_components_0_columns_0_f4_fire,1,reg
ldut_tile_prci_domain_tile_reset_domain_boom_tile_frontend_bpd_banked_predictors_0_components_0_columns_0_reset_idx,4,reg
ldut_tile_prci_domain_tile_reset_domain_boom_tile_frontend_bpd_banked_predictors_0_components_0_columns_1_f3_entry_p_cnt,10,reg
ldut_tile_prci_domain_tile_reset_domain_boom_tile_frontend_bpd_banked_predictors_0_components_0_columns_1_f3_entry_s_cnt,10,reg
ldut_tile_prci_domain_tile_reset_domain_boom_tile_frontend_bpd_banked_predictors_0_components_0_columns_1_f3_entry_tag,10,reg
ldut_tile_prci_domain_tile_reset_domain_boom_tile_frontend_bpd_banked_predictors_0_components_0_columns_1_f4_entry_age,3,reg
ldut_tile_prci_domain_tile_reset_domain_boom_tile_frontend_bpd_banked_predictors_0_components_0_columns_1_f4_entry_conf,3,reg
ldut_tile_prci_domain_tile_reset_domain_boom_tile_frontend_bpd_banked_predictors_0_components_0_columns_1_f4_fire,1,reg
ldut_tile_prci_domain_tile_reset_domain_boom_tile_frontend_bpd_banked_predictors_0_components_0_columns_1_reset_idx,4,reg
ldut_tile_prci_domain_tile_reset_domain_boom_tile_frontend_bpd_banked_predictors_0_components_0_columns_2_f3_entry_p_cnt,10,reg
ldut_tile_prci_domain_tile_reset_domain_boom_tile_frontend_bpd_banked_predictors_0_components_0_columns_2_f3_entry_s_cnt,10,reg
ldut_tile_prci_domain_tile_reset_domain_boom_tile_frontend_bpd_banked_predictors_0_components_0_columns_2_f3_entry_tag,10,reg
ldut_tile_prci_domain_tile_reset_domain_boom_tile_frontend_bpd_banked_predictors_0_components_0_columns_2_f4_entry_age,3,reg
ldut_tile_prci_domain_tile_reset_domain_boom_tile_frontend_bpd_banked_predictors_0_components_0_columns_2_f4_entry_conf,3,reg
ldut_tile_prci_domain_tile_reset_domain_boom_tile_frontend_bpd_banked_predictors_0_components_0_columns_2_f4_fire,1,reg
ldut_tile_prci_domain_tile_reset_domain_boom_tile_frontend_bpd_banked_predictors_0_components_0_columns_2_reset_idx,4,reg
ldut_tile_prci_domain_tile_reset_domain_boom_tile_frontend_bpd_banked_predictors_0_components_0_columns_3_f3_entry_p_cnt,10,reg
ldut_tile_prci_domain_tile_reset_domain_boom_tile_frontend_bpd_banked_predictors_0_components_0_columns_3_f3_entry_s_cnt,10,reg
ldut_tile_prci_domain_tile_reset_domain_boom_tile_frontend_bpd_banked_predictors_0_components_0_columns_3_f3_entry_tag,10,reg
ldut_tile_prci_domain_tile_reset_domain_boom_tile_frontend_bpd_banked_predictors_0_components_0_columns_3_f4_entry_age,3,reg
ldut_tile_prci_domain_tile_reset_domain_boom_tile_frontend_bpd_banked_predictors_0_components_0_columns_3_f4_entry_conf,3,reg
ldut_tile_prci_domain_tile_reset_domain_boom_tile_frontend_bpd_banked_predictors_0_components_0_columns_3_f4_fire,1,reg
ldut_tile_prci_domain_tile_reset_domain_boom_tile_frontend_bpd_banked_predictors_0_components_0_columns_3_reset_idx,4,reg
ldut_tile_prci_domain_tile_reset_domain_boom_tile_frontend_bpd_banked_predictors_0_components_0_s1_idx,36,reg
ldut_tile_prci_domain_tile_reset_domain_boom_tile_frontend_bpd_banked_predictors_0_components_0_s1_update__bits_br_mask,4,reg
ldut_tile_prci_domain_tile_reset_domain_boom_tile_frontend_bpd_banked_predictors_0_components_0_s1_update__bits_cfi_mispredicted,1,reg
ldut_tile_prci_domain_tile_reset_domain_boom_tile_frontend_bpd_banked_predictors_0_components_0_s1_update__bits_is_mispredict_update,1,reg
ldut_tile_prci_domain_tile_reset_domain_boom_tile_frontend_bpd_banked_predictors_0_components_0_s1_update__bits_is_repair_update,1,reg
ldut_tile_prci_domain_tile_reset_domain_boom_tile_frontend_bpd_banked_predictors_0_components_0_s1_update__bits_meta__w0,64,reg
ldut_tile_prci_domain_tile_reset_domain_boom_tile_frontend_bpd_banked_predictors_0_components_0_s1_update__bits_meta__w1,56,reg
ldut_tile_prci_domain_tile_reset_domain_boom_tile_frontend_bpd_banked_predictors_0_components_0_s1_update__valid,1,reg
ldut_tile_prci_domain_tile_reset_domain_boom_tile_frontend_bpd_banked_predictors_0_components_0_s1_update_idx,36,reg
ldut_tile_prci_domain_tile_reset_domain_boom_tile_frontend_bpd_banked_predictors_0_components_1_REG,1,reg
ldut_tile_prci_domain_tile_reset_domain_boom_tile_frontend_bpd_banked_predictors_0_components_1_REG_1,40,reg
ldut_tile_prci_domain_tile_reset_domain_boom_tile_frontend_bpd_banked_predictors_0_components_1_REG_10,1,reg
ldut_tile_prci_domain_tile_reset_domain_boom_tile_frontend_bpd_banked_predictors_0_components_1_REG_11,40,reg
ldut_tile_prci_domain_tile_reset_domain_boom_tile_frontend_bpd_banked_predictors_0_components_1_REG_2,1,reg
ldut_tile_prci_domain_tile_reset_domain_boom_tile_frontend_bpd_banked_predictors_0_components_1_REG_3,40,reg
ldut_tile_prci_domain_tile_reset_domain_boom_tile_frontend_bpd_banked_predictors_0_components_1_REG_4,1,reg
ldut_tile_prci_domain_tile_reset_domain_boom_tile_frontend_bpd_banked_predictors_0_components_1_REG_5,40,reg
ldut_tile_prci_domain_tile_reset_domain_boom_tile_frontend_bpd_banked_predictors_0_components_1_REG_6,1,reg
ldut_tile_prci_domain_tile_reset_domain_boom_tile_frontend_bpd_banked_predictors_0_components_1_REG_7,40,reg
ldut_tile_prci_domain_tile_reset_domain_boom_tile_frontend_bpd_banked_predictors_0_components_1_REG_8,1,reg
ldut_tile_prci_domain_tile_reset_domain_boom_tile_frontend_bpd_banked_predictors_0_components_1_REG_9,40,reg
ldut_tile_prci_domain_tile_reset_domain_boom_tile_frontend_bpd_banked_predictors_0_components_1_prng_state_4,1,reg
ldut_tile_prci_domain_tile_reset_domain_boom_tile_frontend_bpd_banked_predictors_0_components_1_prng_1_state_4,1,reg
ldut_tile_prci_domain_tile_reset_domain_boom_tile_frontend_bpd_banked_predictors_0_components_1_prng_2_state_4,1,reg
ldut_tile_prci_domain_tile_reset_domain_boom_tile_frontend_bpd_banked_predictors_0_components_1_prng_3_state_4,1,reg
ldut_tile_prci_domain_tile_reset_domain_boom_tile_frontend_bpd_banked_predictors_0_components_1_s1_update__bits_br_mask,4,reg
ldut_tile_prci_domain_tile_reset_domain_boom_tile_frontend_bpd_banked_predictors_0_components_1_s1_update__bits_btb_mispredicts,4,reg
ldut_tile_prci_domain_tile_reset_domain_boom_tile_frontend_bpd_banked_predictors_0_components_1_s1_update__bits_cfi_idx_bits,2,reg
ldut_tile_prci_domain_tile_reset_domain_boom_tile_frontend_bpd_banked_predictors_0_components_1_s1_update__bits_cfi_idx_valid,1,reg
ldut_tile_prci_domain_tile_reset_domain_boom_tile_frontend_bpd_banked_predictors_0_components_1_s1_update__bits_cfi_mispredicted,1,reg
ldut_tile_prci_domain_tile_reset_domain_boom_tile_frontend_bpd_banked_predictors_0_components_1_s1_update__bits_cfi_taken,1,reg
ldut_tile_prci_domain_tile_reset_domain_boom_tile_frontend_bpd_banked_predictors_0_components_1_s1_update__bits_ghist,64,reg
ldut_tile_prci_domain_tile_reset_domain_boom_tile_frontend_bpd_banked_predictors_0_components_1_s1_update__bits_is_mispredict_update,1,reg
ldut_tile_prci_domain_tile_reset_domain_boom_tile_frontend_bpd_banked_predictors_0_components_1_s1_update__bits_is_repair_update,1,reg
ldut_tile_prci_domain_tile_reset_domain_boom_tile_frontend_bpd_banked_predictors_0_components_1_s1_update__bits_meta__w0,64,reg
ldut_tile_prci_domain_tile_reset_domain_boom_tile_frontend_bpd_banked_predictors_0_components_1_s1_update__bits_meta__w1,56,reg
ldut_tile_prci_domain_tile_reset_domain_boom_tile_frontend_bpd_banked_predictors_0_components_1_s1_update__bits_pc,40,reg
ldut_tile_prci_domain_tile_reset_domain_boom_tile_frontend_bpd_banked_predictors_0_components_1_s1_update__valid,1,reg
ldut_tile_prci_domain_tile_reset_domain_boom_tile_frontend_bpd_banked_predictors_0_components_1_tables_0_reset_idx,7,reg
ldut_tile_prci_domain_tile_reset_domain_boom_tile_frontend_bpd_banked_predictors_0_components_1_tables_0_wrbypass__v2_bank_0_0,52,reg
ldut_tile_prci_domain_tile_reset_domain_boom_tile_frontend_bpd_banked_predictors_0_components_1_tables_0_wrbypass_enq_idx,1,reg
ldut_tile_prci_domain_tile_reset_domain_boom_tile_frontend_bpd_banked_predictors_0_components_1_tables_1_reset_idx,7,reg
ldut_tile_prci_domain_tile_reset_domain_boom_tile_frontend_bpd_banked_predictors_0_components_1_tables_1_wrbypass__v2_bank_0_0,52,reg
ldut_tile_prci_domain_tile_reset_domain_boom_tile_frontend_bpd_banked_predictors_0_components_1_tables_1_wrbypass_enq_idx,1,reg
ldut_tile_prci_domain_tile_reset_domain_boom_tile_frontend_bpd_banked_predictors_0_components_1_tables_2_reset_idx,8,reg
ldut_tile_prci_domain_tile_reset_domain_boom_tile_frontend_bpd_banked_predictors_0_components_1_tables_2_wrbypass__v2_bank_0_0,56,reg
ldut_tile_prci_domain_tile_reset_domain_boom_tile_frontend_bpd_banked_predictors_0_components_1_tables_2_wrbypass_enq_idx,1,reg
ldut_tile_prci_domain_tile_reset_domain_boom_tile_frontend_bpd_banked_predictors_0_components_1_tables_3_reset_idx,8,reg
ldut_tile_prci_domain_tile_reset_domain_boom_tile_frontend_bpd_banked_predictors_0_components_1_tables_3_wrbypass__v2_bank_0_0,56,reg
ldut_tile_prci_domain_tile_reset_domain_boom_tile_frontend_bpd_banked_predictors_0_components_1_tables_3_wrbypass_enq_idx,1,reg
ldut_tile_prci_domain_tile_reset_domain_boom_tile_frontend_bpd_banked_predictors_0_components_1_tables_4_reset_idx,7,reg
ldut_tile_prci_domain_tile_reset_domain_boom_tile_frontend_bpd_banked_predictors_0_components_1_tables_4_wrbypass__v2_bank_0_0,56,reg
ldut_tile_prci_domain_tile_reset_domain_boom_tile_frontend_bpd_banked_predictors_0_components_1_tables_4_wrbypass_enq_idx,1,reg
ldut_tile_prci_domain_tile_reset_domain_boom_tile_frontend_bpd_banked_predictors_0_components_1_tables_5_reset_idx,7,reg
ldut_tile_prci_domain_tile_reset_domain_boom_tile_frontend_bpd_banked_predictors_0_components_1_tables_5_wrbypass__v2_bank_0_0,56,reg
ldut_tile_prci_domain_tile_reset_domain_boom_tile_frontend_bpd_banked_predictors_0_components_1_tables_5_wrbypass_enq_idx,1,reg
ldut_tile_prci_domain_tile_reset_domain_boom_tile_frontend_bpd_banked_predictors_0_components_2_REG_1,1,reg
ldut_tile_prci_domain_tile_reset_domain_boom_tile_frontend_bpd_banked_predictors_0_components_2_REG_11,1,reg
ldut_tile_prci_domain_tile_reset_domain_boom_tile_frontend_bpd_banked_predictors_0_components_2_REG_13,1,reg
ldut_tile_prci_domain_tile_reset_domain_boom_tile_frontend_bpd_banked_predictors_0_components_2_REG_14_bits,40,reg
ldut_tile_prci_domain_tile_reset_domain_boom_tile_frontend_bpd_banked_predictors_0_components_2_REG_14_valid,1,reg
ldut_tile_prci_domain_tile_reset_domain_boom_tile_frontend_bpd_banked_predictors_0_components_2_REG_15,1,reg
ldut_tile_prci_domain_tile_reset_domain_boom_tile_frontend_bpd_banked_predictors_0_components_2_REG_16,1,reg
ldut_tile_prci_domain_tile_reset_domain_boom_tile_frontend_bpd_banked_predictors_0_components_2_REG_17,1,reg
ldut_tile_prci_domain_tile_reset_domain_boom_tile_frontend_bpd_banked_predictors_0_components_2_REG_18,1,reg
ldut_tile_prci_domain_tile_reset_domain_boom_tile_frontend_bpd_banked_predictors_0_components_2_REG_23,1,reg
ldut_tile_prci_domain_tile_reset_domain_boom_tile_frontend_bpd_banked_predictors_0_components_2_REG_25,1,reg
ldut_tile_prci_domain_tile_reset_domain_boom_tile_frontend_bpd_banked_predictors_0_components_2_REG_26_bits,40,reg
ldut_tile_prci_domain_tile_reset_domain_boom_tile_frontend_bpd_banked_predictors_0_components_2_REG_26_valid,1,reg
ldut_tile_prci_domain_tile_reset_domain_boom_tile_frontend_bpd_banked_predictors_0_components_2_REG_27,1,reg
ldut_tile_prci_domain_tile_reset_domain_boom_tile_frontend_bpd_banked_predictors_0_components_2_REG_28,1,reg
ldut_tile_prci_domain_tile_reset_domain_boom_tile_frontend_bpd_banked_predictors_0_components_2_REG_29,1,reg
ldut_tile_prci_domain_tile_reset_domain_boom_tile_frontend_bpd_banked_predictors_0_components_2_REG_2_bits,40,reg
ldut_tile_prci_domain_tile_reset_domain_boom_tile_frontend_bpd_banked_predictors_0_components_2_REG_2_valid,1,reg
ldut_tile_prci_domain_tile_reset_domain_boom_tile_frontend_bpd_banked_predictors_0_components_2_REG_3,1,reg
ldut_tile_prci_domain_tile_reset_domain_boom_tile_frontend_bpd_banked_predictors_0_components_2_REG_30,1,reg
ldut_tile_prci_domain_tile_reset_domain_boom_tile_frontend_bpd_banked_predictors_0_components_2_REG_35,1,reg
ldut_tile_prci_domain_tile_reset_domain_boom_tile_frontend_bpd_banked_predictors_0_components_2_REG_37,1,reg
ldut_tile_prci_domain_tile_reset_domain_boom_tile_frontend_bpd_banked_predictors_0_components_2_REG_38_bits,40,reg
ldut_tile_prci_domain_tile_reset_domain_boom_tile_frontend_bpd_banked_predictors_0_components_2_REG_38_valid,1,reg
ldut_tile_prci_domain_tile_reset_domain_boom_tile_frontend_bpd_banked_predictors_0_components_2_REG_39,1,reg
ldut_tile_prci_domain_tile_reset_domain_boom_tile_frontend_bpd_banked_predictors_0_components_2_REG_4,1,reg
ldut_tile_prci_domain_tile_reset_domain_boom_tile_frontend_bpd_banked_predictors_0_components_2_REG_40,1,reg
ldut_tile_prci_domain_tile_reset_domain_boom_tile_frontend_bpd_banked_predictors_0_components_2_REG_41,1,reg
ldut_tile_prci_domain_tile_reset_domain_boom_tile_frontend_bpd_banked_predictors_0_components_2_REG_42,1,reg
ldut_tile_prci_domain_tile_reset_domain_boom_tile_frontend_bpd_banked_predictors_0_components_2_REG_47,1,reg
ldut_tile_prci_domain_tile_reset_domain_boom_tile_frontend_bpd_banked_predictors_0_components_2_REG_5,1,reg
ldut_tile_prci_domain_tile_reset_domain_boom_tile_frontend_bpd_banked_predictors_0_components_2_REG_6,1,reg
ldut_tile_prci_domain_tile_reset_domain_boom_tile_frontend_bpd_banked_predictors_0_components_2_REG_write_way,1,reg
ldut_tile_prci_domain_tile_reset_domain_boom_tile_frontend_bpd_banked_predictors_0_components_2_reset_idx,7,reg
ldut_tile_prci_domain_tile_reset_domain_boom_tile_frontend_bpd_banked_predictors_0_components_2_s1_idx,36,reg
ldut_tile_prci_domain_tile_reset_domain_boom_tile_frontend_bpd_banked_predictors_0_components_2_s1_update__bits_br_mask,4,reg
ldut_tile_prci_domain_tile_reset_domain_boom_tile_frontend_bpd_banked_predictors_0_components_2_s1_update__bits_btb_mispredicts,4,reg
ldut_tile_prci_domain_tile_reset_domain_boom_tile_frontend_bpd_banked_predictors_0_components_2_s1_update__bits_cfi_idx_bits,2,reg
ldut_tile_prci_domain_tile_reset_domain_boom_tile_frontend_bpd_banked_predictors_0_components_2_s1_update__bits_cfi_idx_valid,1,reg
ldut_tile_prci_domain_tile_reset_domain_boom_tile_frontend_bpd_banked_predictors_0_components_2_s1_update__bits_cfi_taken,1,reg
ldut_tile_prci_domain_tile_reset_domain_boom_tile_frontend_bpd_banked_predictors_0_components_2_s1_update__bits_is_mispredict_update,1,reg
ldut_tile_prci_domain_tile_reset_domain_boom_tile_frontend_bpd_banked_predictors_0_components_2_s1_update__bits_is_repair_update,1,reg
ldut_tile_prci_domain_tile_reset_domain_boom_tile_frontend_bpd_banked_predictors_0_components_2_s1_update__bits_meta__w0,64,reg
ldut_tile_prci_domain_tile_reset_domain_boom_tile_frontend_bpd_banked_predictors_0_components_2_s1_update__bits_meta__w1,56,reg
ldut_tile_prci_domain_tile_reset_domain_boom_tile_frontend_bpd_banked_predictors_0_components_2_s1_update__valid,1,reg
ldut_tile_prci_domain_tile_reset_domain_boom_tile_frontend_bpd_banked_predictors_0_components_2_s1_update_idx,36,reg
ldut_tile_prci_domain_tile_reset_domain_boom_tile_frontend_bpd_banked_predictors_0_components_2_s1_valid,1,reg
ldut_tile_prci_domain_tile_reset_domain_boom_tile_frontend_bpd_banked_predictors_0_components_3_btb__v2_bank_0_0,52,reg
ldut_tile_prci_domain_tile_reset_domain_boom_tile_frontend_bpd_banked_predictors_0_components_3_btb__v2_bank_0_1,52,reg
ldut_tile_prci_domain_tile_reset_domain_boom_tile_frontend_bpd_banked_predictors_0_components_3_btb__v2_bank_0_10,52,reg
ldut_tile_prci_domain_tile_reset_domain_boom_tile_frontend_bpd_banked_predictors_0_components_3_btb__v2_bank_0_11,52,reg
ldut_tile_prci_domain_tile_reset_domain_boom_tile_frontend_bpd_banked_predictors_0_components_3_btb__v2_bank_0_12,52,reg
ldut_tile_prci_domain_tile_reset_domain_boom_tile_frontend_bpd_banked_predictors_0_components_3_btb__v2_bank_0_13,52,reg
ldut_tile_prci_domain_tile_reset_domain_boom_tile_frontend_bpd_banked_predictors_0_components_3_btb__v2_bank_0_14,52,reg
ldut_tile_prci_domain_tile_reset_domain_boom_tile_frontend_bpd_banked_predictors_0_components_3_btb__v2_bank_0_15,52,reg
ldut_tile_prci_domain_tile_reset_domain_boom_tile_frontend_bpd_banked_predictors_0_components_3_btb__v2_bank_0_2,52,reg
ldut_tile_prci_domain_tile_reset_domain_boom_tile_frontend_bpd_banked_predictors_0_components_3_btb__v2_bank_0_3,52,reg
ldut_tile_prci_domain_tile_reset_domain_boom_tile_frontend_bpd_banked_predictors_0_components_3_btb__v2_bank_0_4,52,reg
ldut_tile_prci_domain_tile_reset_domain_boom_tile_frontend_bpd_banked_predictors_0_components_3_btb__v2_bank_0_5,52,reg
ldut_tile_prci_domain_tile_reset_domain_boom_tile_frontend_bpd_banked_predictors_0_components_3_btb__v2_bank_0_6,52,reg
ldut_tile_prci_domain_tile_reset_domain_boom_tile_frontend_bpd_banked_predictors_0_components_3_btb__v2_bank_0_7,52,reg
ldut_tile_prci_domain_tile_reset_domain_boom_tile_frontend_bpd_banked_predictors_0_components_3_btb__v2_bank_0_8,52,reg
ldut_tile_prci_domain_tile_reset_domain_boom_tile_frontend_bpd_banked_predictors_0_components_3_btb__v2_bank_0_9,52,reg
ldut_tile_prci_domain_tile_reset_domain_boom_tile_frontend_bpd_banked_predictors_0_components_3_meta__v2_bank_0_0,39,reg
ldut_tile_prci_domain_tile_reset_domain_boom_tile_frontend_bpd_banked_predictors_0_components_3_meta__v2_bank_10_0,39,reg
ldut_tile_prci_domain_tile_reset_domain_boom_tile_frontend_bpd_banked_predictors_0_components_3_meta__v2_bank_11_0,39,reg
ldut_tile_prci_domain_tile_reset_domain_boom_tile_frontend_bpd_banked_predictors_0_components_3_meta__v2_bank_12_0,39,reg
ldut_tile_prci_domain_tile_reset_domain_boom_tile_frontend_bpd_banked_predictors_0_components_3_meta__v2_bank_16_0,39,reg
ldut_tile_prci_domain_tile_reset_domain_boom_tile_frontend_bpd_banked_predictors_0_components_3_meta__v2_bank_17_0,39,reg
ldut_tile_prci_domain_tile_reset_domain_boom_tile_frontend_bpd_banked_predictors_0_components_3_meta__v2_bank_18_0,39,reg
ldut_tile_prci_domain_tile_reset_domain_boom_tile_frontend_bpd_banked_predictors_0_components_3_meta__v2_bank_19_0,39,reg
ldut_tile_prci_domain_tile_reset_domain_boom_tile_frontend_bpd_banked_predictors_0_components_3_meta__v2_bank_1_0,39,reg
ldut_tile_prci_domain_tile_reset_domain_boom_tile_frontend_bpd_banked_predictors_0_components_3_meta__v2_bank_20_0,39,reg
ldut_tile_prci_domain_tile_reset_domain_boom_tile_frontend_bpd_banked_predictors_0_components_3_meta__v2_bank_21_0,39,reg
ldut_tile_prci_domain_tile_reset_domain_boom_tile_frontend_bpd_banked_predictors_0_components_3_meta__v2_bank_22_0,39,reg
ldut_tile_prci_domain_tile_reset_domain_boom_tile_frontend_bpd_banked_predictors_0_components_3_meta__v2_bank_23_0,39,reg
ldut_tile_prci_domain_tile_reset_domain_boom_tile_frontend_bpd_banked_predictors_0_components_3_meta__v2_bank_24_0,39,reg
ldut_tile_prci_domain_tile_reset_domain_boom_tile_frontend_bpd_banked_predictors_0_components_3_meta__v2_bank_25_0,39,reg
ldut_tile_prci_domain_tile_reset_domain_boom_tile_frontend_bpd_banked_predictors_0_components_3_meta__v2_bank_26_0,39,reg
ldut_tile_prci_domain_tile_reset_domain_boom_tile_frontend_bpd_banked_predictors_0_components_3_meta__v2_bank_27_0,39,reg
ldut_tile_prci_domain_tile_reset_domain_boom_tile_frontend_bpd_banked_predictors_0_components_3_meta__v2_bank_28_0,39,reg
ldut_tile_prci_domain_tile_reset_domain_boom_tile_frontend_bpd_banked_predictors_0_components_3_meta__v2_bank_2_0,39,reg
ldut_tile_prci_domain_tile_reset_domain_boom_tile_frontend_bpd_banked_predictors_0_components_3_meta__v2_bank_32_0,39,reg
ldut_tile_prci_domain_tile_reset_domain_boom_tile_frontend_bpd_banked_predictors_0_components_3_meta__v2_bank_33_0,39,reg
ldut_tile_prci_domain_tile_reset_domain_boom_tile_frontend_bpd_banked_predictors_0_components_3_meta__v2_bank_34_0,39,reg
ldut_tile_prci_domain_tile_reset_domain_boom_tile_frontend_bpd_banked_predictors_0_components_3_meta__v2_bank_35_0,39,reg
ldut_tile_prci_domain_tile_reset_domain_boom_tile_frontend_bpd_banked_predictors_0_components_3_meta__v2_bank_36_0,39,reg
ldut_tile_prci_domain_tile_reset_domain_boom_tile_frontend_bpd_banked_predictors_0_components_3_meta__v2_bank_37_0,39,reg
ldut_tile_prci_domain_tile_reset_domain_boom_tile_frontend_bpd_banked_predictors_0_components_3_meta__v2_bank_38_0,39,reg
ldut_tile_prci_domain_tile_reset_domain_boom_tile_frontend_bpd_banked_predictors_0_components_3_meta__v2_bank_39_0,39,reg
ldut_tile_prci_domain_tile_reset_domain_boom_tile_frontend_bpd_banked_predictors_0_components_3_meta__v2_bank_3_0,39,reg
ldut_tile_prci_domain_tile_reset_domain_boom_tile_frontend_bpd_banked_predictors_0_components_3_meta__v2_bank_40_0,39,reg
ldut_tile_prci_domain_tile_reset_domain_boom_tile_frontend_bpd_banked_predictors_0_components_3_meta__v2_bank_41_0,39,reg
ldut_tile_prci_domain_tile_reset_domain_boom_tile_frontend_bpd_banked_predictors_0_components_3_meta__v2_bank_42_0,39,reg
ldut_tile_prci_domain_tile_reset_domain_boom_tile_frontend_bpd_banked_predictors_0_components_3_meta__v2_bank_43_0,39,reg
ldut_tile_prci_domain_tile_reset_domain_boom_tile_frontend_bpd_banked_predictors_0_components_3_meta__v2_bank_44_0,39,reg
ldut_tile_prci_domain_tile_reset_domain_boom_tile_frontend_bpd_banked_predictors_0_components_3_meta__v2_bank_48_0,39,reg
ldut_tile_prci_domain_tile_reset_domain_boom_tile_frontend_bpd_banked_predictors_0_components_3_meta__v2_bank_49_0,39,reg
ldut_tile_prci_domain_tile_reset_domain_boom_tile_frontend_bpd_banked_predictors_0_components_3_meta__v2_bank_4_0,39,reg
ldut_tile_prci_domain_tile_reset_domain_boom_tile_frontend_bpd_banked_predictors_0_components_3_meta__v2_bank_50_0,39,reg
ldut_tile_prci_domain_tile_reset_domain_boom_tile_frontend_bpd_banked_predictors_0_components_3_meta__v2_bank_51_0,39,reg
ldut_tile_prci_domain_tile_reset_domain_boom_tile_frontend_bpd_banked_predictors_0_components_3_meta__v2_bank_52_0,39,reg
ldut_tile_prci_domain_tile_reset_domain_boom_tile_frontend_bpd_banked_predictors_0_components_3_meta__v2_bank_53_0,39,reg
ldut_tile_prci_domain_tile_reset_domain_boom_tile_frontend_bpd_banked_predictors_0_components_3_meta__v2_bank_54_0,39,reg
ldut_tile_prci_domain_tile_reset_domain_boom_tile_frontend_bpd_banked_predictors_0_components_3_meta__v2_bank_55_0,39,reg
ldut_tile_prci_domain_tile_reset_domain_boom_tile_frontend_bpd_banked_predictors_0_components_3_meta__v2_bank_56_0,39,reg
ldut_tile_prci_domain_tile_reset_domain_boom_tile_frontend_bpd_banked_predictors_0_components_3_meta__v2_bank_57_0,39,reg
ldut_tile_prci_domain_tile_reset_domain_boom_tile_frontend_bpd_banked_predictors_0_components_3_meta__v2_bank_58_0,39,reg
ldut_tile_prci_domain_tile_reset_domain_boom_tile_frontend_bpd_banked_predictors_0_components_3_meta__v2_bank_59_0,39,reg
ldut_tile_prci_domain_tile_reset_domain_boom_tile_frontend_bpd_banked_predictors_0_components_3_meta__v2_bank_5_0,39,reg
ldut_tile_prci_domain_tile_reset_domain_boom_tile_frontend_bpd_banked_predictors_0_components_3_meta__v2_bank_60_0,39,reg
ldut_tile_prci_domain_tile_reset_domain_boom_tile_frontend_bpd_banked_predictors_0_components_3_meta__v2_bank_64_0,24,reg
ldut_tile_prci_domain_tile_reset_domain_boom_tile_frontend_bpd_banked_predictors_0_components_3_meta__v2_bank_6_0,39,reg
ldut_tile_prci_domain_tile_reset_domain_boom_tile_frontend_bpd_banked_predictors_0_components_3_meta__v2_bank_7_0,39,reg
ldut_tile_prci_domain_tile_reset_domain_boom_tile_frontend_bpd_banked_predictors_0_components_3_meta__v2_bank_8_0,39,reg
ldut_tile_prci_domain_tile_reset_domain_boom_tile_frontend_bpd_banked_predictors_0_components_3_meta__v2_bank_9_0,39,reg
ldut_tile_prci_domain_tile_reset_domain_boom_tile_frontend_bpd_banked_predictors_0_components_3_s1_idx,36,reg
ldut_tile_prci_domain_tile_reset_domain_boom_tile_frontend_bpd_banked_predictors_0_components_3_s1_pc,40,reg
ldut_tile_prci_domain_tile_reset_domain_boom_tile_frontend_bpd_banked_predictors_0_components_3_s1_update__bits_br_mask,4,reg
ldut_tile_prci_domain_tile_reset_domain_boom_tile_frontend_bpd_banked_predictors_0_components_3_s1_update__bits_btb_mispredicts,4,reg
ldut_tile_prci_domain_tile_reset_domain_boom_tile_frontend_bpd_banked_predictors_0_components_3_s1_update__bits_cfi_idx_bits,2,reg
ldut_tile_prci_domain_tile_reset_domain_boom_tile_frontend_bpd_banked_predictors_0_components_3_s1_update__bits_cfi_idx_valid,1,reg
ldut_tile_prci_domain_tile_reset_domain_boom_tile_frontend_bpd_banked_predictors_0_components_3_s1_update__bits_cfi_is_jal,1,reg
ldut_tile_prci_domain_tile_reset_domain_boom_tile_frontend_bpd_banked_predictors_0_components_3_s1_update__bits_cfi_taken,1,reg
ldut_tile_prci_domain_tile_reset_domain_boom_tile_frontend_bpd_banked_predictors_0_components_3_s1_update__bits_is_mispredict_update,1,reg
ldut_tile_prci_domain_tile_reset_domain_boom_tile_frontend_bpd_banked_predictors_0_components_3_s1_update__bits_is_repair_update,1,reg
ldut_tile_prci_domain_tile_reset_domain_boom_tile_frontend_bpd_banked_predictors_0_components_3_s1_update__bits_meta__w0,64,reg
ldut_tile_prci_domain_tile_reset_domain_boom_tile_frontend_bpd_banked_predictors_0_components_3_s1_update__bits_meta__w1,56,reg
ldut_tile_prci_domain_tile_reset_domain_boom_tile_frontend_bpd_banked_predictors_0_components_3_s1_update__bits_pc,40,reg
ldut_tile_prci_domain_tile_reset_domain_boom_tile_frontend_bpd_banked_predictors_0_components_3_s1_update__bits_target,40,reg
ldut_tile_prci_domain_tile_reset_domain_boom_tile_frontend_bpd_banked_predictors_0_components_3_s1_update__valid,1,reg
ldut_tile_prci_domain_tile_reset_domain_boom_tile_frontend_bpd_banked_predictors_0_components_3_s1_update_idx,36,reg
ldut_tile_prci_domain_tile_reset_domain_boom_tile_frontend_bpd_banked_predictors_0_components_3_s1_valid,1,reg
ldut_tile_prci_domain_tile_reset_domain_boom_tile_frontend_bpd_banked_predictors_0_components_4_reset_idx,11,reg
ldut_tile_prci_domain_tile_reset_domain_boom_tile_frontend_bpd_banked_predictors_0_components_4_s1_update__bits_br_mask,4,reg
ldut_tile_prci_domain_tile_reset_domain_boom_tile_frontend_bpd_banked_predictors_0_components_4_s1_update__bits_btb_mispredicts,4,reg
ldut_tile_prci_domain_tile_reset_domain_boom_tile_frontend_bpd_banked_predictors_0_components_4_s1_update__bits_cfi_idx_bits,2,reg
ldut_tile_prci_domain_tile_reset_domain_boom_tile_frontend_bpd_banked_predictors_0_components_4_s1_update__bits_cfi_idx_valid,1,reg
ldut_tile_prci_domain_tile_reset_domain_boom_tile_frontend_bpd_banked_predictors_0_components_4_s1_update__bits_cfi_is_br,1,reg
ldut_tile_prci_domain_tile_reset_domain_boom_tile_frontend_bpd_banked_predictors_0_components_4_s1_update__bits_cfi_is_jal,1,reg
ldut_tile_prci_domain_tile_reset_domain_boom_tile_frontend_bpd_banked_predictors_0_components_4_s1_update__bits_cfi_taken,1,reg
ldut_tile_prci_domain_tile_reset_domain_boom_tile_frontend_bpd_banked_predictors_0_components_4_s1_update__bits_is_mispredict_update,1,reg
ldut_tile_prci_domain_tile_reset_domain_boom_tile_frontend_bpd_banked_predictors_0_components_4_s1_update__bits_is_repair_update,1,reg
ldut_tile_prci_domain_tile_reset_domain_boom_tile_frontend_bpd_banked_predictors_0_components_4_s1_update__bits_meta__w0,64,reg
ldut_tile_prci_domain_tile_reset_domain_boom_tile_frontend_bpd_banked_predictors_0_components_4_s1_update__bits_meta__w1,56,reg
ldut_tile_prci_domain_tile_reset_domain_boom_tile_frontend_bpd_banked_predictors_0_components_4_s1_update__valid,1,reg
ldut_tile_prci_domain_tile_reset_domain_boom_tile_frontend_bpd_banked_predictors_0_components_4_s1_update_idx,36,reg
ldut_tile_prci_domain_tile_reset_domain_boom_tile_frontend_bpd_banked_predictors_0_components_4_s1_valid,1,reg
ldut_tile_prci_domain_tile_reset_domain_boom_tile_frontend_bpd_banked_predictors_0_components_4_s2_req_rdata_0,2,reg
ldut_tile_prci_domain_tile_reset_domain_boom_tile_frontend_bpd_banked_predictors_0_components_4_s2_req_rdata_1,2,reg
ldut_tile_prci_domain_tile_reset_domain_boom_tile_frontend_bpd_banked_predictors_0_components_4_s2_req_rdata_2,2,reg
ldut_tile_prci_domain_tile_reset_domain_boom_tile_frontend_bpd_banked_predictors_0_components_4_s2_req_rdata_3,2,reg
ldut_tile_prci_domain_tile_reset_domain_boom_tile_frontend_bpd_banked_predictors_0_components_4_wrbypass__v2_bank_0_0,38,reg
ldut_tile_prci_domain_tile_reset_domain_boom_tile_frontend_bpd_banked_predictors_0_components_4_wrbypass_enq_idx,1,reg
ldut_tile_prci_domain_tile_reset_domain_boom_tile_frontend_bpd_banked_predictors_1_components_0_columns_0_f3_entry_p_cnt,10,reg
ldut_tile_prci_domain_tile_reset_domain_boom_tile_frontend_bpd_banked_predictors_1_components_0_columns_0_f3_entry_s_cnt,10,reg
ldut_tile_prci_domain_tile_reset_domain_boom_tile_frontend_bpd_banked_predictors_1_components_0_columns_0_f3_entry_tag,10,reg
ldut_tile_prci_domain_tile_reset_domain_boom_tile_frontend_bpd_banked_predictors_1_components_0_columns_0_f4_entry_age,3,reg
ldut_tile_prci_domain_tile_reset_domain_boom_tile_frontend_bpd_banked_predictors_1_components_0_columns_0_f4_entry_conf,3,reg
ldut_tile_prci_domain_tile_reset_domain_boom_tile_frontend_bpd_banked_predictors_1_components_0_columns_0_f4_fire,1,reg
ldut_tile_prci_domain_tile_reset_domain_boom_tile_frontend_bpd_banked_predictors_1_components_0_columns_0_reset_idx,4,reg
ldut_tile_prci_domain_tile_reset_domain_boom_tile_frontend_bpd_banked_predictors_1_components_0_columns_1_f3_entry_p_cnt,10,reg
ldut_tile_prci_domain_tile_reset_domain_boom_tile_frontend_bpd_banked_predictors_1_components_0_columns_1_f3_entry_s_cnt,10,reg
ldut_tile_prci_domain_tile_reset_domain_boom_tile_frontend_bpd_banked_predictors_1_components_0_columns_1_f3_entry_tag,10,reg
ldut_tile_prci_domain_tile_reset_domain_boom_tile_frontend_bpd_banked_predictors_1_components_0_columns_1_f4_entry_age,3,reg
ldut_tile_prci_domain_tile_reset_domain_boom_tile_frontend_bpd_banked_predictors_1_components_0_columns_1_f4_entry_conf,3,reg
ldut_tile_prci_domain_tile_reset_domain_boom_tile_frontend_bpd_banked_predictors_1_components_0_columns_1_f4_fire,1,reg
ldut_tile_prci_domain_tile_reset_domain_boom_tile_frontend_bpd_banked_predictors_1_components_0_columns_1_reset_idx,4,reg
ldut_tile_prci_domain_tile_reset_domain_boom_tile_frontend_bpd_banked_predictors_1_components_0_columns_2_f3_entry_p_cnt,10,reg
ldut_tile_prci_domain_tile_reset_domain_boom_tile_frontend_bpd_banked_predictors_1_components_0_columns_2_f3_entry_s_cnt,10,reg
ldut_tile_prci_domain_tile_reset_domain_boom_tile_frontend_bpd_banked_predictors_1_components_0_columns_2_f3_entry_tag,10,reg
ldut_tile_prci_domain_tile_reset_domain_boom_tile_frontend_bpd_banked_predictors_1_components_0_columns_2_f4_entry_age,3,reg
ldut_tile_prci_domain_tile_reset_domain_boom_tile_frontend_bpd_banked_predictors_1_components_0_columns_2_f4_entry_conf,3,reg
ldut_tile_prci_domain_tile_reset_domain_boom_tile_frontend_bpd_banked_predictors_1_components_0_columns_2_f4_fire,1,reg
ldut_tile_prci_domain_tile_reset_domain_boom_tile_frontend_bpd_banked_predictors_1_components_0_columns_2_reset_idx,4,reg
ldut_tile_prci_domain_tile_reset_domain_boom_tile_frontend_bpd_banked_predictors_1_components_0_columns_3_f3_entry_p_cnt,10,reg
ldut_tile_prci_domain_tile_reset_domain_boom_tile_frontend_bpd_banked_predictors_1_components_0_columns_3_f3_entry_s_cnt,10,reg
ldut_tile_prci_domain_tile_reset_domain_boom_tile_frontend_bpd_banked_predictors_1_components_0_columns_3_f3_entry_tag,10,reg
ldut_tile_prci_domain_tile_reset_domain_boom_tile_frontend_bpd_banked_predictors_1_components_0_columns_3_f4_entry_age,3,reg
ldut_tile_prci_domain_tile_reset_domain_boom_tile_frontend_bpd_banked_predictors_1_components_0_columns_3_f4_entry_conf,3,reg
ldut_tile_prci_domain_tile_reset_domain_boom_tile_frontend_bpd_banked_predictors_1_components_0_columns_3_f4_fire,1,reg
ldut_tile_prci_domain_tile_reset_domain_boom_tile_frontend_bpd_banked_predictors_1_components_0_columns_3_reset_idx,4,reg
ldut_tile_prci_domain_tile_reset_domain_boom_tile_frontend_bpd_banked_predictors_1_components_0_s1_idx,36,reg
ldut_tile_prci_domain_tile_reset_domain_boom_tile_frontend_bpd_banked_predictors_1_components_0_s1_update__bits_br_mask,4,reg
ldut_tile_prci_domain_tile_reset_domain_boom_tile_frontend_bpd_banked_predictors_1_components_0_s1_update__bits_cfi_mispredicted,1,reg
ldut_tile_prci_domain_tile_reset_domain_boom_tile_frontend_bpd_banked_predictors_1_components_0_s1_update__bits_is_mispredict_update,1,reg
ldut_tile_prci_domain_tile_reset_domain_boom_tile_frontend_bpd_banked_predictors_1_components_0_s1_update__bits_is_repair_update,1,reg
ldut_tile_prci_domain_tile_reset_domain_boom_tile_frontend_bpd_banked_predictors_1_components_0_s1_update__bits_meta__w0,64,reg
ldut_tile_prci_domain_tile_reset_domain_boom_tile_frontend_bpd_banked_predictors_1_components_0_s1_update__bits_meta__w1,56,reg
ldut_tile_prci_domain_tile_reset_domain_boom_tile_frontend_bpd_banked_predictors_1_components_0_s1_update__valid,1,reg
ldut_tile_prci_domain_tile_reset_domain_boom_tile_frontend_bpd_banked_predictors_1_components_0_s1_update_idx,36,reg
ldut_tile_prci_domain_tile_reset_domain_boom_tile_frontend_bpd_banked_predictors_1_components_1_REG,1,reg
ldut_tile_prci_domain_tile_reset_domain_boom_tile_frontend_bpd_banked_predictors_1_components_1_REG_1,40,reg
ldut_tile_prci_domain_tile_reset_domain_boom_tile_frontend_bpd_banked_predictors_1_components_1_REG_10,1,reg
ldut_tile_prci_domain_tile_reset_domain_boom_tile_frontend_bpd_banked_predictors_1_components_1_REG_11,40,reg
ldut_tile_prci_domain_tile_reset_domain_boom_tile_frontend_bpd_banked_predictors_1_components_1_REG_2,1,reg
ldut_tile_prci_domain_tile_reset_domain_boom_tile_frontend_bpd_banked_predictors_1_components_1_REG_3,40,reg
ldut_tile_prci_domain_tile_reset_domain_boom_tile_frontend_bpd_banked_predictors_1_components_1_REG_4,1,reg
ldut_tile_prci_domain_tile_reset_domain_boom_tile_frontend_bpd_banked_predictors_1_components_1_REG_5,40,reg
ldut_tile_prci_domain_tile_reset_domain_boom_tile_frontend_bpd_banked_predictors_1_components_1_REG_6,1,reg
ldut_tile_prci_domain_tile_reset_domain_boom_tile_frontend_bpd_banked_predictors_1_components_1_REG_7,40,reg
ldut_tile_prci_domain_tile_reset_domain_boom_tile_frontend_bpd_banked_predictors_1_components_1_REG_8,1,reg
ldut_tile_prci_domain_tile_reset_domain_boom_tile_frontend_bpd_banked_predictors_1_components_1_REG_9,40,reg
ldut_tile_prci_domain_tile_reset_domain_boom_tile_frontend_bpd_banked_predictors_1_components_1_prng_state_4,1,reg
ldut_tile_prci_domain_tile_reset_domain_boom_tile_frontend_bpd_banked_predictors_1_components_1_prng_1_state_4,1,reg
ldut_tile_prci_domain_tile_reset_domain_boom_tile_frontend_bpd_banked_predictors_1_components_1_prng_2_state_4,1,reg
ldut_tile_prci_domain_tile_reset_domain_boom_tile_frontend_bpd_banked_predictors_1_components_1_prng_3_state_4,1,reg
ldut_tile_prci_domain_tile_reset_domain_boom_tile_frontend_bpd_banked_predictors_1_components_1_s1_update__bits_br_mask,4,reg
ldut_tile_prci_domain_tile_reset_domain_boom_tile_frontend_bpd_banked_predictors_1_components_1_s1_update__bits_btb_mispredicts,4,reg
ldut_tile_prci_domain_tile_reset_domain_boom_tile_frontend_bpd_banked_predictors_1_components_1_s1_update__bits_cfi_idx_bits,2,reg
ldut_tile_prci_domain_tile_reset_domain_boom_tile_frontend_bpd_banked_predictors_1_components_1_s1_update__bits_cfi_idx_valid,1,reg
ldut_tile_prci_domain_tile_reset_domain_boom_tile_frontend_bpd_banked_predictors_1_components_1_s1_update__bits_cfi_mispredicted,1,reg
ldut_tile_prci_domain_tile_reset_domain_boom_tile_frontend_bpd_banked_predictors_1_components_1_s1_update__bits_cfi_taken,1,reg
ldut_tile_prci_domain_tile_reset_domain_boom_tile_frontend_bpd_banked_predictors_1_components_1_s1_update__bits_ghist,64,reg
ldut_tile_prci_domain_tile_reset_domain_boom_tile_frontend_bpd_banked_predictors_1_components_1_s1_update__bits_is_mispredict_update,1,reg
ldut_tile_prci_domain_tile_reset_domain_boom_tile_frontend_bpd_banked_predictors_1_components_1_s1_update__bits_is_repair_update,1,reg
ldut_tile_prci_domain_tile_reset_domain_boom_tile_frontend_bpd_banked_predictors_1_components_1_s1_update__bits_meta__w0,64,reg
ldut_tile_prci_domain_tile_reset_domain_boom_tile_frontend_bpd_banked_predictors_1_components_1_s1_update__bits_meta__w1,56,reg
ldut_tile_prci_domain_tile_reset_domain_boom_tile_frontend_bpd_banked_predictors_1_components_1_s1_update__bits_pc,40,reg
ldut_tile_prci_domain_tile_reset_domain_boom_tile_frontend_bpd_banked_predictors_1_components_1_s1_update__valid,1,reg
ldut_tile_prci_domain_tile_reset_domain_boom_tile_frontend_bpd_banked_predictors_1_components_1_tables_0_reset_idx,7,reg
ldut_tile_prci_domain_tile_reset_domain_boom_tile_frontend_bpd_banked_predictors_1_components_1_tables_0_wrbypass__v2_bank_0_0,52,reg
ldut_tile_prci_domain_tile_reset_domain_boom_tile_frontend_bpd_banked_predictors_1_components_1_tables_0_wrbypass_enq_idx,1,reg
ldut_tile_prci_domain_tile_reset_domain_boom_tile_frontend_bpd_banked_predictors_1_components_1_tables_1_reset_idx,7,reg
ldut_tile_prci_domain_tile_reset_domain_boom_tile_frontend_bpd_banked_predictors_1_components_1_tables_1_wrbypass__v2_bank_0_0,52,reg
ldut_tile_prci_domain_tile_reset_domain_boom_tile_frontend_bpd_banked_predictors_1_components_1_tables_1_wrbypass_enq_idx,1,reg
ldut_tile_prci_domain_tile_reset_domain_boom_tile_frontend_bpd_banked_predictors_1_components_1_tables_2_reset_idx,8,reg
ldut_tile_prci_domain_tile_reset_domain_boom_tile_frontend_bpd_banked_predictors_1_components_1_tables_2_wrbypass__v2_bank_0_0,56,reg
ldut_tile_prci_domain_tile_reset_domain_boom_tile_frontend_bpd_banked_predictors_1_components_1_tables_2_wrbypass_enq_idx,1,reg
ldut_tile_prci_domain_tile_reset_domain_boom_tile_frontend_bpd_banked_predictors_1_components_1_tables_3_reset_idx,8,reg
ldut_tile_prci_domain_tile_reset_domain_boom_tile_frontend_bpd_banked_predictors_1_components_1_tables_3_wrbypass__v2_bank_0_0,56,reg
ldut_tile_prci_domain_tile_reset_domain_boom_tile_frontend_bpd_banked_predictors_1_components_1_tables_3_wrbypass_enq_idx,1,reg
ldut_tile_prci_domain_tile_reset_domain_boom_tile_frontend_bpd_banked_predictors_1_components_1_tables_4_reset_idx,7,reg
ldut_tile_prci_domain_tile_reset_domain_boom_tile_frontend_bpd_banked_predictors_1_components_1_tables_4_wrbypass__v2_bank_0_0,56,reg
ldut_tile_prci_domain_tile_reset_domain_boom_tile_frontend_bpd_banked_predictors_1_components_1_tables_4_wrbypass_enq_idx,1,reg
ldut_tile_prci_domain_tile_reset_domain_boom_tile_frontend_bpd_banked_predictors_1_components_1_tables_5_reset_idx,7,reg
ldut_tile_prci_domain_tile_reset_domain_boom_tile_frontend_bpd_banked_predictors_1_components_1_tables_5_wrbypass__v2_bank_0_0,56,reg
ldut_tile_prci_domain_tile_reset_domain_boom_tile_frontend_bpd_banked_predictors_1_components_1_tables_5_wrbypass_enq_idx,1,reg
ldut_tile_prci_domain_tile_reset_domain_boom_tile_frontend_bpd_banked_predictors_1_components_2_REG_1,1,reg
ldut_tile_prci_domain_tile_reset_domain_boom_tile_frontend_bpd_banked_predictors_1_components_2_REG_11,1,reg
ldut_tile_prci_domain_tile_reset_domain_boom_tile_frontend_bpd_banked_predictors_1_components_2_REG_13,1,reg
ldut_tile_prci_domain_tile_reset_domain_boom_tile_frontend_bpd_banked_predictors_1_components_2_REG_14_bits,40,reg
ldut_tile_prci_domain_tile_reset_domain_boom_tile_frontend_bpd_banked_predictors_1_components_2_REG_14_valid,1,reg
ldut_tile_prci_domain_tile_reset_domain_boom_tile_frontend_bpd_banked_predictors_1_components_2_REG_15,1,reg
ldut_tile_prci_domain_tile_reset_domain_boom_tile_frontend_bpd_banked_predictors_1_components_2_REG_16,1,reg
ldut_tile_prci_domain_tile_reset_domain_boom_tile_frontend_bpd_banked_predictors_1_components_2_REG_17,1,reg
ldut_tile_prci_domain_tile_reset_domain_boom_tile_frontend_bpd_banked_predictors_1_components_2_REG_18,1,reg
ldut_tile_prci_domain_tile_reset_domain_boom_tile_frontend_bpd_banked_predictors_1_components_2_REG_23,1,reg
ldut_tile_prci_domain_tile_reset_domain_boom_tile_frontend_bpd_banked_predictors_1_components_2_REG_25,1,reg
ldut_tile_prci_domain_tile_reset_domain_boom_tile_frontend_bpd_banked_predictors_1_components_2_REG_26_bits,40,reg
ldut_tile_prci_domain_tile_reset_domain_boom_tile_frontend_bpd_banked_predictors_1_components_2_REG_26_valid,1,reg
ldut_tile_prci_domain_tile_reset_domain_boom_tile_frontend_bpd_banked_predictors_1_components_2_REG_27,1,reg
ldut_tile_prci_domain_tile_reset_domain_boom_tile_frontend_bpd_banked_predictors_1_components_2_REG_28,1,reg
ldut_tile_prci_domain_tile_reset_domain_boom_tile_frontend_bpd_banked_predictors_1_components_2_REG_29,1,reg
ldut_tile_prci_domain_tile_reset_domain_boom_tile_frontend_bpd_banked_predictors_1_components_2_REG_2_bits,40,reg
ldut_tile_prci_domain_tile_reset_domain_boom_tile_frontend_bpd_banked_predictors_1_components_2_REG_2_valid,1,reg
ldut_tile_prci_domain_tile_reset_domain_boom_tile_frontend_bpd_banked_predictors_1_components_2_REG_3,1,reg
ldut_tile_prci_domain_tile_reset_domain_boom_tile_frontend_bpd_banked_predictors_1_components_2_REG_30,1,reg
ldut_tile_prci_domain_tile_reset_domain_boom_tile_frontend_bpd_banked_predictors_1_components_2_REG_35,1,reg
ldut_tile_prci_domain_tile_reset_domain_boom_tile_frontend_bpd_banked_predictors_1_components_2_REG_37,1,reg
ldut_tile_prci_domain_tile_reset_domain_boom_tile_frontend_bpd_banked_predictors_1_components_2_REG_38_bits,40,reg
ldut_tile_prci_domain_tile_reset_domain_boom_tile_frontend_bpd_banked_predictors_1_components_2_REG_38_valid,1,reg
ldut_tile_prci_domain_tile_reset_domain_boom_tile_frontend_bpd_banked_predictors_1_components_2_REG_39,1,reg
ldut_tile_prci_domain_tile_reset_domain_boom_tile_frontend_bpd_banked_predictors_1_components_2_REG_4,1,reg
ldut_tile_prci_domain_tile_reset_domain_boom_tile_frontend_bpd_banked_predictors_1_components_2_REG_40,1,reg
ldut_tile_prci_domain_tile_reset_domain_boom_tile_frontend_bpd_banked_predictors_1_components_2_REG_41,1,reg
ldut_tile_prci_domain_tile_reset_domain_boom_tile_frontend_bpd_banked_predictors_1_components_2_REG_42,1,reg
ldut_tile_prci_domain_tile_reset_domain_boom_tile_frontend_bpd_banked_predictors_1_components_2_REG_47,1,reg
ldut_tile_prci_domain_tile_reset_domain_boom_tile_frontend_bpd_banked_predictors_1_components_2_REG_5,1,reg
ldut_tile_prci_domain_tile_reset_domain_boom_tile_frontend_bpd_banked_predictors_1_components_2_REG_6,1,reg
ldut_tile_prci_domain_tile_reset_domain_boom_tile_frontend_bpd_banked_predictors_1_components_2_REG_write_way,1,reg
ldut_tile_prci_domain_tile_reset_domain_boom_tile_frontend_bpd_banked_predictors_1_components_2_reset_idx,7,reg
ldut_tile_prci_domain_tile_reset_domain_boom_tile_frontend_bpd_banked_predictors_1_components_2_s1_idx,36,reg
ldut_tile_prci_domain_tile_reset_domain_boom_tile_frontend_bpd_banked_predictors_1_components_2_s1_update__bits_br_mask,4,reg
ldut_tile_prci_domain_tile_reset_domain_boom_tile_frontend_bpd_banked_predictors_1_components_2_s1_update__bits_btb_mispredicts,4,reg
ldut_tile_prci_domain_tile_reset_domain_boom_tile_frontend_bpd_banked_predictors_1_components_2_s1_update__bits_cfi_idx_bits,2,reg
ldut_tile_prci_domain_tile_reset_domain_boom_tile_frontend_bpd_banked_predictors_1_components_2_s1_update__bits_cfi_idx_valid,1,reg
ldut_tile_prci_domain_tile_reset_domain_boom_tile_frontend_bpd_banked_predictors_1_components_2_s1_update__bits_cfi_taken,1,reg
ldut_tile_prci_domain_tile_reset_domain_boom_tile_frontend_bpd_banked_predictors_1_components_2_s1_update__bits_is_mispredict_update,1,reg
ldut_tile_prci_domain_tile_reset_domain_boom_tile_frontend_bpd_banked_predictors_1_components_2_s1_update__bits_is_repair_update,1,reg
ldut_tile_prci_domain_tile_reset_domain_boom_tile_frontend_bpd_banked_predictors_1_components_2_s1_update__bits_meta__w0,64,reg
ldut_tile_prci_domain_tile_reset_domain_boom_tile_frontend_bpd_banked_predictors_1_components_2_s1_update__bits_meta__w1,56,reg
ldut_tile_prci_domain_tile_reset_domain_boom_tile_frontend_bpd_banked_predictors_1_components_2_s1_update__valid,1,reg
ldut_tile_prci_domain_tile_reset_domain_boom_tile_frontend_bpd_banked_predictors_1_components_2_s1_update_idx,36,reg
ldut_tile_prci_domain_tile_reset_domain_boom_tile_frontend_bpd_banked_predictors_1_components_2_s1_valid,1,reg
ldut_tile_prci_domain_tile_reset_domain_boom_tile_frontend_bpd_banked_predictors_1_components_3_btb__v2_bank_0_0,52,reg
ldut_tile_prci_domain_tile_reset_domain_boom_tile_frontend_bpd_banked_predictors_1_components_3_btb__v2_bank_0_1,52,reg
ldut_tile_prci_domain_tile_reset_domain_boom_tile_frontend_bpd_banked_predictors_1_components_3_btb__v2_bank_0_10,52,reg
ldut_tile_prci_domain_tile_reset_domain_boom_tile_frontend_bpd_banked_predictors_1_components_3_btb__v2_bank_0_11,52,reg
ldut_tile_prci_domain_tile_reset_domain_boom_tile_frontend_bpd_banked_predictors_1_components_3_btb__v2_bank_0_12,52,reg
ldut_tile_prci_domain_tile_reset_domain_boom_tile_frontend_bpd_banked_predictors_1_components_3_btb__v2_bank_0_13,52,reg
ldut_tile_prci_domain_tile_reset_domain_boom_tile_frontend_bpd_banked_predictors_1_components_3_btb__v2_bank_0_14,52,reg
ldut_tile_prci_domain_tile_reset_domain_boom_tile_frontend_bpd_banked_predictors_1_components_3_btb__v2_bank_0_15,52,reg
ldut_tile_prci_domain_tile_reset_domain_boom_tile_frontend_bpd_banked_predictors_1_components_3_btb__v2_bank_0_2,52,reg
ldut_tile_prci_domain_tile_reset_domain_boom_tile_frontend_bpd_banked_predictors_1_components_3_btb__v2_bank_0_3,52,reg
ldut_tile_prci_domain_tile_reset_domain_boom_tile_frontend_bpd_banked_predictors_1_components_3_btb__v2_bank_0_4,52,reg
ldut_tile_prci_domain_tile_reset_domain_boom_tile_frontend_bpd_banked_predictors_1_components_3_btb__v2_bank_0_5,52,reg
ldut_tile_prci_domain_tile_reset_domain_boom_tile_frontend_bpd_banked_predictors_1_components_3_btb__v2_bank_0_6,52,reg
ldut_tile_prci_domain_tile_reset_domain_boom_tile_frontend_bpd_banked_predictors_1_components_3_btb__v2_bank_0_7,52,reg
ldut_tile_prci_domain_tile_reset_domain_boom_tile_frontend_bpd_banked_predictors_1_components_3_btb__v2_bank_0_8,52,reg
ldut_tile_prci_domain_tile_reset_domain_boom_tile_frontend_bpd_banked_predictors_1_components_3_btb__v2_bank_0_9,52,reg
ldut_tile_prci_domain_tile_reset_domain_boom_tile_frontend_bpd_banked_predictors_1_components_3_meta__v2_bank_0_0,39,reg
ldut_tile_prci_domain_tile_reset_domain_boom_tile_frontend_bpd_banked_predictors_1_components_3_meta__v2_bank_10_0,39,reg
ldut_tile_prci_domain_tile_reset_domain_boom_tile_frontend_bpd_banked_predictors_1_components_3_meta__v2_bank_11_0,39,reg
ldut_tile_prci_domain_tile_reset_domain_boom_tile_frontend_bpd_banked_predictors_1_components_3_meta__v2_bank_12_0,39,reg
ldut_tile_prci_domain_tile_reset_domain_boom_tile_frontend_bpd_banked_predictors_1_components_3_meta__v2_bank_16_0,39,reg
ldut_tile_prci_domain_tile_reset_domain_boom_tile_frontend_bpd_banked_predictors_1_components_3_meta__v2_bank_17_0,39,reg
ldut_tile_prci_domain_tile_reset_domain_boom_tile_frontend_bpd_banked_predictors_1_components_3_meta__v2_bank_18_0,39,reg
ldut_tile_prci_domain_tile_reset_domain_boom_tile_frontend_bpd_banked_predictors_1_components_3_meta__v2_bank_19_0,39,reg
ldut_tile_prci_domain_tile_reset_domain_boom_tile_frontend_bpd_banked_predictors_1_components_3_meta__v2_bank_1_0,39,reg
ldut_tile_prci_domain_tile_reset_domain_boom_tile_frontend_bpd_banked_predictors_1_components_3_meta__v2_bank_20_0,39,reg
ldut_tile_prci_domain_tile_reset_domain_boom_tile_frontend_bpd_banked_predictors_1_components_3_meta__v2_bank_21_0,39,reg
ldut_tile_prci_domain_tile_reset_domain_boom_tile_frontend_bpd_banked_predictors_1_components_3_meta__v2_bank_22_0,39,reg
ldut_tile_prci_domain_tile_reset_domain_boom_tile_frontend_bpd_banked_predictors_1_components_3_meta__v2_bank_23_0,39,reg
ldut_tile_prci_domain_tile_reset_domain_boom_tile_frontend_bpd_banked_predictors_1_components_3_meta__v2_bank_24_0,39,reg
ldut_tile_prci_domain_tile_reset_domain_boom_tile_frontend_bpd_banked_predictors_1_components_3_meta__v2_bank_25_0,39,reg
ldut_tile_prci_domain_tile_reset_domain_boom_tile_frontend_bpd_banked_predictors_1_components_3_meta__v2_bank_26_0,39,reg
ldut_tile_prci_domain_tile_reset_domain_boom_tile_frontend_bpd_banked_predictors_1_components_3_meta__v2_bank_27_0,39,reg
ldut_tile_prci_domain_tile_reset_domain_boom_tile_frontend_bpd_banked_predictors_1_components_3_meta__v2_bank_28_0,39,reg
ldut_tile_prci_domain_tile_reset_domain_boom_tile_frontend_bpd_banked_predictors_1_components_3_meta__v2_bank_2_0,39,reg
ldut_tile_prci_domain_tile_reset_domain_boom_tile_frontend_bpd_banked_predictors_1_components_3_meta__v2_bank_32_0,39,reg
ldut_tile_prci_domain_tile_reset_domain_boom_tile_frontend_bpd_banked_predictors_1_components_3_meta__v2_bank_33_0,39,reg
ldut_tile_prci_domain_tile_reset_domain_boom_tile_frontend_bpd_banked_predictors_1_components_3_meta__v2_bank_34_0,39,reg
ldut_tile_prci_domain_tile_reset_domain_boom_tile_frontend_bpd_banked_predictors_1_components_3_meta__v2_bank_35_0,39,reg
ldut_tile_prci_domain_tile_reset_domain_boom_tile_frontend_bpd_banked_predictors_1_components_3_meta__v2_bank_36_0,39,reg
ldut_tile_prci_domain_tile_reset_domain_boom_tile_frontend_bpd_banked_predictors_1_components_3_meta__v2_bank_37_0,39,reg
ldut_tile_prci_domain_tile_reset_domain_boom_tile_frontend_bpd_banked_predictors_1_components_3_meta__v2_bank_38_0,39,reg
ldut_tile_prci_domain_tile_reset_domain_boom_tile_frontend_bpd_banked_predictors_1_components_3_meta__v2_bank_39_0,39,reg
ldut_tile_prci_domain_tile_reset_domain_boom_tile_frontend_bpd_banked_predictors_1_components_3_meta__v2_bank_3_0,39,reg
ldut_tile_prci_domain_tile_reset_domain_boom_tile_frontend_bpd_banked_predictors_1_components_3_meta__v2_bank_40_0,39,reg
ldut_tile_prci_domain_tile_reset_domain_boom_tile_frontend_bpd_banked_predictors_1_components_3_meta__v2_bank_41_0,39,reg
ldut_tile_prci_domain_tile_reset_domain_boom_tile_frontend_bpd_banked_predictors_1_components_3_meta__v2_bank_42_0,39,reg
ldut_tile_prci_domain_tile_reset_domain_boom_tile_frontend_bpd_banked_predictors_1_components_3_meta__v2_bank_43_0,39,reg
ldut_tile_prci_domain_tile_reset_domain_boom_tile_frontend_bpd_banked_predictors_1_components_3_meta__v2_bank_44_0,39,reg
ldut_tile_prci_domain_tile_reset_domain_boom_tile_frontend_bpd_banked_predictors_1_components_3_meta__v2_bank_48_0,39,reg
ldut_tile_prci_domain_tile_reset_domain_boom_tile_frontend_bpd_banked_predictors_1_components_3_meta__v2_bank_49_0,39,reg
ldut_tile_prci_domain_tile_reset_domain_boom_tile_frontend_bpd_banked_predictors_1_components_3_meta__v2_bank_4_0,39,reg
ldut_tile_prci_domain_tile_reset_domain_boom_tile_frontend_bpd_banked_predictors_1_components_3_meta__v2_bank_50_0,39,reg
ldut_tile_prci_domain_tile_reset_domain_boom_tile_frontend_bpd_banked_predictors_1_components_3_meta__v2_bank_51_0,39,reg
ldut_tile_prci_domain_tile_reset_domain_boom_tile_frontend_bpd_banked_predictors_1_components_3_meta__v2_bank_52_0,39,reg
ldut_tile_prci_domain_tile_reset_domain_boom_tile_frontend_bpd_banked_predictors_1_components_3_meta__v2_bank_53_0,39,reg
ldut_tile_prci_domain_tile_reset_domain_boom_tile_frontend_bpd_banked_predictors_1_components_3_meta__v2_bank_54_0,39,reg
ldut_tile_prci_domain_tile_reset_domain_boom_tile_frontend_bpd_banked_predictors_1_components_3_meta__v2_bank_55_0,39,reg
ldut_tile_prci_domain_tile_reset_domain_boom_tile_frontend_bpd_banked_predictors_1_components_3_meta__v2_bank_56_0,39,reg
ldut_tile_prci_domain_tile_reset_domain_boom_tile_frontend_bpd_banked_predictors_1_components_3_meta__v2_bank_57_0,39,reg
ldut_tile_prci_domain_tile_reset_domain_boom_tile_frontend_bpd_banked_predictors_1_components_3_meta__v2_bank_58_0,39,reg
ldut_tile_prci_domain_tile_reset_domain_boom_tile_frontend_bpd_banked_predictors_1_components_3_meta__v2_bank_59_0,39,reg
ldut_tile_prci_domain_tile_reset_domain_boom_tile_frontend_bpd_banked_predictors_1_components_3_meta__v2_bank_5_0,39,reg
ldut_tile_prci_domain_tile_reset_domain_boom_tile_frontend_bpd_banked_predictors_1_components_3_meta__v2_bank_60_0,39,reg
ldut_tile_prci_domain_tile_reset_domain_boom_tile_frontend_bpd_banked_predictors_1_components_3_meta__v2_bank_64_0,24,reg
ldut_tile_prci_domain_tile_reset_domain_boom_tile_frontend_bpd_banked_predictors_1_components_3_meta__v2_bank_6_0,39,reg
ldut_tile_prci_domain_tile_reset_domain_boom_tile_frontend_bpd_banked_predictors_1_components_3_meta__v2_bank_7_0,39,reg
ldut_tile_prci_domain_tile_reset_domain_boom_tile_frontend_bpd_banked_predictors_1_components_3_meta__v2_bank_8_0,39,reg
ldut_tile_prci_domain_tile_reset_domain_boom_tile_frontend_bpd_banked_predictors_1_components_3_meta__v2_bank_9_0,39,reg
ldut_tile_prci_domain_tile_reset_domain_boom_tile_frontend_bpd_banked_predictors_1_components_3_s1_idx,36,reg
ldut_tile_prci_domain_tile_reset_domain_boom_tile_frontend_bpd_banked_predictors_1_components_3_s1_pc,40,reg
ldut_tile_prci_domain_tile_reset_domain_boom_tile_frontend_bpd_banked_predictors_1_components_3_s1_update__bits_br_mask,4,reg
ldut_tile_prci_domain_tile_reset_domain_boom_tile_frontend_bpd_banked_predictors_1_components_3_s1_update__bits_btb_mispredicts,4,reg
ldut_tile_prci_domain_tile_reset_domain_boom_tile_frontend_bpd_banked_predictors_1_components_3_s1_update__bits_cfi_idx_bits,2,reg
ldut_tile_prci_domain_tile_reset_domain_boom_tile_frontend_bpd_banked_predictors_1_components_3_s1_update__bits_cfi_idx_valid,1,reg
ldut_tile_prci_domain_tile_reset_domain_boom_tile_frontend_bpd_banked_predictors_1_components_3_s1_update__bits_cfi_is_jal,1,reg
ldut_tile_prci_domain_tile_reset_domain_boom_tile_frontend_bpd_banked_predictors_1_components_3_s1_update__bits_cfi_taken,1,reg
ldut_tile_prci_domain_tile_reset_domain_boom_tile_frontend_bpd_banked_predictors_1_components_3_s1_update__bits_is_mispredict_update,1,reg
ldut_tile_prci_domain_tile_reset_domain_boom_tile_frontend_bpd_banked_predictors_1_components_3_s1_update__bits_is_repair_update,1,reg
ldut_tile_prci_domain_tile_reset_domain_boom_tile_frontend_bpd_banked_predictors_1_components_3_s1_update__bits_meta__w0,64,reg
ldut_tile_prci_domain_tile_reset_domain_boom_tile_frontend_bpd_banked_predictors_1_components_3_s1_update__bits_meta__w1,56,reg
ldut_tile_prci_domain_tile_reset_domain_boom_tile_frontend_bpd_banked_predictors_1_components_3_s1_update__bits_pc,40,reg
ldut_tile_prci_domain_tile_reset_domain_boom_tile_frontend_bpd_banked_predictors_1_components_3_s1_update__bits_target,40,reg
ldut_tile_prci_domain_tile_reset_domain_boom_tile_frontend_bpd_banked_predictors_1_components_3_s1_update__valid,1,reg
ldut_tile_prci_domain_tile_reset_domain_boom_tile_frontend_bpd_banked_predictors_1_components_3_s1_update_idx,36,reg
ldut_tile_prci_domain_tile_reset_domain_boom_tile_frontend_bpd_banked_predictors_1_components_3_s1_valid,1,reg
ldut_tile_prci_domain_tile_reset_domain_boom_tile_frontend_bpd_banked_predictors_1_components_4_reset_idx,11,reg
ldut_tile_prci_domain_tile_reset_domain_boom_tile_frontend_bpd_banked_predictors_1_components_4_s1_update__bits_br_mask,4,reg
ldut_tile_prci_domain_tile_reset_domain_boom_tile_frontend_bpd_banked_predictors_1_components_4_s1_update__bits_btb_mispredicts,4,reg
ldut_tile_prci_domain_tile_reset_domain_boom_tile_frontend_bpd_banked_predictors_1_components_4_s1_update__bits_cfi_idx_bits,2,reg
ldut_tile_prci_domain_tile_reset_domain_boom_tile_frontend_bpd_banked_predictors_1_components_4_s1_update__bits_cfi_idx_valid,1,reg
ldut_tile_prci_domain_tile_reset_domain_boom_tile_frontend_bpd_banked_predictors_1_components_4_s1_update__bits_cfi_is_br,1,reg
ldut_tile_prci_domain_tile_reset_domain_boom_tile_frontend_bpd_banked_predictors_1_components_4_s1_update__bits_cfi_is_jal,1,reg
ldut_tile_prci_domain_tile_reset_domain_boom_tile_frontend_bpd_banked_predictors_1_components_4_s1_update__bits_cfi_taken,1,reg
ldut_tile_prci_domain_tile_reset_domain_boom_tile_frontend_bpd_banked_predictors_1_components_4_s1_update__bits_is_mispredict_update,1,reg
ldut_tile_prci_domain_tile_reset_domain_boom_tile_frontend_bpd_banked_predictors_1_components_4_s1_update__bits_is_repair_update,1,reg
ldut_tile_prci_domain_tile_reset_domain_boom_tile_frontend_bpd_banked_predictors_1_components_4_s1_update__bits_meta__w0,64,reg
ldut_tile_prci_domain_tile_reset_domain_boom_tile_frontend_bpd_banked_predictors_1_components_4_s1_update__bits_meta__w1,56,reg
ldut_tile_prci_domain_tile_reset_domain_boom_tile_frontend_bpd_banked_predictors_1_components_4_s1_update__valid,1,reg
ldut_tile_prci_domain_tile_reset_domain_boom_tile_frontend_bpd_banked_predictors_1_components_4_s1_update_idx,36,reg
ldut_tile_prci_domain_tile_reset_domain_boom_tile_frontend_bpd_banked_predictors_1_components_4_s1_valid,1,reg
ldut_tile_prci_domain_tile_reset_domain_boom_tile_frontend_bpd_banked_predictors_1_components_4_s2_req_rdata_0,2,reg
ldut_tile_prci_domain_tile_reset_domain_boom_tile_frontend_bpd_banked_predictors_1_components_4_s2_req_rdata_1,2,reg
ldut_tile_prci_domain_tile_reset_domain_boom_tile_frontend_bpd_banked_predictors_1_components_4_s2_req_rdata_2,2,reg
ldut_tile_prci_domain_tile_reset_domain_boom_tile_frontend_bpd_banked_predictors_1_components_4_s2_req_rdata_3,2,reg
ldut_tile_prci_domain_tile_reset_domain_boom_tile_frontend_bpd_banked_predictors_1_components_4_wrbypass__v2_bank_0_0,38,reg
ldut_tile_prci_domain_tile_reset_domain_boom_tile_frontend_bpd_banked_predictors_1_components_4_wrbypass_enq_idx,1,reg
ldut_tile_prci_domain_tile_reset_domain_boom_tile_frontend_f3_maybe_full,1,reg
ldut_tile_prci_domain_tile_reset_domain_boom_tile_frontend_f3_ram__v2_bank_0_0,50,reg
ldut_tile_prci_domain_tile_reset_domain_boom_tile_frontend_f3_ram__v2_bank_0_1,8,reg
ldut_tile_prci_domain_tile_reset_domain_boom_tile_frontend_f3_ram_data__w0,64,reg
ldut_tile_prci_domain_tile_reset_domain_boom_tile_frontend_f3_ram_data__w1,64,reg
ldut_tile_prci_domain_tile_reset_domain_boom_tile_frontend_f3_ram_ghist_old_history,64,reg
ldut_tile_prci_domain_tile_reset_domain_boom_tile_frontend_f3_bpd_resp_maybe_full,1,reg
ldut_tile_prci_domain_tile_reset_domain_boom_tile_frontend_f3_bpd_resp_ram__v2_bank_0_0,44,reg
ldut_tile_prci_domain_tile_reset_domain_boom_tile_frontend_f3_bpd_resp_ram__v2_bank_0_1,42,reg
ldut_tile_prci_domain_tile_reset_domain_boom_tile_frontend_f3_bpd_resp_ram__v2_bank_0_2,42,reg
ldut_tile_prci_domain_tile_reset_domain_boom_tile_frontend_f3_bpd_resp_ram__v2_bank_0_3,42,reg
ldut_tile_prci_domain_tile_reset_domain_boom_tile_frontend_f3_bpd_resp_ram__v2_bank_0_4,42,reg
ldut_tile_prci_domain_tile_reset_domain_boom_tile_frontend_f3_bpd_resp_ram__v2_bank_0_5,42,reg
ldut_tile_prci_domain_tile_reset_domain_boom_tile_frontend_f3_bpd_resp_ram__v2_bank_0_6,42,reg
ldut_tile_prci_domain_tile_reset_domain_boom_tile_frontend_f3_bpd_resp_ram_meta_0__w0,64,reg
ldut_tile_prci_domain_tile_reset_domain_boom_tile_frontend_f3_bpd_resp_ram_meta_0__w1,56,reg
ldut_tile_prci_domain_tile_reset_domain_boom_tile_frontend_f3_bpd_resp_ram_meta_1__w0,64,reg
ldut_tile_prci_domain_tile_reset_domain_boom_tile_frontend_f3_bpd_resp_ram_meta_1__w1,56,reg
ldut_tile_prci_domain_tile_reset_domain_boom_tile_frontend_f3_bpd_resp_ram_preds_7_predicted_pc_bits,40,reg
ldut_tile_prci_domain_tile_reset_domain_boom_tile_frontend_f3_prev_half,16,reg
ldut_tile_prci_domain_tile_reset_domain_boom_tile_frontend_f3_prev_is_half,1,reg
ldut_tile_prci_domain_tile_reset_domain_boom_tile_frontend_f4_maybe_full,1,reg
ldut_tile_prci_domain_tile_reset_domain_boom_tile_frontend_f4_ram__v2_bank_0_0,42,reg
ldut_tile_prci_domain_tile_reset_domain_boom_tile_frontend_f4_ram__v2_bank_0_1,64,reg
ldut_tile_prci_domain_tile_reset_domain_boom_tile_frontend_f4_ram__v2_bank_0_10,56,reg
ldut_tile_prci_domain_tile_reset_domain_boom_tile_frontend_f4_ram__v2_bank_0_11,26,reg
ldut_tile_prci_domain_tile_reset_domain_boom_tile_frontend_f4_ram__v2_bank_0_2,64,reg
ldut_tile_prci_domain_tile_reset_domain_boom_tile_frontend_f4_ram__v2_bank_0_3,64,reg
ldut_tile_prci_domain_tile_reset_domain_boom_tile_frontend_f4_ram__v2_bank_0_4,64,reg
ldut_tile_prci_domain_tile_reset_domain_boom_tile_frontend_f4_ram__v2_bank_0_5,64,reg
ldut_tile_prci_domain_tile_reset_domain_boom_tile_frontend_f4_ram__v2_bank_0_6,64,reg
ldut_tile_prci_domain_tile_reset_domain_boom_tile_frontend_f4_ram__v2_bank_0_7,64,reg
ldut_tile_prci_domain_tile_reset_domain_boom_tile_frontend_f4_ram__v2_bank_0_8,64,reg
ldut_tile_prci_domain_tile_reset_domain_boom_tile_frontend_f4_ram__v2_bank_0_9,25,reg
ldut_tile_prci_domain_tile_reset_domain_boom_tile_frontend_f4_ram_bpd_meta_0__w0,64,reg
ldut_tile_prci_domain_tile_reset_domain_boom_tile_frontend_f4_ram_bpd_meta_0__w1,56,reg
ldut_tile_prci_domain_tile_reset_domain_boom_tile_frontend_f4_ram_bpd_meta_1__w0,64,reg
ldut_tile_prci_domain_tile_reset_domain_boom_tile_frontend_f4_ram_bpd_meta_1__w1,56,reg
ldut_tile_prci_domain_tile_reset_domain_boom_tile_frontend_f4_ram_ghist_old_history,64,reg
ldut_tile_prci_domain_tile_reset_domain_boom_tile_frontend_f4_btb_corrections_enq_ptr_value,1,reg
ldut_tile_prci_domain_tile_reset_domain_boom_tile_frontend_f4_btb_corrections_maybe_full,1,reg
ldut_tile_prci_domain_tile_reset_domain_boom_tile_frontend_fb_fb_uop_ram__v2_bank_0_0,51,reg
ldut_tile_prci_domain_tile_reset_domain_boom_tile_frontend_fb_fb_uop_ram__v2_bank_10_0,51,reg
ldut_tile_prci_domain_tile_reset_domain_boom_tile_frontend_fb_fb_uop_ram__v2_bank_11_0,51,reg
ldut_tile_prci_domain_tile_reset_domain_boom_tile_frontend_fb_fb_uop_ram__v2_bank_12_0,51,reg
ldut_tile_prci_domain_tile_reset_domain_boom_tile_frontend_fb_fb_uop_ram__v2_bank_13_0,51,reg
ldut_tile_prci_domain_tile_reset_domain_boom_tile_frontend_fb_fb_uop_ram__v2_bank_14_0,51,reg
ldut_tile_prci_domain_tile_reset_domain_boom_tile_frontend_fb_fb_uop_ram__v2_bank_15_0,51,reg
ldut_tile_prci_domain_tile_reset_domain_boom_tile_frontend_fb_fb_uop_ram__v2_bank_16_0,51,reg
ldut_tile_prci_domain_tile_reset_domain_boom_tile_frontend_fb_fb_uop_ram__v2_bank_17_0,51,reg
ldut_tile_prci_domain_tile_reset_domain_boom_tile_frontend_fb_fb_uop_ram__v2_bank_18_0,51,reg
ldut_tile_prci_domain_tile_reset_domain_boom_tile_frontend_fb_fb_uop_ram__v2_bank_19_0,51,reg
ldut_tile_prci_domain_tile_reset_domain_boom_tile_frontend_fb_fb_uop_ram__v2_bank_1_0,51,reg
ldut_tile_prci_domain_tile_reset_domain_boom_tile_frontend_fb_fb_uop_ram__v2_bank_20_0,51,reg
ldut_tile_prci_domain_tile_reset_domain_boom_tile_frontend_fb_fb_uop_ram__v2_bank_21_0,51,reg
ldut_tile_prci_domain_tile_reset_domain_boom_tile_frontend_fb_fb_uop_ram__v2_bank_22_0,51,reg
ldut_tile_prci_domain_tile_reset_domain_boom_tile_frontend_fb_fb_uop_ram__v2_bank_23_0,51,reg
ldut_tile_prci_domain_tile_reset_domain_boom_tile_frontend_fb_fb_uop_ram__v2_bank_2_0,51,reg
ldut_tile_prci_domain_tile_reset_domain_boom_tile_frontend_fb_fb_uop_ram__v2_bank_3_0,51,reg
ldut_tile_prci_domain_tile_reset_domain_boom_tile_frontend_fb_fb_uop_ram__v2_bank_4_0,51,reg
ldut_tile_prci_domain_tile_reset_domain_boom_tile_frontend_fb_fb_uop_ram__v2_bank_5_0,51,reg
ldut_tile_prci_domain_tile_reset_domain_boom_tile_frontend_fb_fb_uop_ram__v2_bank_6_0,51,reg
ldut_tile_prci_domain_tile_reset_domain_boom_tile_frontend_fb_fb_uop_ram__v2_bank_7_0,51,reg
ldut_tile_prci_domain_tile_reset_domain_boom_tile_frontend_fb_fb_uop_ram__v2_bank_8_0,51,reg
ldut_tile_prci_domain_tile_reset_domain_boom_tile_frontend_fb_fb_uop_ram__v2_bank_9_0,51,reg
ldut_tile_prci_domain_tile_reset_domain_boom_tile_frontend_fb_head,8,reg
ldut_tile_prci_domain_tile_reset_domain_boom_tile_frontend_fb_maybe_full,1,reg
ldut_tile_prci_domain_tile_reset_domain_boom_tile_frontend_fb_tail,24,reg
ldut_tile_prci_domain_tile_reset_domain_boom_tile_frontend_ftq_REG_17_cfi_idx_bits,3,reg
ldut_tile_prci_domain_tile_reset_domain_boom_tile_frontend_ftq_REG_17_cfi_idx_valid,1,reg
ldut_tile_prci_domain_tile_reset_domain_boom_tile_frontend_ftq_REG_17_start_bank,1,reg
ldut_tile_prci_domain_tile_reset_domain_boom_tile_frontend_ftq_REG_18,40,reg
ldut_tile_prci_domain_tile_reset_domain_boom_tile_frontend_ftq_REG_19,40,reg
ldut_tile_prci_domain_tile_reset_domain_boom_tile_frontend_ftq_REG_20,1,reg
ldut_tile_prci_domain_tile_reset_domain_boom_tile_frontend_ftq_REG_21,40,reg
ldut_tile_prci_domain_tile_reset_domain_boom_tile_frontend_ftq_REG_23,40,reg
ldut_tile_prci_domain_tile_reset_domain_boom_tile_frontend_ftq_bpd_pc,40,reg
ldut_tile_prci_domain_tile_reset_domain_boom_tile_frontend_ftq_bpd_update_repair,1,reg
ldut_tile_prci_domain_tile_reset_domain_boom_tile_frontend_ftq_enq_ptr,5,reg
ldut_tile_prci_domain_tile_reset_domain_boom_tile_frontend_ftq_prev_ghist_old_history,64,reg
ldut_tile_prci_domain_tile_reset_domain_boom_tile_frontend_ftq_prev_ghist_ras_idx,5,reg
ldut_tile_prci_domain_tile_reset_domain_boom_tile_frontend_ftq_ram__v2_bank_0_0,64,reg
ldut_tile_prci_domain_tile_reset_domain_boom_tile_frontend_ftq_ram__v2_bank_0_1,60,reg
ldut_tile_prci_domain_tile_reset_domain_boom_tile_frontend_ftq_ram__v2_bank_0_10,64,reg
ldut_tile_prci_domain_tile_reset_domain_boom_tile_frontend_ftq_ram__v2_bank_0_11,64,reg
ldut_tile_prci_domain_tile_reset_domain_boom_tile_frontend_ftq_ram__v2_bank_0_12,60,reg
ldut_tile_prci_domain_tile_reset_domain_boom_tile_frontend_ftq_ram__v2_bank_0_13,25,reg
ldut_tile_prci_domain_tile_reset_domain_boom_tile_frontend_ftq_ram__v2_bank_0_14,64,reg
ldut_tile_prci_domain_tile_reset_domain_boom_tile_frontend_ftq_ram__v2_bank_0_15,64,reg
ldut_tile_prci_domain_tile_reset_domain_boom_tile_frontend_ftq_ram__v2_bank_0_16,57,reg
ldut_tile_prci_domain_tile_reset_domain_boom_tile_frontend_ftq_ram__v2_bank_0_17,62,reg
ldut_tile_prci_domain_tile_reset_domain_boom_tile_frontend_ftq_ram__v2_bank_0_18,64,reg
ldut_tile_prci_domain_tile_reset_domain_boom_tile_frontend_ftq_ram__v2_bank_0_19,64,reg
ldut_tile_prci_domain_tile_reset_domain_boom_tile_frontend_ftq_ram__v2_bank_0_2,25,reg
ldut_tile_prci_domain_tile_reset_domain_boom_tile_frontend_ftq_ram__v2_bank_0_20,62,reg
ldut_tile_prci_domain_tile_reset_domain_boom_tile_frontend_ftq_ram__v2_bank_0_21,64,reg
ldut_tile_prci_domain_tile_reset_domain_boom_tile_frontend_ftq_ram__v2_bank_0_22,64,reg
ldut_tile_prci_domain_tile_reset_domain_boom_tile_frontend_ftq_ram__v2_bank_0_23,60,reg
ldut_tile_prci_domain_tile_reset_domain_boom_tile_frontend_ftq_ram__v2_bank_0_24,25,reg
ldut_tile_prci_domain_tile_reset_domain_boom_tile_frontend_ftq_ram__v2_bank_0_25,64,reg
ldut_tile_prci_domain_tile_reset_domain_boom_tile_frontend_ftq_ram__v2_bank_0_26,64,reg
ldut_tile_prci_domain_tile_reset_domain_boom_tile_frontend_ftq_ram__v2_bank_0_27,57,reg
ldut_tile_prci_domain_tile_reset_domain_boom_tile_frontend_ftq_ram__v2_bank_0_28,62,reg
ldut_tile_prci_domain_tile_reset_domain_boom_tile_frontend_ftq_ram__v2_bank_0_29,64,reg
ldut_tile_prci_domain_tile_reset_domain_boom_tile_frontend_ftq_ram__v2_bank_0_3,64,reg
ldut_tile_prci_domain_tile_reset_domain_boom_tile_frontend_ftq_ram__v2_bank_0_30,64,reg
ldut_tile_prci_domain_tile_reset_domain_boom_tile_frontend_ftq_ram__v2_bank_0_31,62,reg
ldut_tile_prci_domain_tile_reset_domain_boom_tile_frontend_ftq_ram__v2_bank_0_32,64,reg
ldut_tile_prci_domain_tile_reset_domain_boom_tile_frontend_ftq_ram__v2_bank_0_33,64,reg
ldut_tile_prci_domain_tile_reset_domain_boom_tile_frontend_ftq_ram__v2_bank_0_34,60,reg
ldut_tile_prci_domain_tile_reset_domain_boom_tile_frontend_ftq_ram__v2_bank_0_35,6,reg
ldut_tile_prci_domain_tile_reset_domain_boom_tile_frontend_ftq_ram__v2_bank_0_4,64,reg
ldut_tile_prci_domain_tile_reset_domain_boom_tile_frontend_ftq_ram__v2_bank_0_5,57,reg
ldut_tile_prci_domain_tile_reset_domain_boom_tile_frontend_ftq_ram__v2_bank_0_6,62,reg
ldut_tile_prci_domain_tile_reset_domain_boom_tile_frontend_ftq_ram__v2_bank_0_7,64,reg
ldut_tile_prci_domain_tile_reset_domain_boom_tile_frontend_ftq_ram__v2_bank_0_8,64,reg
ldut_tile_prci_domain_tile_reset_domain_boom_tile_frontend_ftq_ram__v2_bank_0_9,62,reg
ldut_tile_prci_domain_tile_reset_domain_boom_tile_frontend_icache_REG,1,reg
ldut_tile_prci_domain_tile_reset_domain_boom_tile_frontend_icache_prng_state_0,1,reg
ldut_tile_prci_domain_tile_reset_domain_boom_tile_frontend_icache_refill_paddr,32,reg
ldut_tile_prci_domain_tile_reset_domain_boom_tile_frontend_icache_refill_valid,1,reg
ldut_tile_prci_domain_tile_reset_domain_boom_tile_frontend_icache_s2_hit,1,reg
ldut_tile_prci_domain_tile_reset_domain_boom_tile_frontend_icache_s2_valid,1,reg
ldut_tile_prci_domain_tile_reset_domain_boom_tile_frontend_ras_REG,1,reg
ldut_tile_prci_domain_tile_reset_domain_boom_tile_frontend_ras_REG_1,40,reg
ldut_tile_prci_domain_tile_reset_domain_boom_tile_frontend_ras_REG_2,40,reg
ldut_tile_prci_domain_tile_reset_domain_boom_tile_frontend_s1_ghist_new_saw_branch_not_taken,1,reg
ldut_tile_prci_domain_tile_reset_domain_boom_tile_frontend_s1_ghist_new_saw_branch_taken,1,reg
ldut_tile_prci_domain_tile_reset_domain_boom_tile_frontend_s1_ghist_old_history,64,reg
ldut_tile_prci_domain_tile_reset_domain_boom_tile_frontend_s1_ghist_ras_idx,5,reg
ldut_tile_prci_domain_tile_reset_domain_boom_tile_frontend_s1_is_replay,1,reg
ldut_tile_prci_domain_tile_reset_domain_boom_tile_frontend_s1_valid,1,reg
ldut_tile_prci_domain_tile_reset_domain_boom_tile_frontend_s1_vpc,40,reg
ldut_tile_prci_domain_tile_reset_domain_boom_tile_frontend_s2_ghist_current_saw_branch_not_taken,1,reg
ldut_tile_prci_domain_tile_reset_domain_boom_tile_frontend_s2_ghist_new_saw_branch_not_taken,1,reg
ldut_tile_prci_domain_tile_reset_domain_boom_tile_frontend_s2_ghist_new_saw_branch_taken,1,reg
ldut_tile_prci_domain_tile_reset_domain_boom_tile_frontend_s2_ghist_old_history,64,reg
ldut_tile_prci_domain_tile_reset_domain_boom_tile_frontend_s2_ghist_ras_idx,5,reg
ldut_tile_prci_domain_tile_reset_domain_boom_tile_frontend_s2_ppc,32,reg
ldut_tile_prci_domain_tile_reset_domain_boom_tile_frontend_s2_tlb_miss,1,reg
ldut_tile_prci_domain_tile_reset_domain_boom_tile_frontend_s2_tlb_resp_ae_inst,1,reg
ldut_tile_prci_domain_tile_reset_domain_boom_tile_frontend_s2_tlb_resp_pf_inst,1,reg
ldut_tile_prci_domain_tile_reset_domain_boom_tile_frontend_s2_valid,1,reg
ldut_tile_prci_domain_tile_reset_domain_boom_tile_frontend_tlb_r_refill_tag,27,reg
ldut_tile_prci_domain_tile_reset_domain_boom_tile_frontend_tlb_r_sectored_hit,1,reg
ldut_tile_prci_domain_tile_reset_domain_boom_tile_frontend_tlb_r_sectored_hit_addr,3,reg
ldut_tile_prci_domain_tile_reset_domain_boom_tile_frontend_tlb_r_sectored_repl_addr,3,reg
ldut_tile_prci_domain_tile_reset_domain_boom_tile_frontend_tlb_r_superpage_repl_addr,2,reg
ldut_tile_prci_domain_tile_reset_domain_boom_tile_frontend_tlb_sectored_entries_0_0_valid_0,1,reg
ldut_tile_prci_domain_tile_reset_domain_boom_tile_frontend_tlb_sectored_entries_0_0_valid_1,1,reg
ldut_tile_prci_domain_tile_reset_domain_boom_tile_frontend_tlb_sectored_entries_0_0_valid_2,1,reg
ldut_tile_prci_domain_tile_reset_domain_boom_tile_frontend_tlb_sectored_entries_0_0_valid_3,1,reg
ldut_tile_prci_domain_tile_reset_domain_boom_tile_frontend_tlb_sectored_entries_0_1_valid_0,1,reg
ldut_tile_prci_domain_tile_reset_domain_boom_tile_frontend_tlb_sectored_entries_0_1_valid_1,1,reg
ldut_tile_prci_domain_tile_reset_domain_boom_tile_frontend_tlb_sectored_entries_0_1_valid_2,1,reg
ldut_tile_prci_domain_tile_reset_domain_boom_tile_frontend_tlb_sectored_entries_0_1_valid_3,1,reg
ldut_tile_prci_domain_tile_reset_domain_boom_tile_frontend_tlb_sectored_entries_0_2_valid_0,1,reg
ldut_tile_prci_domain_tile_reset_domain_boom_tile_frontend_tlb_sectored_entries_0_2_valid_1,1,reg
ldut_tile_prci_domain_tile_reset_domain_boom_tile_frontend_tlb_sectored_entries_0_2_valid_2,1,reg
ldut_tile_prci_domain_tile_reset_domain_boom_tile_frontend_tlb_sectored_entries_0_2_valid_3,1,reg
ldut_tile_prci_domain_tile_reset_domain_boom_tile_frontend_tlb_sectored_entries_0_3_valid_0,1,reg
ldut_tile_prci_domain_tile_reset_domain_boom_tile_frontend_tlb_sectored_entries_0_3_valid_1,1,reg
ldut_tile_prci_domain_tile_reset_domain_boom_tile_frontend_tlb_sectored_entries_0_3_valid_2,1,reg
ldut_tile_prci_domain_tile_reset_domain_boom_tile_frontend_tlb_sectored_entries_0_3_valid_3,1,reg
ldut_tile_prci_domain_tile_reset_domain_boom_tile_frontend_tlb_sectored_entries_0_4_valid_0,1,reg
ldut_tile_prci_domain_tile_reset_domain_boom_tile_frontend_tlb_sectored_entries_0_4_valid_1,1,reg
ldut_tile_prci_domain_tile_reset_domain_boom_tile_frontend_tlb_sectored_entries_0_4_valid_2,1,reg
ldut_tile_prci_domain_tile_reset_domain_boom_tile_frontend_tlb_sectored_entries_0_4_valid_3,1,reg
ldut_tile_prci_domain_tile_reset_domain_boom_tile_frontend_tlb_sectored_entries_0_5_valid_0,1,reg
ldut_tile_prci_domain_tile_reset_domain_boom_tile_frontend_tlb_sectored_entries_0_5_valid_1,1,reg
ldut_tile_prci_domain_tile_reset_domain_boom_tile_frontend_tlb_sectored_entries_0_5_valid_2,1,reg
ldut_tile_prci_domain_tile_reset_domain_boom_tile_frontend_tlb_sectored_entries_0_5_valid_3,1,reg
ldut_tile_prci_domain_tile_reset_domain_boom_tile_frontend_tlb_sectored_entries_0_6_valid_0,1,reg
ldut_tile_prci_domain_tile_reset_domain_boom_tile_frontend_tlb_sectored_entries_0_6_valid_1,1,reg
ldut_tile_prci_domain_tile_reset_domain_boom_tile_frontend_tlb_sectored_entries_0_6_valid_2,1,reg
ldut_tile_prci_domain_tile_reset_domain_boom_tile_frontend_tlb_sectored_entries_0_6_valid_3,1,reg
ldut_tile_prci_domain_tile_reset_domain_boom_tile_frontend_tlb_sectored_entries_0_7_valid_0,1,reg
ldut_tile_prci_domain_tile_reset_domain_boom_tile_frontend_tlb_sectored_entries_0_7_valid_1,1,reg
ldut_tile_prci_domain_tile_reset_domain_boom_tile_frontend_tlb_sectored_entries_0_7_valid_2,1,reg
ldut_tile_prci_domain_tile_reset_domain_boom_tile_frontend_tlb_sectored_entries_0_7_valid_3,1,reg
ldut_tile_prci_domain_tile_reset_domain_boom_tile_frontend_tlb_special_entry_data_0,35,reg
ldut_tile_prci_domain_tile_reset_domain_boom_tile_frontend_tlb_special_entry_valid_0,1,reg
ldut_tile_prci_domain_tile_reset_domain_boom_tile_frontend_tlb_state,2,reg
ldut_tile_prci_domain_tile_reset_domain_boom_tile_frontend_tlb_superpage_entries_0_valid_0,1,reg
ldut_tile_prci_domain_tile_reset_domain_boom_tile_frontend_tlb_superpage_entries_1_valid_0,1,reg
ldut_tile_prci_domain_tile_reset_domain_boom_tile_frontend_tlb_superpage_entries_2_valid_0,1,reg
ldut_tile_prci_domain_tile_reset_domain_boom_tile_frontend_tlb_superpage_entries_3_valid_0,1,reg
ldut_tile_prci_domain_tile_reset_domain_boom_tile_lsu_REG_10,1,reg
ldut_tile_prci_domain_tile_reset_domain_boom_tile_lsu_REG_12,1,reg
ldut_tile_prci_domain_tile_reset_domain_boom_tile_lsu_REG_13,1,reg
ldut_tile_prci_domain_tile_reset_domain_boom_tile_lsu_REG_142,1,reg
ldut_tile_prci_domain_tile_reset_domain_boom_tile_lsu_REG_143,4,reg
ldut_tile_prci_domain_tile_reset_domain_boom_tile_lsu_REG_145,7,reg
ldut_tile_prci_domain_tile_reset_domain_boom_tile_lsu_REG_146,1,reg
ldut_tile_prci_domain_tile_reset_domain_boom_tile_lsu_REG_147,1,reg
ldut_tile_prci_domain_tile_reset_domain_boom_tile_lsu_REG_148,5,reg
ldut_tile_prci_domain_tile_reset_domain_boom_tile_lsu_REG_15,1,reg
ldut_tile_prci_domain_tile_reset_domain_boom_tile_lsu_REG_3,1,reg
ldut_tile_prci_domain_tile_reset_domain_boom_tile_lsu_clr_bsy_brmask_0,16,reg
ldut_tile_prci_domain_tile_reset_domain_boom_tile_lsu_clr_bsy_rob_idx_0,7,reg
ldut_tile_prci_domain_tile_reset_domain_boom_tile_lsu_clr_bsy_valid_0,1,reg
ldut_tile_prci_domain_tile_reset_domain_boom_tile_lsu_dtlb_r_refill_tag,27,reg
ldut_tile_prci_domain_tile_reset_domain_boom_tile_lsu_dtlb_r_sectored_hit,1,reg
ldut_tile_prci_domain_tile_reset_domain_boom_tile_lsu_dtlb_r_sectored_hit_addr,2,reg
ldut_tile_prci_domain_tile_reset_domain_boom_tile_lsu_dtlb_r_sectored_repl_addr,2,reg
ldut_tile_prci_domain_tile_reset_domain_boom_tile_lsu_dtlb_r_superpage_repl_addr,2,reg
ldut_tile_prci_domain_tile_reset_domain_boom_tile_lsu_dtlb_sectored_entries_0_valid_0,1,reg
ldut_tile_prci_domain_tile_reset_domain_boom_tile_lsu_dtlb_sectored_entries_0_valid_1,1,reg
ldut_tile_prci_domain_tile_reset_domain_boom_tile_lsu_dtlb_sectored_entries_0_valid_2,1,reg
ldut_tile_prci_domain_tile_reset_domain_boom_tile_lsu_dtlb_sectored_entries_0_valid_3,1,reg
ldut_tile_prci_domain_tile_reset_domain_boom_tile_lsu_dtlb_sectored_entries_1_valid_0,1,reg
ldut_tile_prci_domain_tile_reset_domain_boom_tile_lsu_dtlb_sectored_entries_1_valid_1,1,reg
ldut_tile_prci_domain_tile_reset_domain_boom_tile_lsu_dtlb_sectored_entries_1_valid_2,1,reg
ldut_tile_prci_domain_tile_reset_domain_boom_tile_lsu_dtlb_sectored_entries_1_valid_3,1,reg
ldut_tile_prci_domain_tile_reset_domain_boom_tile_lsu_dtlb_sectored_entries_2_valid_0,1,reg
ldut_tile_prci_domain_tile_reset_domain_boom_tile_lsu_dtlb_sectored_entries_2_valid_1,1,reg
ldut_tile_prci_domain_tile_reset_domain_boom_tile_lsu_dtlb_sectored_entries_2_valid_2,1,reg
ldut_tile_prci_domain_tile_reset_domain_boom_tile_lsu_dtlb_sectored_entries_2_valid_3,1,reg
ldut_tile_prci_domain_tile_reset_domain_boom_tile_lsu_dtlb_sectored_entries_3_valid_0,1,reg
ldut_tile_prci_domain_tile_reset_domain_boom_tile_lsu_dtlb_sectored_entries_3_valid_1,1,reg
ldut_tile_prci_domain_tile_reset_domain_boom_tile_lsu_dtlb_sectored_entries_3_valid_2,1,reg
ldut_tile_prci_domain_tile_reset_domain_boom_tile_lsu_dtlb_sectored_entries_3_valid_3,1,reg
ldut_tile_prci_domain_tile_reset_domain_boom_tile_lsu_dtlb_special_entry_data_0,34,reg
ldut_tile_prci_domain_tile_reset_domain_boom_tile_lsu_dtlb_special_entry_valid_0,1,reg
ldut_tile_prci_domain_tile_reset_domain_boom_tile_lsu_dtlb_state,2,reg
ldut_tile_prci_domain_tile_reset_domain_boom_tile_lsu_dtlb_superpage_entries_0_valid_0,1,reg
ldut_tile_prci_domain_tile_reset_domain_boom_tile_lsu_dtlb_superpage_entries_1_valid_0,1,reg
ldut_tile_prci_domain_tile_reset_domain_boom_tile_lsu_dtlb_superpage_entries_2_valid_0,1,reg
ldut_tile_prci_domain_tile_reset_domain_boom_tile_lsu_dtlb_superpage_entries_3_valid_0,1,reg
ldut_tile_prci_domain_tile_reset_domain_boom_tile_lsu_hella_state,3,reg
ldut_tile_prci_domain_tile_reset_domain_boom_tile_lsu_ldq_0_bits_addr_is_virtual,1,reg
ldut_tile_prci_domain_tile_reset_domain_boom_tile_lsu_ldq_10_bits_addr_is_virtual,1,reg
ldut_tile_prci_domain_tile_reset_domain_boom_tile_lsu_ldq_11_bits_addr_is_virtual,1,reg
ldut_tile_prci_domain_tile_reset_domain_boom_tile_lsu_ldq_12_bits_addr_is_virtual,1,reg
ldut_tile_prci_domain_tile_reset_domain_boom_tile_lsu_ldq_13_bits_addr_is_virtual,1,reg
ldut_tile_prci_domain_tile_reset_domain_boom_tile_lsu_ldq_14_bits_addr_is_virtual,1,reg
ldut_tile_prci_domain_tile_reset_domain_boom_tile_lsu_ldq_15_bits_addr_is_virtual,1,reg
ldut_tile_prci_domain_tile_reset_domain_boom_tile_lsu_ldq_16_bits_addr_is_virtual,1,reg
ldut_tile_prci_domain_tile_reset_domain_boom_tile_lsu_ldq_17_bits_addr_is_virtual,1,reg
ldut_tile_prci_domain_tile_reset_domain_boom_tile_lsu_ldq_18_bits_addr_is_virtual,1,reg
ldut_tile_prci_domain_tile_reset_domain_boom_tile_lsu_ldq_19_bits_addr_is_virtual,1,reg
ldut_tile_prci_domain_tile_reset_domain_boom_tile_lsu_ldq_1_bits_addr_is_virtual,1,reg
ldut_tile_prci_domain_tile_reset_domain_boom_tile_lsu_ldq_20_bits_addr_is_virtual,1,reg
ldut_tile_prci_domain_tile_reset_domain_boom_tile_lsu_ldq_21_bits_addr_is_virtual,1,reg
ldut_tile_prci_domain_tile_reset_domain_boom_tile_lsu_ldq_22_bits_addr_is_virtual,1,reg
ldut_tile_prci_domain_tile_reset_domain_boom_tile_lsu_ldq_23_bits_addr_is_virtual,1,reg
ldut_tile_prci_domain_tile_reset_domain_boom_tile_lsu_ldq_2_bits_addr_is_virtual,1,reg
ldut_tile_prci_domain_tile_reset_domain_boom_tile_lsu_ldq_3_bits_addr_is_virtual,1,reg
ldut_tile_prci_domain_tile_reset_domain_boom_tile_lsu_ldq_4_bits_addr_is_virtual,1,reg
ldut_tile_prci_domain_tile_reset_domain_boom_tile_lsu_ldq_5_bits_addr_is_virtual,1,reg
ldut_tile_prci_domain_tile_reset_domain_boom_tile_lsu_ldq_6_bits_addr_is_virtual,1,reg
ldut_tile_prci_domain_tile_reset_domain_boom_tile_lsu_ldq_7_bits_addr_is_virtual,1,reg
ldut_tile_prci_domain_tile_reset_domain_boom_tile_lsu_ldq_8_bits_addr_is_virtual,1,reg
ldut_tile_prci_domain_tile_reset_domain_boom_tile_lsu_ldq_9_bits_addr_is_virtual,1,reg
ldut_tile_prci_domain_tile_reset_domain_boom_tile_lsu_ldq__v2_bank_0_0,29,reg
ldut_tile_prci_domain_tile_reset_domain_boom_tile_lsu_ldq__v2_bank_10_0,41,reg
ldut_tile_prci_domain_tile_reset_domain_boom_tile_lsu_ldq__v2_bank_11_0,41,reg
ldut_tile_prci_domain_tile_reset_domain_boom_tile_lsu_ldq__v2_bank_12_0,41,reg
ldut_tile_prci_domain_tile_reset_domain_boom_tile_lsu_ldq__v2_bank_13_0,41,reg
ldut_tile_prci_domain_tile_reset_domain_boom_tile_lsu_ldq__v2_bank_14_0,41,reg
ldut_tile_prci_domain_tile_reset_domain_boom_tile_lsu_ldq__v2_bank_15_0,41,reg
ldut_tile_prci_domain_tile_reset_domain_boom_tile_lsu_ldq__v2_bank_16_0,41,reg
ldut_tile_prci_domain_tile_reset_domain_boom_tile_lsu_ldq__v2_bank_17_0,41,reg
ldut_tile_prci_domain_tile_reset_domain_boom_tile_lsu_ldq__v2_bank_18_0,41,reg
ldut_tile_prci_domain_tile_reset_domain_boom_tile_lsu_ldq__v2_bank_19_0,41,reg
ldut_tile_prci_domain_tile_reset_domain_boom_tile_lsu_ldq__v2_bank_1_0,57,reg
ldut_tile_prci_domain_tile_reset_domain_boom_tile_lsu_ldq__v2_bank_1_1,63,reg
ldut_tile_prci_domain_tile_reset_domain_boom_tile_lsu_ldq__v2_bank_1_10,63,reg
ldut_tile_prci_domain_tile_reset_domain_boom_tile_lsu_ldq__v2_bank_1_11,54,reg
ldut_tile_prci_domain_tile_reset_domain_boom_tile_lsu_ldq__v2_bank_1_12,57,reg
ldut_tile_prci_domain_tile_reset_domain_boom_tile_lsu_ldq__v2_bank_1_13,63,reg
ldut_tile_prci_domain_tile_reset_domain_boom_tile_lsu_ldq__v2_bank_1_14,54,reg
ldut_tile_prci_domain_tile_reset_domain_boom_tile_lsu_ldq__v2_bank_1_15,57,reg
ldut_tile_prci_domain_tile_reset_domain_boom_tile_lsu_ldq__v2_bank_1_16,63,reg
ldut_tile_prci_domain_tile_reset_domain_boom_tile_lsu_ldq__v2_bank_1_17,54,reg
ldut_tile_prci_domain_tile_reset_domain_boom_tile_lsu_ldq__v2_bank_1_18,57,reg
ldut_tile_prci_domain_tile_reset_domain_boom_tile_lsu_ldq__v2_bank_1_19,63,reg
ldut_tile_prci_domain_tile_reset_domain_boom_tile_lsu_ldq__v2_bank_1_2,54,reg
ldut_tile_prci_domain_tile_reset_domain_boom_tile_lsu_ldq__v2_bank_1_20,54,reg
ldut_tile_prci_domain_tile_reset_domain_boom_tile_lsu_ldq__v2_bank_1_21,57,reg
ldut_tile_prci_domain_tile_reset_domain_boom_tile_lsu_ldq__v2_bank_1_22,63,reg
ldut_tile_prci_domain_tile_reset_domain_boom_tile_lsu_ldq__v2_bank_1_23,54,reg
ldut_tile_prci_domain_tile_reset_domain_boom_tile_lsu_ldq__v2_bank_1_24,57,reg
ldut_tile_prci_domain_tile_reset_domain_boom_tile_lsu_ldq__v2_bank_1_25,63,reg
ldut_tile_prci_domain_tile_reset_domain_boom_tile_lsu_ldq__v2_bank_1_26,54,reg
ldut_tile_prci_domain_tile_reset_domain_boom_tile_lsu_ldq__v2_bank_1_27,57,reg
ldut_tile_prci_domain_tile_reset_domain_boom_tile_lsu_ldq__v2_bank_1_28,63,reg
ldut_tile_prci_domain_tile_reset_domain_boom_tile_lsu_ldq__v2_bank_1_29,54,reg
ldut_tile_prci_domain_tile_reset_domain_boom_tile_lsu_ldq__v2_bank_1_3,57,reg
ldut_tile_prci_domain_tile_reset_domain_boom_tile_lsu_ldq__v2_bank_1_30,57,reg
ldut_tile_prci_domain_tile_reset_domain_boom_tile_lsu_ldq__v2_bank_1_31,63,reg
ldut_tile_prci_domain_tile_reset_domain_boom_tile_lsu_ldq__v2_bank_1_32,54,reg
ldut_tile_prci_domain_tile_reset_domain_boom_tile_lsu_ldq__v2_bank_1_33,57,reg
ldut_tile_prci_domain_tile_reset_domain_boom_tile_lsu_ldq__v2_bank_1_34,63,reg
ldut_tile_prci_domain_tile_reset_domain_boom_tile_lsu_ldq__v2_bank_1_35,64,reg
ldut_tile_prci_domain_tile_reset_domain_boom_tile_lsu_ldq__v2_bank_1_4,63,reg
ldut_tile_prci_domain_tile_reset_domain_boom_tile_lsu_ldq__v2_bank_1_5,54,reg
ldut_tile_prci_domain_tile_reset_domain_boom_tile_lsu_ldq__v2_bank_1_6,57,reg
ldut_tile_prci_domain_tile_reset_domain_boom_tile_lsu_ldq__v2_bank_1_7,63,reg
ldut_tile_prci_domain_tile_reset_domain_boom_tile_lsu_ldq__v2_bank_1_8,54,reg
ldut_tile_prci_domain_tile_reset_domain_boom_tile_lsu_ldq__v2_bank_1_9,57,reg
ldut_tile_prci_domain_tile_reset_domain_boom_tile_lsu_ldq__v2_bank_20_0,41,reg
ldut_tile_prci_domain_tile_reset_domain_boom_tile_lsu_ldq__v2_bank_21_0,41,reg
ldut_tile_prci_domain_tile_reset_domain_boom_tile_lsu_ldq__v2_bank_22_0,41,reg
ldut_tile_prci_domain_tile_reset_domain_boom_tile_lsu_ldq__v2_bank_23_0,41,reg
ldut_tile_prci_domain_tile_reset_domain_boom_tile_lsu_ldq__v2_bank_24_0,60,reg
ldut_tile_prci_domain_tile_reset_domain_boom_tile_lsu_ldq__v2_bank_24_1,45,reg
ldut_tile_prci_domain_tile_reset_domain_boom_tile_lsu_ldq__v2_bank_24_2,46,reg
ldut_tile_prci_domain_tile_reset_domain_boom_tile_lsu_ldq__v2_bank_24_3,46,reg
ldut_tile_prci_domain_tile_reset_domain_boom_tile_lsu_ldq__v2_bank_24_4,51,reg
ldut_tile_prci_domain_tile_reset_domain_boom_tile_lsu_ldq__v2_bank_2_0,41,reg
ldut_tile_prci_domain_tile_reset_domain_boom_tile_lsu_ldq__v2_bank_3_0,24,reg
ldut_tile_prci_domain_tile_reset_domain_boom_tile_lsu_ldq__v2_bank_4_0,41,reg
ldut_tile_prci_domain_tile_reset_domain_boom_tile_lsu_ldq__v2_bank_5_0,41,reg
ldut_tile_prci_domain_tile_reset_domain_boom_tile_lsu_ldq__v2_bank_6_0,41,reg
ldut_tile_prci_domain_tile_reset_domain_boom_tile_lsu_ldq__v2_bank_7_0,41,reg
ldut_tile_prci_domain_tile_reset_domain_boom_tile_lsu_ldq__v2_bank_8_0,41,reg
ldut_tile_prci_domain_tile_reset_domain_boom_tile_lsu_ldq__v2_bank_9_0,41,reg
ldut_tile_prci_domain_tile_reset_domain_boom_tile_lsu_live_store_mask,24,reg
ldut_tile_prci_domain_tile_reset_domain_boom_tile_lsu_mem__v2_bank_0_2,48,reg
ldut_tile_prci_domain_tile_reset_domain_boom_tile_lsu_p1_block_load_mask_0,1,reg
ldut_tile_prci_domain_tile_reset_domain_boom_tile_lsu_p1_block_load_mask_1,1,reg
ldut_tile_prci_domain_tile_reset_domain_boom_tile_lsu_p1_block_load_mask_10,1,reg
ldut_tile_prci_domain_tile_reset_domain_boom_tile_lsu_p1_block_load_mask_11,1,reg
ldut_tile_prci_domain_tile_reset_domain_boom_tile_lsu_p1_block_load_mask_12,1,reg
ldut_tile_prci_domain_tile_reset_domain_boom_tile_lsu_p1_block_load_mask_13,1,reg
ldut_tile_prci_domain_tile_reset_domain_boom_tile_lsu_p1_block_load_mask_14,1,reg
ldut_tile_prci_domain_tile_reset_domain_boom_tile_lsu_p1_block_load_mask_15,1,reg
ldut_tile_prci_domain_tile_reset_domain_boom_tile_lsu_p1_block_load_mask_16,1,reg
ldut_tile_prci_domain_tile_reset_domain_boom_tile_lsu_p1_block_load_mask_17,1,reg
ldut_tile_prci_domain_tile_reset_domain_boom_tile_lsu_p1_block_load_mask_18,1,reg
ldut_tile_prci_domain_tile_reset_domain_boom_tile_lsu_p1_block_load_mask_19,1,reg
ldut_tile_prci_domain_tile_reset_domain_boom_tile_lsu_p1_block_load_mask_2,1,reg
ldut_tile_prci_domain_tile_reset_domain_boom_tile_lsu_p1_block_load_mask_20,1,reg
ldut_tile_prci_domain_tile_reset_domain_boom_tile_lsu_p1_block_load_mask_21,1,reg
ldut_tile_prci_domain_tile_reset_domain_boom_tile_lsu_p1_block_load_mask_22,1,reg
ldut_tile_prci_domain_tile_reset_domain_boom_tile_lsu_p1_block_load_mask_23,1,reg
ldut_tile_prci_domain_tile_reset_domain_boom_tile_lsu_p1_block_load_mask_3,1,reg
ldut_tile_prci_domain_tile_reset_domain_boom_tile_lsu_p1_block_load_mask_4,1,reg
ldut_tile_prci_domain_tile_reset_domain_boom_tile_lsu_p1_block_load_mask_5,1,reg
ldut_tile_prci_domain_tile_reset_domain_boom_tile_lsu_p1_block_load_mask_6,1,reg
ldut_tile_prci_domain_tile_reset_domain_boom_tile_lsu_p1_block_load_mask_7,1,reg
ldut_tile_prci_domain_tile_reset_domain_boom_tile_lsu_p1_block_load_mask_8,1,reg
ldut_tile_prci_domain_tile_reset_domain_boom_tile_lsu_p1_block_load_mask_9,1,reg
ldut_tile_prci_domain_tile_reset_domain_boom_tile_lsu_r_xcpt_badvaddr,40,reg
ldut_tile_prci_domain_tile_reset_domain_boom_tile_lsu_r_xcpt_cause,5,reg
ldut_tile_prci_domain_tile_reset_domain_boom_tile_lsu_r_xcpt_uop_br_mask,16,reg
ldut_tile_prci_domain_tile_reset_domain_boom_tile_lsu_r_xcpt_uop_rob_idx,7,reg
ldut_tile_prci_domain_tile_reset_domain_boom_tile_lsu_r_xcpt_valid,1,reg
ldut_tile_prci_domain_tile_reset_domain_boom_tile_lsu_stdf_clr_bsy_brmask,16,reg
ldut_tile_prci_domain_tile_reset_domain_boom_tile_lsu_stdf_clr_bsy_rob_idx,7,reg
ldut_tile_prci_domain_tile_reset_domain_boom_tile_lsu_stdf_clr_bsy_valid,1,reg
ldut_tile_prci_domain_tile_reset_domain_boom_tile_lsu_stq_0_bits_addr_bits,40,reg
ldut_tile_prci_domain_tile_reset_domain_boom_tile_lsu_stq_0_bits_addr_is_virtual,1,reg
ldut_tile_prci_domain_tile_reset_domain_boom_tile_lsu_stq_0_bits_data_bits,64,reg
ldut_tile_prci_domain_tile_reset_domain_boom_tile_lsu_stq_10_bits_addr_bits,40,reg
ldut_tile_prci_domain_tile_reset_domain_boom_tile_lsu_stq_10_bits_addr_is_virtual,1,reg
ldut_tile_prci_domain_tile_reset_domain_boom_tile_lsu_stq_10_bits_data_bits,64,reg
ldut_tile_prci_domain_tile_reset_domain_boom_tile_lsu_stq_11_bits_addr_bits,40,reg
ldut_tile_prci_domain_tile_reset_domain_boom_tile_lsu_stq_11_bits_addr_is_virtual,1,reg
ldut_tile_prci_domain_tile_reset_domain_boom_tile_lsu_stq_11_bits_data_bits,64,reg
ldut_tile_prci_domain_tile_reset_domain_boom_tile_lsu_stq_12_bits_addr_bits,40,reg
ldut_tile_prci_domain_tile_reset_domain_boom_tile_lsu_stq_12_bits_addr_is_virtual,1,reg
ldut_tile_prci_domain_tile_reset_domain_boom_tile_lsu_stq_12_bits_data_bits,64,reg
ldut_tile_prci_domain_tile_reset_domain_boom_tile_lsu_stq_13_bits_addr_bits,40,reg
ldut_tile_prci_domain_tile_reset_domain_boom_tile_lsu_stq_13_bits_addr_is_virtual,1,reg
ldut_tile_prci_domain_tile_reset_domain_boom_tile_lsu_stq_13_bits_data_bits,64,reg
ldut_tile_prci_domain_tile_reset_domain_boom_tile_lsu_stq_14_bits_addr_bits,40,reg
ldut_tile_prci_domain_tile_reset_domain_boom_tile_lsu_stq_14_bits_addr_is_virtual,1,reg
ldut_tile_prci_domain_tile_reset_domain_boom_tile_lsu_stq_14_bits_data_bits,64,reg
ldut_tile_prci_domain_tile_reset_domain_boom_tile_lsu_stq_15_bits_addr_bits,40,reg
ldut_tile_prci_domain_tile_reset_domain_boom_tile_lsu_stq_15_bits_addr_is_virtual,1,reg
ldut_tile_prci_domain_tile_reset_domain_boom_tile_lsu_stq_15_bits_data_bits,64,reg
ldut_tile_prci_domain_tile_reset_domain_boom_tile_lsu_stq_16_bits_addr_bits,40,reg
ldut_tile_prci_domain_tile_reset_domain_boom_tile_lsu_stq_16_bits_addr_is_virtual,1,reg
ldut_tile_prci_domain_tile_reset_domain_boom_tile_lsu_stq_16_bits_data_bits,64,reg
ldut_tile_prci_domain_tile_reset_domain_boom_tile_lsu_stq_17_bits_addr_bits,40,reg
ldut_tile_prci_domain_tile_reset_domain_boom_tile_lsu_stq_17_bits_addr_is_virtual,1,reg
ldut_tile_prci_domain_tile_reset_domain_boom_tile_lsu_stq_17_bits_data_bits,64,reg
ldut_tile_prci_domain_tile_reset_domain_boom_tile_lsu_stq_18_bits_addr_bits,40,reg
ldut_tile_prci_domain_tile_reset_domain_boom_tile_lsu_stq_18_bits_addr_is_virtual,1,reg
ldut_tile_prci_domain_tile_reset_domain_boom_tile_lsu_stq_18_bits_data_bits,64,reg
ldut_tile_prci_domain_tile_reset_domain_boom_tile_lsu_stq_19_bits_addr_bits,40,reg
ldut_tile_prci_domain_tile_reset_domain_boom_tile_lsu_stq_19_bits_addr_is_virtual,1,reg
ldut_tile_prci_domain_tile_reset_domain_boom_tile_lsu_stq_19_bits_data_bits,64,reg
ldut_tile_prci_domain_tile_reset_domain_boom_tile_lsu_stq_1_bits_addr_bits,40,reg
ldut_tile_prci_domain_tile_reset_domain_boom_tile_lsu_stq_1_bits_addr_is_virtual,1,reg
ldut_tile_prci_domain_tile_reset_domain_boom_tile_lsu_stq_1_bits_data_bits,64,reg
ldut_tile_prci_domain_tile_reset_domain_boom_tile_lsu_stq_20_bits_addr_bits,40,reg
ldut_tile_prci_domain_tile_reset_domain_boom_tile_lsu_stq_20_bits_addr_is_virtual,1,reg
ldut_tile_prci_domain_tile_reset_domain_boom_tile_lsu_stq_20_bits_data_bits,64,reg
ldut_tile_prci_domain_tile_reset_domain_boom_tile_lsu_stq_21_bits_addr_bits,40,reg
ldut_tile_prci_domain_tile_reset_domain_boom_tile_lsu_stq_21_bits_addr_is_virtual,1,reg
ldut_tile_prci_domain_tile_reset_domain_boom_tile_lsu_stq_21_bits_data_bits,64,reg
ldut_tile_prci_domain_tile_reset_domain_boom_tile_lsu_stq_22_bits_addr_bits,40,reg
ldut_tile_prci_domain_tile_reset_domain_boom_tile_lsu_stq_22_bits_addr_is_virtual,1,reg
ldut_tile_prci_domain_tile_reset_domain_boom_tile_lsu_stq_22_bits_data_bits,64,reg
ldut_tile_prci_domain_tile_reset_domain_boom_tile_lsu_stq_23_bits_addr_bits,40,reg
ldut_tile_prci_domain_tile_reset_domain_boom_tile_lsu_stq_23_bits_data_bits,64,reg
ldut_tile_prci_domain_tile_reset_domain_boom_tile_lsu_stq_2_bits_addr_bits,40,reg
ldut_tile_prci_domain_tile_reset_domain_boom_tile_lsu_stq_2_bits_addr_is_virtual,1,reg
ldut_tile_prci_domain_tile_reset_domain_boom_tile_lsu_stq_2_bits_data_bits,64,reg
ldut_tile_prci_domain_tile_reset_domain_boom_tile_lsu_stq_3_bits_addr_bits,40,reg
ldut_tile_prci_domain_tile_reset_domain_boom_tile_lsu_stq_3_bits_addr_is_virtual,1,reg
ldut_tile_prci_domain_tile_reset_domain_boom_tile_lsu_stq_3_bits_data_bits,64,reg
ldut_tile_prci_domain_tile_reset_domain_boom_tile_lsu_stq_4_bits_addr_bits,40,reg
ldut_tile_prci_domain_tile_reset_domain_boom_tile_lsu_stq_4_bits_addr_is_virtual,1,reg
ldut_tile_prci_domain_tile_reset_domain_boom_tile_lsu_stq_4_bits_data_bits,64,reg
ldut_tile_prci_domain_tile_reset_domain_boom_tile_lsu_stq_5_bits_addr_bits,40,reg
ldut_tile_prci_domain_tile_reset_domain_boom_tile_lsu_stq_5_bits_addr_is_virtual,1,reg
ldut_tile_prci_domain_tile_reset_domain_boom_tile_lsu_stq_5_bits_data_bits,64,reg
ldut_tile_prci_domain_tile_reset_domain_boom_tile_lsu_stq_6_bits_addr_bits,40,reg
ldut_tile_prci_domain_tile_reset_domain_boom_tile_lsu_stq_6_bits_addr_is_virtual,1,reg
ldut_tile_prci_domain_tile_reset_domain_boom_tile_lsu_stq_6_bits_data_bits,64,reg
ldut_tile_prci_domain_tile_reset_domain_boom_tile_lsu_stq_7_bits_addr_bits,40,reg
ldut_tile_prci_domain_tile_reset_domain_boom_tile_lsu_stq_7_bits_addr_is_virtual,1,reg
ldut_tile_prci_domain_tile_reset_domain_boom_tile_lsu_stq_7_bits_data_bits,64,reg
ldut_tile_prci_domain_tile_reset_domain_boom_tile_lsu_stq_8_bits_addr_bits,40,reg
ldut_tile_prci_domain_tile_reset_domain_boom_tile_lsu_stq_8_bits_addr_is_virtual,1,reg
ldut_tile_prci_domain_tile_reset_domain_boom_tile_lsu_stq_8_bits_data_bits,64,reg
ldut_tile_prci_domain_tile_reset_domain_boom_tile_lsu_stq_9_bits_addr_bits,40,reg
ldut_tile_prci_domain_tile_reset_domain_boom_tile_lsu_stq_9_bits_addr_is_virtual,1,reg
ldut_tile_prci_domain_tile_reset_domain_boom_tile_lsu_stq_9_bits_data_bits,64,reg
ldut_tile_prci_domain_tile_reset_domain_boom_tile_lsu_stq__v2_bank_0_0,59,reg
ldut_tile_prci_domain_tile_reset_domain_boom_tile_lsu_stq__v2_bank_0_1,58,reg
ldut_tile_prci_domain_tile_reset_domain_boom_tile_lsu_stq__v2_bank_0_10,58,reg
ldut_tile_prci_domain_tile_reset_domain_boom_tile_lsu_stq__v2_bank_0_11,58,reg
ldut_tile_prci_domain_tile_reset_domain_boom_tile_lsu_stq__v2_bank_0_12,58,reg
ldut_tile_prci_domain_tile_reset_domain_boom_tile_lsu_stq__v2_bank_0_13,58,reg
ldut_tile_prci_domain_tile_reset_domain_boom_tile_lsu_stq__v2_bank_0_14,58,reg
ldut_tile_prci_domain_tile_reset_domain_boom_tile_lsu_stq__v2_bank_0_15,58,reg
ldut_tile_prci_domain_tile_reset_domain_boom_tile_lsu_stq__v2_bank_0_16,58,reg
ldut_tile_prci_domain_tile_reset_domain_boom_tile_lsu_stq__v2_bank_0_17,58,reg
ldut_tile_prci_domain_tile_reset_domain_boom_tile_lsu_stq__v2_bank_0_18,58,reg
ldut_tile_prci_domain_tile_reset_domain_boom_tile_lsu_stq__v2_bank_0_19,58,reg
ldut_tile_prci_domain_tile_reset_domain_boom_tile_lsu_stq__v2_bank_0_2,58,reg
ldut_tile_prci_domain_tile_reset_domain_boom_tile_lsu_stq__v2_bank_0_20,58,reg
ldut_tile_prci_domain_tile_reset_domain_boom_tile_lsu_stq__v2_bank_0_21,58,reg
ldut_tile_prci_domain_tile_reset_domain_boom_tile_lsu_stq__v2_bank_0_22,58,reg
ldut_tile_prci_domain_tile_reset_domain_boom_tile_lsu_stq__v2_bank_0_23,63,reg
ldut_tile_prci_domain_tile_reset_domain_boom_tile_lsu_stq__v2_bank_0_24,15,reg
ldut_tile_prci_domain_tile_reset_domain_boom_tile_lsu_stq__v2_bank_0_3,58,reg
ldut_tile_prci_domain_tile_reset_domain_boom_tile_lsu_stq__v2_bank_0_4,58,reg
ldut_tile_prci_domain_tile_reset_domain_boom_tile_lsu_stq__v2_bank_0_5,58,reg
ldut_tile_prci_domain_tile_reset_domain_boom_tile_lsu_stq__v2_bank_0_6,58,reg
ldut_tile_prci_domain_tile_reset_domain_boom_tile_lsu_stq__v2_bank_0_7,58,reg
ldut_tile_prci_domain_tile_reset_domain_boom_tile_lsu_stq__v2_bank_0_8,58,reg
ldut_tile_prci_domain_tile_reset_domain_boom_tile_lsu_stq__v2_bank_0_9,58,reg
ldut_tile_prci_domain_tile_reset_domain_boom_tile_lsu_stq__v2_bank_1_0,48,reg
ldut_tile_prci_domain_tile_reset_domain_boom_tile_lsu_stq_tail,5,reg
ldut_tile_prci_domain_tile_reset_domain_boom_tile_lsu_wb_forward_ld_addr_0,40,reg
ldut_tile_prci_domain_tile_reset_domain_boom_tile_lsu_wb_forward_ldq_idx_0,5,reg
ldut_tile_prci_domain_tile_reset_domain_boom_tile_lsu_wb_forward_stq_idx_0,5,reg
ldut_tile_prci_domain_tile_reset_domain_boom_tile_lsu_wb_forward_valid_0,1,reg
ldut_tile_prci_domain_tile_reset_domain_boom_tile_ptw_count,2,reg
ldut_tile_prci_domain_tile_reset_domain_boom_tile_ptw_data__v2_bank_0_0,60,reg
ldut_tile_prci_domain_tile_reset_domain_boom_tile_ptw_data__v2_bank_0_1,60,reg
ldut_tile_prci_domain_tile_reset_domain_boom_tile_ptw_data__v2_bank_0_2,40,reg
ldut_tile_prci_domain_tile_reset_domain_boom_tile_ptw_l2_refill,1,reg
ldut_tile_prci_domain_tile_reset_domain_boom_tile_ptw_l2_tlb_ram_0_s1_rdata_addr_pipe_0,9,reg
ldut_tile_prci_domain_tile_reset_domain_boom_tile_ptw_r_pte_a,1,reg
ldut_tile_prci_domain_tile_reset_domain_boom_tile_ptw_r_pte_d,1,reg
ldut_tile_prci_domain_tile_reset_domain_boom_tile_ptw_r_pte_g,1,reg
ldut_tile_prci_domain_tile_reset_domain_boom_tile_ptw_r_pte_ppn,54,reg
ldut_tile_prci_domain_tile_reset_domain_boom_tile_ptw_r_pte_r,1,reg
ldut_tile_prci_domain_tile_reset_domain_boom_tile_ptw_r_pte_u,1,reg
ldut_tile_prci_domain_tile_reset_domain_boom_tile_ptw_r_pte_v,1,reg
ldut_tile_prci_domain_tile_reset_domain_boom_tile_ptw_r_pte_w,1,reg
ldut_tile_prci_domain_tile_reset_domain_boom_tile_ptw_r_pte_x,1,reg
ldut_tile_prci_domain_tile_reset_domain_boom_tile_ptw_r_req_addr,27,reg
ldut_tile_prci_domain_tile_reset_domain_boom_tile_ptw_resp_ae,1,reg
ldut_tile_prci_domain_tile_reset_domain_boom_tile_ptw_resp_valid_0,1,reg
ldut_tile_prci_domain_tile_reset_domain_boom_tile_ptw_resp_valid_1,1,reg
ldut_tile_prci_domain_tile_reset_domain_boom_tile_ptw_s1_valid,1,reg
ldut_tile_prci_domain_tile_reset_domain_boom_tile_ptw_state,3,reg
ldut_tile_prci_domain_tile_reset_domain_boom_tile_ptw_state_reg,7,reg
ldut_tile_prci_domain_tile_reset_domain_boom_tile_ptw_valid,8,reg
ldut_tile_prci_domain_tile_reset_domain_boom_tile_ptw_valid_1_0__w0,64,reg
ldut_tile_prci_domain_tile_reset_domain_boom_tile_ptw_valid_1_0__w1,64,reg
ldut_tile_prci_domain_tile_reset_domain_boom_tile_ptw_valid_1_0__w2,64,reg
ldut_tile_prci_domain_tile_reset_domain_boom_tile_ptw_valid_1_0__w3,64,reg
ldut_tile_prci_domain_tile_reset_domain_boom_tile_ptw_valid_1_0__w4,64,reg
ldut_tile_prci_domain_tile_reset_domain_boom_tile_ptw_valid_1_0__w5,64,reg
ldut_tile_prci_domain_tile_reset_domain_boom_tile_ptw_valid_1_0__w6,64,reg
ldut_tile_prci_domain_tile_reset_domain_boom_tile_ptw_valid_1_0__w7,64,reg
ldut_tile_prci_domain_tile_reset_domain_boom_tile_tlMasterXbar_beatsLeft,8,reg
ldut_tile_prci_domain_tile_reset_domain_boom_tile_tlMasterXbar_readys_mask,2,reg
ldut_tile_prci_domain_tile_reset_domain_boom_tile_tlMasterXbar_state_0,1,reg
ldut_tile_prci_domain_tile_reset_domain_boom_tile_tlMasterXbar_state_1,1,reg
ldut_reset_reg_reg,1,reg
mem_axi4buf_bundleIn_0_b_deq_maybe_full,1,reg
mem_axi4buf_bundleIn_0_b_deq_value,1,reg
mem_axi4buf_bundleIn_0_b_deq_value_1,1,reg
mem_axi4buf_bundleIn_0_r_deq_maybe_full,1,reg
mem_axi4buf_bundleIn_0_r_deq_value,1,reg
mem_axi4buf_bundleIn_0_r_deq_value_1,1,reg
mem_axi4buf_bundleOut_0_ar_deq_maybe_full,1,reg
mem_axi4buf_bundleOut_0_ar_deq_value,1,reg
mem_axi4buf_bundleOut_0_ar_deq_value_1,1,reg
mem_axi4buf_bundleOut_0_aw_deq_maybe_full,1,reg
mem_axi4buf_bundleOut_0_aw_deq_value_1,1,reg
mem_axi4buf_bundleOut_0_w_deq_maybe_full,1,reg
mem_axi4buf_bundleOut_0_w_deq_value,1,reg
mem_axi4frag_busy,1,reg
mem_axi4frag_busy_1,1,reg
mem_axi4frag_deq_maybe_full,1,reg
mem_axi4frag_deq_ram__v2_bank_0_0,49,reg
mem_axi4frag_deq_1_maybe_full,1,reg
mem_axi4frag_deq_1_ram__v2_bank_0_0,49,reg
mem_axi4frag_in_w_deq_maybe_full,1,reg
mem_axi4frag_in_w_deq_ram_data,64,reg
mem_axi4frag_in_w_deq_ram_strb,8,reg
mem_axi4frag_r_addr,32,reg
mem_axi4frag_r_addr_1,32,reg
mem_axi4frag_r_len,8,reg
mem_axi4frag_r_len_1,8,reg
mem_axi4frag_w_counter,9,reg
mem_axi4frag_wbeats_latched,1,reg
mem_srams_r_full,1,reg
mem_srams_w_full,1,reg
mmio_mem_axi4buf_bundleIn_0_b_deq_maybe_full,1,reg
mmio_mem_axi4buf_bundleIn_0_b_deq_value,1,reg
mmio_mem_axi4buf_bundleIn_0_b_deq_value_1,1,reg
mmio_mem_axi4buf_bundleIn_0_r_deq_maybe_full,1,reg
mmio_mem_axi4buf_bundleIn_0_r_deq_value,1,reg
mmio_mem_axi4buf_bundleIn_0_r_deq_value_1,1,reg
mmio_mem_axi4buf_bundleOut_0_ar_deq_maybe_full,1,reg
mmio_mem_axi4buf_bundleOut_0_ar_deq_value,1,reg
mmio_mem_axi4buf_bundleOut_0_ar_deq_value_1,1,reg
mmio_mem_axi4buf_bundleOut_0_aw_deq_maybe_full,1,reg
mmio_mem_axi4buf_bundleOut_0_aw_deq_value_1,1,reg
mmio_mem_axi4buf_bundleOut_0_w_deq_maybe_full,1,reg
mmio_mem_axi4buf_bundleOut_0_w_deq_value_1,1,reg
mmio_mem_axi4frag_busy,1,reg
mmio_mem_axi4frag_busy_1,1,reg
mmio_mem_axi4frag_deq_maybe_full,1,reg
mmio_mem_axi4frag_deq_ram__v2_bank_0_0,48,reg
mmio_mem_axi4frag_deq_1_maybe_full,1,reg
mmio_mem_axi4frag_deq_1_ram__v2_bank_0_0,48,reg
mmio_mem_axi4frag_in_w_deq_maybe_full,1,reg
mmio_mem_axi4frag_in_w_deq_ram_data,64,reg
mmio_mem_axi4frag_in_w_deq_ram_strb,8,reg
mmio_mem_axi4frag_r_addr,31,reg
mmio_mem_axi4frag_r_addr_1,31,reg
mmio_mem_axi4frag_r_len,8,reg
mmio_mem_axi4frag_r_len_1,8,reg
mmio_mem_axi4frag_w_counter,9,reg
mmio_mem_axi4frag_wbeats_latched,1,reg
mmio_mem_srams_r_full,1,reg
mmio_mem_srams_r_id,4,reg
mmio_mem_srams_w_echo_real_last,1,reg
mmio_mem_srams_w_full,1,reg
ldut_subsystem_fbus_coupler_from_port_named_slave_port_axi4_axi4yank_QueueCompatibility$$inst_ram_extra_id_io_deq_bits_MPORT,7,comb
ldut_subsystem_fbus_coupler_from_port_named_slave_port_axi4_axi4yank_QueueCompatibility$$inst_ram_real_last_io_deq_bits_MPORT,1,comb
ldut_subsystem_fbus_coupler_from_port_named_slave_port_axi4_axi4yank_QueueCompatibility_1_ram_extra_id_io_deq_bits_MPORT,7,comb
ldut_subsystem_fbus_coupler_from_port_named_slave_port_axi4_axi4yank_QueueCompatibility_1_ram_real_last_io_deq_bits_MPORT,1,comb
ldut_subsystem_fbus_coupler_from_port_named_slave_port_axi4_axi4yank_QueueCompatibility_2$$inst_ram_extra_id_io_deq_bits_MPORT,7,comb
ldut_subsystem_fbus_coupler_from_port_named_slave_port_axi4_axi4yank_QueueCompatibility_2$$inst_ram_real_last_io_deq_bits_MPORT,1,comb
ldut_subsystem_fbus_coupler_from_port_named_slave_port_axi4_axi4yank_QueueCompatibility_3_ram_extra_id_io_deq_bits_MPORT,7,comb
ldut_subsystem_fbus_coupler_from_port_named_slave_port_axi4_axi4yank_QueueCompatibility_3_ram_real_last_io_deq_bits_MPORT,1,comb
ldut_subsystem_fbus_coupler_from_port_named_slave_port_axi4_buffer_bundleIn_0_d_q_ram_corrupt_io_deq_bits_MPORT,1,comb
ldut_subsystem_fbus_coupler_from_port_named_slave_port_axi4_buffer_bundleIn_0_d_q_ram_data_io_deq_bits_MPORT,64,comb
ldut_subsystem_fbus_coupler_from_port_named_slave_port_axi4_buffer_bundleIn_0_d_q_ram_denied_io_deq_bits_MPORT,1,comb
ldut_subsystem_fbus_coupler_from_port_named_slave_port_axi4_buffer_bundleIn_0_d_q_ram_opcode_io_deq_bits_MPORT,3,comb
ldut_subsystem_fbus_coupler_from_port_named_slave_port_axi4_buffer_bundleIn_0_d_q_ram_param_io_deq_bits_MPORT,2,comb
ldut_subsystem_fbus_coupler_from_port_named_slave_port_axi4_buffer_bundleIn_0_d_q_ram_sink_io_deq_bits_MPORT,2,comb
ldut_subsystem_fbus_coupler_from_port_named_slave_port_axi4_buffer_bundleIn_0_d_q_ram_size_io_deq_bits_MPORT,4,comb
ldut_subsystem_fbus_coupler_from_port_named_slave_port_axi4_buffer_bundleIn_0_d_q_ram_source_io_deq_bits_MPORT,4,comb
ldut_subsystem_fbus_coupler_from_port_named_slave_port_axi4_buffer_bundleOut_0_a_q_ram_address_io_deq_bits_MPORT,32,comb
ldut_subsystem_fbus_coupler_from_port_named_slave_port_axi4_buffer_bundleOut_0_a_q_ram_corrupt_io_deq_bits_MPORT,1,comb
ldut_subsystem_fbus_coupler_from_port_named_slave_port_axi4_buffer_bundleOut_0_a_q_ram_data_io_deq_bits_MPORT,64,comb
ldut_subsystem_fbus_coupler_from_port_named_slave_port_axi4_buffer_bundleOut_0_a_q_ram_mask_io_deq_bits_MPORT,8,comb
ldut_subsystem_fbus_coupler_from_port_named_slave_port_axi4_buffer_bundleOut_0_a_q_ram_opcode_io_deq_bits_MPORT,3,comb
ldut_subsystem_fbus_coupler_from_port_named_slave_port_axi4_buffer_bundleOut_0_a_q_ram_param_io_deq_bits_MPORT,3,comb
ldut_subsystem_fbus_coupler_from_port_named_slave_port_axi4_buffer_bundleOut_0_a_q_ram_size_io_deq_bits_MPORT,4,comb
ldut_subsystem_fbus_coupler_from_port_named_slave_port_axi4_buffer_bundleOut_0_a_q_ram_source_io_deq_bits_MPORT,4,comb
ldut_subsystem_fbus_coupler_from_port_named_slave_port_axi4_buffer_bundleOut_0_a_q_ram_user_amba_prot_bufferable_io_deq_bits_MPORT,1,comb
ldut_subsystem_fbus_coupler_from_port_named_slave_port_axi4_buffer_bundleOut_0_a_q_ram_user_amba_prot_fetch_io_deq_bits_MPORT,1,comb
ldut_subsystem_fbus_coupler_from_port_named_slave_port_axi4_buffer_bundleOut_0_a_q_ram_user_amba_prot_modifiable_io_deq_bits_MPORT,1,comb
ldut_subsystem_fbus_coupler_from_port_named_slave_port_axi4_buffer_bundleOut_0_a_q_ram_user_amba_prot_privileged_io_deq_bits_MPORT,1,comb
ldut_subsystem_fbus_coupler_from_port_named_slave_port_axi4_buffer_bundleOut_0_a_q_ram_user_amba_prot_readalloc_io_deq_bits_MPORT,1,comb
ldut_subsystem_fbus_coupler_from_port_named_slave_port_axi4_buffer_bundleOut_0_a_q_ram_user_amba_prot_secure_io_deq_bits_MPORT,1,comb
ldut_subsystem_fbus_coupler_from_port_named_slave_port_axi4_buffer_bundleOut_0_a_q_ram_user_amba_prot_writealloc_io_deq_bits_MPORT,1,comb
ldut_subsystem_mbus_coupler_to_memory_controller_port_named_axi4_axi4yank_QueueCompatibility$$inst_ram_extra_id_io_deq_bits_MPORT,3,comb
ldut_subsystem_mbus_coupler_to_memory_controller_port_named_axi4_axi4yank_QueueCompatibility$$inst_ram_tl_state_size_io_deq_bits_MPORT,4,comb
ldut_subsystem_mbus_coupler_to_memory_controller_port_named_axi4_axi4yank_QueueCompatibility$$inst_ram_tl_state_source_io_deq_bits_MPORT,7,comb
ldut_subsystem_mbus_coupler_to_memory_controller_port_named_axi4_axi4yank_QueueCompatibility_1_ram_extra_id_io_deq_bits_MPORT,3,comb
ldut_subsystem_mbus_coupler_to_memory_controller_port_named_axi4_axi4yank_QueueCompatibility_1_ram_tl_state_size_io_deq_bits_MPORT,4,comb
ldut_subsystem_mbus_coupler_to_memory_controller_port_named_axi4_axi4yank_QueueCompatibility_1_ram_tl_state_source_io_deq_bits_MPORT,7,comb
ldut_subsystem_mbus_coupler_to_memory_controller_port_named_axi4_axi4yank_QueueCompatibility_10_ram_extra_id_io_deq_bits_MPORT,3,comb
ldut_subsystem_mbus_coupler_to_memory_controller_port_named_axi4_axi4yank_QueueCompatibility_10_ram_tl_state_size_io_deq_bits_MPORT,4,comb
ldut_subsystem_mbus_coupler_to_memory_controller_port_named_axi4_axi4yank_QueueCompatibility_10_ram_tl_state_source_io_deq_bits_MPORT,7,comb
ldut_subsystem_mbus_coupler_to_memory_controller_port_named_axi4_axi4yank_QueueCompatibility_11_ram_extra_id_io_deq_bits_MPORT,3,comb
ldut_subsystem_mbus_coupler_to_memory_controller_port_named_axi4_axi4yank_QueueCompatibility_11_ram_tl_state_size_io_deq_bits_MPORT,4,comb
ldut_subsystem_mbus_coupler_to_memory_controller_port_named_axi4_axi4yank_QueueCompatibility_11_ram_tl_state_source_io_deq_bits_MPORT,7,comb
ldut_subsystem_mbus_coupler_to_memory_controller_port_named_axi4_axi4yank_QueueCompatibility_12_ram_extra_id_io_deq_bits_MPORT,3,comb
ldut_subsystem_mbus_coupler_to_memory_controller_port_named_axi4_axi4yank_QueueCompatibility_12_ram_tl_state_size_io_deq_bits_MPORT,4,comb
ldut_subsystem_mbus_coupler_to_memory_controller_port_named_axi4_axi4yank_QueueCompatibility_12_ram_tl_state_source_io_deq_bits_MPORT,7,comb
ldut_subsystem_mbus_coupler_to_memory_controller_port_named_axi4_axi4yank_QueueCompatibility_13_ram_extra_id_io_deq_bits_MPORT,3,comb
ldut_subsystem_mbus_coupler_to_memory_controller_port_named_axi4_axi4yank_QueueCompatibility_13_ram_tl_state_size_io_deq_bits_MPORT,4,comb
ldut_subsystem_mbus_coupler_to_memory_controller_port_named_axi4_axi4yank_QueueCompatibility_13_ram_tl_state_source_io_deq_bits_MPORT,7,comb
ldut_subsystem_mbus_coupler_to_memory_controller_port_named_axi4_axi4yank_QueueCompatibility_14_ram_extra_id_io_deq_bits_MPORT,3,comb
ldut_subsystem_mbus_coupler_to_memory_controller_port_named_axi4_axi4yank_QueueCompatibility_14_ram_tl_state_size_io_deq_bits_MPORT,4,comb
ldut_subsystem_mbus_coupler_to_memory_controller_port_named_axi4_axi4yank_QueueCompatibility_14_ram_tl_state_source_io_deq_bits_MPORT,7,comb
ldut_subsystem_mbus_coupler_to_memory_controller_port_named_axi4_axi4yank_QueueCompatibility_15_ram_extra_id_io_deq_bits_MPORT,3,comb
ldut_subsystem_mbus_coupler_to_memory_controller_port_named_axi4_axi4yank_QueueCompatibility_15_ram_tl_state_size_io_deq_bits_MPORT,4,comb
ldut_subsystem_mbus_coupler_to_memory_controller_port_named_axi4_axi4yank_QueueCompatibility_15_ram_tl_state_source_io_deq_bits_MPORT,7,comb
ldut_subsystem_mbus_coupler_to_memory_controller_port_named_axi4_axi4yank_QueueCompatibility_16_ram_extra_id_io_deq_bits_MPORT,3,comb
ldut_subsystem_mbus_coupler_to_memory_controller_port_named_axi4_axi4yank_QueueCompatibility_16_ram_tl_state_size_io_deq_bits_MPORT,4,comb
ldut_subsystem_mbus_coupler_to_memory_controller_port_named_axi4_axi4yank_QueueCompatibility_16_ram_tl_state_source_io_deq_bits_MPORT,7,comb
ldut_subsystem_mbus_coupler_to_memory_controller_port_named_axi4_axi4yank_QueueCompatibility_17_ram_extra_id_io_deq_bits_MPORT,3,comb
ldut_subsystem_mbus_coupler_to_memory_controller_port_named_axi4_axi4yank_QueueCompatibility_17_ram_tl_state_size_io_deq_bits_MPORT,4,comb
ldut_subsystem_mbus_coupler_to_memory_controller_port_named_axi4_axi4yank_QueueCompatibility_17_ram_tl_state_source_io_deq_bits_MPORT,7,comb
ldut_subsystem_mbus_coupler_to_memory_controller_port_named_axi4_axi4yank_QueueCompatibility_18$$inst_ram_extra_id_io_deq_bits_MPORT,3,comb
ldut_subsystem_mbus_coupler_to_memory_controller_port_named_axi4_axi4yank_QueueCompatibility_18$$inst_ram_tl_state_size_io_deq_bits_MPORT,4,comb
ldut_subsystem_mbus_coupler_to_memory_controller_port_named_axi4_axi4yank_QueueCompatibility_18$$inst_ram_tl_state_source_io_deq_bits_MPORT,7,comb
ldut_subsystem_mbus_coupler_to_memory_controller_port_named_axi4_axi4yank_QueueCompatibility_19_ram_extra_id_io_deq_bits_MPORT,3,comb
ldut_subsystem_mbus_coupler_to_memory_controller_port_named_axi4_axi4yank_QueueCompatibility_19_ram_tl_state_size_io_deq_bits_MPORT,4,comb
ldut_subsystem_mbus_coupler_to_memory_controller_port_named_axi4_axi4yank_QueueCompatibility_19_ram_tl_state_source_io_deq_bits_MPORT,7,comb
ldut_subsystem_mbus_coupler_to_memory_controller_port_named_axi4_axi4yank_QueueCompatibility_2$$inst_ram_extra_id_io_deq_bits_MPORT,3,comb
ldut_subsystem_mbus_coupler_to_memory_controller_port_named_axi4_axi4yank_QueueCompatibility_2$$inst_ram_tl_state_size_io_deq_bits_MPORT,4,comb
ldut_subsystem_mbus_coupler_to_memory_controller_port_named_axi4_axi4yank_QueueCompatibility_2$$inst_ram_tl_state_source_io_deq_bits_MPORT,7,comb
ldut_subsystem_mbus_coupler_to_memory_controller_port_named_axi4_axi4yank_QueueCompatibility_20_ram_extra_id_io_deq_bits_MPORT,3,comb
ldut_subsystem_mbus_coupler_to_memory_controller_port_named_axi4_axi4yank_QueueCompatibility_20_ram_tl_state_size_io_deq_bits_MPORT,4,comb
ldut_subsystem_mbus_coupler_to_memory_controller_port_named_axi4_axi4yank_QueueCompatibility_20_ram_tl_state_source_io_deq_bits_MPORT,7,comb
ldut_subsystem_mbus_coupler_to_memory_controller_port_named_axi4_axi4yank_QueueCompatibility_21_ram_extra_id_io_deq_bits_MPORT,3,comb
ldut_subsystem_mbus_coupler_to_memory_controller_port_named_axi4_axi4yank_QueueCompatibility_21_ram_tl_state_size_io_deq_bits_MPORT,4,comb
ldut_subsystem_mbus_coupler_to_memory_controller_port_named_axi4_axi4yank_QueueCompatibility_21_ram_tl_state_source_io_deq_bits_MPORT,7,comb
ldut_subsystem_mbus_coupler_to_memory_controller_port_named_axi4_axi4yank_QueueCompatibility_22$$inst_ram_extra_id_io_deq_bits_MPORT,3,comb
ldut_subsystem_mbus_coupler_to_memory_controller_port_named_axi4_axi4yank_QueueCompatibility_22$$inst_ram_tl_state_size_io_deq_bits_MPORT,4,comb
ldut_subsystem_mbus_coupler_to_memory_controller_port_named_axi4_axi4yank_QueueCompatibility_22$$inst_ram_tl_state_source_io_deq_bits_MPORT,7,comb
ldut_subsystem_mbus_coupler_to_memory_controller_port_named_axi4_axi4yank_QueueCompatibility_23_ram_extra_id_io_deq_bits_MPORT,3,comb
ldut_subsystem_mbus_coupler_to_memory_controller_port_named_axi4_axi4yank_QueueCompatibility_23_ram_tl_state_size_io_deq_bits_MPORT,4,comb
ldut_subsystem_mbus_coupler_to_memory_controller_port_named_axi4_axi4yank_QueueCompatibility_23_ram_tl_state_source_io_deq_bits_MPORT,7,comb
ldut_subsystem_mbus_coupler_to_memory_controller_port_named_axi4_axi4yank_QueueCompatibility_24_ram_extra_id_io_deq_bits_MPORT,3,comb
ldut_subsystem_mbus_coupler_to_memory_controller_port_named_axi4_axi4yank_QueueCompatibility_24_ram_tl_state_size_io_deq_bits_MPORT,4,comb
ldut_subsystem_mbus_coupler_to_memory_controller_port_named_axi4_axi4yank_QueueCompatibility_24_ram_tl_state_source_io_deq_bits_MPORT,7,comb
ldut_subsystem_mbus_coupler_to_memory_controller_port_named_axi4_axi4yank_QueueCompatibility_25_ram_extra_id_io_deq_bits_MPORT,3,comb
ldut_subsystem_mbus_coupler_to_memory_controller_port_named_axi4_axi4yank_QueueCompatibility_25_ram_tl_state_size_io_deq_bits_MPORT,4,comb
ldut_subsystem_mbus_coupler_to_memory_controller_port_named_axi4_axi4yank_QueueCompatibility_25_ram_tl_state_source_io_deq_bits_MPORT,7,comb
ldut_subsystem_mbus_coupler_to_memory_controller_port_named_axi4_axi4yank_QueueCompatibility_26_ram_extra_id_io_deq_bits_MPORT,3,comb
ldut_subsystem_mbus_coupler_to_memory_controller_port_named_axi4_axi4yank_QueueCompatibility_26_ram_tl_state_size_io_deq_bits_MPORT,4,comb
ldut_subsystem_mbus_coupler_to_memory_controller_port_named_axi4_axi4yank_QueueCompatibility_26_ram_tl_state_source_io_deq_bits_MPORT,7,comb
ldut_subsystem_mbus_coupler_to_memory_controller_port_named_axi4_axi4yank_QueueCompatibility_27_ram_extra_id_io_deq_bits_MPORT,3,comb
ldut_subsystem_mbus_coupler_to_memory_controller_port_named_axi4_axi4yank_QueueCompatibility_27_ram_tl_state_size_io_deq_bits_MPORT,4,comb
ldut_subsystem_mbus_coupler_to_memory_controller_port_named_axi4_axi4yank_QueueCompatibility_27_ram_tl_state_source_io_deq_bits_MPORT,7,comb
ldut_subsystem_mbus_coupler_to_memory_controller_port_named_axi4_axi4yank_QueueCompatibility_28_ram_extra_id_io_deq_bits_MPORT,3,comb
ldut_subsystem_mbus_coupler_to_memory_controller_port_named_axi4_axi4yank_QueueCompatibility_28_ram_tl_state_size_io_deq_bits_MPORT,4,comb
ldut_subsystem_mbus_coupler_to_memory_controller_port_named_axi4_axi4yank_QueueCompatibility_28_ram_tl_state_source_io_deq_bits_MPORT,7,comb
ldut_subsystem_mbus_coupler_to_memory_controller_port_named_axi4_axi4yank_QueueCompatibility_29_ram_extra_id_io_deq_bits_MPORT,3,comb
ldut_subsystem_mbus_coupler_to_memory_controller_port_named_axi4_axi4yank_QueueCompatibility_29_ram_tl_state_size_io_deq_bits_MPORT,4,comb
ldut_subsystem_mbus_coupler_to_memory_controller_port_named_axi4_axi4yank_QueueCompatibility_29_ram_tl_state_source_io_deq_bits_MPORT,7,comb
ldut_subsystem_mbus_coupler_to_memory_controller_port_named_axi4_axi4yank_QueueCompatibility_3_ram_extra_id_io_deq_bits_MPORT,3,comb
ldut_subsystem_mbus_coupler_to_memory_controller_port_named_axi4_axi4yank_QueueCompatibility_3_ram_tl_state_size_io_deq_bits_MPORT,4,comb
ldut_subsystem_mbus_coupler_to_memory_controller_port_named_axi4_axi4yank_QueueCompatibility_3_ram_tl_state_source_io_deq_bits_MPORT,7,comb
ldut_subsystem_mbus_coupler_to_memory_controller_port_named_axi4_axi4yank_QueueCompatibility_30_ram_extra_id_io_deq_bits_MPORT,3,comb
ldut_subsystem_mbus_coupler_to_memory_controller_port_named_axi4_axi4yank_QueueCompatibility_30_ram_tl_state_size_io_deq_bits_MPORT,4,comb
ldut_subsystem_mbus_coupler_to_memory_controller_port_named_axi4_axi4yank_QueueCompatibility_30_ram_tl_state_source_io_deq_bits_MPORT,7,comb
ldut_subsystem_mbus_coupler_to_memory_controller_port_named_axi4_axi4yank_QueueCompatibility_31_ram_extra_id_io_deq_bits_MPORT,3,comb
ldut_subsystem_mbus_coupler_to_memory_controller_port_named_axi4_axi4yank_QueueCompatibility_31_ram_tl_state_size_io_deq_bits_MPORT,4,comb
ldut_subsystem_mbus_coupler_to_memory_controller_port_named_axi4_axi4yank_QueueCompatibility_31_ram_tl_state_source_io_deq_bits_MPORT,7,comb
ldut_subsystem_mbus_coupler_to_memory_controller_port_named_axi4_axi4yank_QueueCompatibility_4_ram_extra_id_io_deq_bits_MPORT,3,comb
ldut_subsystem_mbus_coupler_to_memory_controller_port_named_axi4_axi4yank_QueueCompatibility_4_ram_tl_state_size_io_deq_bits_MPORT,4,comb
ldut_subsystem_mbus_coupler_to_memory_controller_port_named_axi4_axi4yank_QueueCompatibility_4_ram_tl_state_source_io_deq_bits_MPORT,7,comb
ldut_subsystem_mbus_coupler_to_memory_controller_port_named_axi4_axi4yank_QueueCompatibility_5_ram_extra_id_io_deq_bits_MPORT,3,comb
ldut_subsystem_mbus_coupler_to_memory_controller_port_named_axi4_axi4yank_QueueCompatibility_5_ram_tl_state_size_io_deq_bits_MPORT,4,comb
ldut_subsystem_mbus_coupler_to_memory_controller_port_named_axi4_axi4yank_QueueCompatibility_5_ram_tl_state_source_io_deq_bits_MPORT,7,comb
ldut_subsystem_mbus_coupler_to_memory_controller_port_named_axi4_axi4yank_QueueCompatibility_6_ram_extra_id_io_deq_bits_MPORT,3,comb
ldut_subsystem_mbus_coupler_to_memory_controller_port_named_axi4_axi4yank_QueueCompatibility_6_ram_tl_state_size_io_deq_bits_MPORT,4,comb
ldut_subsystem_mbus_coupler_to_memory_controller_port_named_axi4_axi4yank_QueueCompatibility_6_ram_tl_state_source_io_deq_bits_MPORT,7,comb
ldut_subsystem_mbus_coupler_to_memory_controller_port_named_axi4_axi4yank_QueueCompatibility_7_ram_extra_id_io_deq_bits_MPORT,3,comb
ldut_subsystem_mbus_coupler_to_memory_controller_port_named_axi4_axi4yank_QueueCompatibility_7_ram_tl_state_size_io_deq_bits_MPORT,4,comb
ldut_subsystem_mbus_coupler_to_memory_controller_port_named_axi4_axi4yank_QueueCompatibility_7_ram_tl_state_source_io_deq_bits_MPORT,7,comb
ldut_subsystem_mbus_coupler_to_memory_controller_port_named_axi4_axi4yank_QueueCompatibility_8_ram_extra_id_io_deq_bits_MPORT,3,comb
ldut_subsystem_mbus_coupler_to_memory_controller_port_named_axi4_axi4yank_QueueCompatibility_8_ram_tl_state_size_io_deq_bits_MPORT,4,comb
ldut_subsystem_mbus_coupler_to_memory_controller_port_named_axi4_axi4yank_QueueCompatibility_8_ram_tl_state_source_io_deq_bits_MPORT,7,comb
ldut_subsystem_mbus_coupler_to_memory_controller_port_named_axi4_axi4yank_QueueCompatibility_9_ram_extra_id_io_deq_bits_MPORT,3,comb
ldut_subsystem_mbus_coupler_to_memory_controller_port_named_axi4_axi4yank_QueueCompatibility_9_ram_tl_state_size_io_deq_bits_MPORT,4,comb
ldut_subsystem_mbus_coupler_to_memory_controller_port_named_axi4_axi4yank_QueueCompatibility_9_ram_tl_state_source_io_deq_bits_MPORT,7,comb
ldut_subsystem_mbus_coupler_to_memory_controller_port_named_axi4_tl2axi4__GEN_257,1,comb
ldut_subsystem_sbus_coupler_to_port_named_mmio_port_axi4_axi4buf_bundleIn_0_b_deq_ram_id_io_deq_bits_MPORT,4,comb
ldut_subsystem_sbus_coupler_to_port_named_mmio_port_axi4_axi4buf_bundleIn_0_b_deq_ram_resp_io_deq_bits_MPORT,2,comb
ldut_subsystem_sbus_coupler_to_port_named_mmio_port_axi4_axi4buf_bundleIn_0_r_deq_ram_data_io_deq_bits_MPORT,64,comb
ldut_subsystem_sbus_coupler_to_port_named_mmio_port_axi4_axi4buf_bundleIn_0_r_deq_ram_id_io_deq_bits_MPORT,4,comb
ldut_subsystem_sbus_coupler_to_port_named_mmio_port_axi4_axi4buf_bundleIn_0_r_deq_ram_last_io_deq_bits_MPORT,1,comb
ldut_subsystem_sbus_coupler_to_port_named_mmio_port_axi4_axi4buf_bundleIn_0_r_deq_ram_resp_io_deq_bits_MPORT,2,comb
ldut_subsystem_sbus_coupler_to_port_named_mmio_port_axi4_axi4buf_bundleOut_0_ar_deq_ram_addr_io_deq_bits_MPORT,31,comb
ldut_subsystem_sbus_coupler_to_port_named_mmio_port_axi4_axi4buf_bundleOut_0_ar_deq_ram_burst_io_deq_bits_MPORT,2,comb
ldut_subsystem_sbus_coupler_to_port_named_mmio_port_axi4_axi4buf_bundleOut_0_ar_deq_ram_cache_io_deq_bits_MPORT,4,comb
ldut_subsystem_sbus_coupler_to_port_named_mmio_port_axi4_axi4buf_bundleOut_0_ar_deq_ram_id_io_deq_bits_MPORT,4,comb
ldut_subsystem_sbus_coupler_to_port_named_mmio_port_axi4_axi4buf_bundleOut_0_ar_deq_ram_len_io_deq_bits_MPORT,8,comb
ldut_subsystem_sbus_coupler_to_port_named_mmio_port_axi4_axi4buf_bundleOut_0_ar_deq_ram_lock_io_deq_bits_MPORT,1,comb
ldut_subsystem_sbus_coupler_to_port_named_mmio_port_axi4_axi4buf_bundleOut_0_ar_deq_ram_prot_io_deq_bits_MPORT,3,comb
ldut_subsystem_sbus_coupler_to_port_named_mmio_port_axi4_axi4buf_bundleOut_0_ar_deq_ram_qos_io_deq_bits_MPORT,4,comb
ldut_subsystem_sbus_coupler_to_port_named_mmio_port_axi4_axi4buf_bundleOut_0_ar_deq_ram_size_io_deq_bits_MPORT,3,comb
ldut_subsystem_sbus_coupler_to_port_named_mmio_port_axi4_axi4buf_bundleOut_0_aw_deq_ram_addr_io_deq_bits_MPORT,31,comb
ldut_subsystem_sbus_coupler_to_port_named_mmio_port_axi4_axi4buf_bundleOut_0_aw_deq_ram_burst_io_deq_bits_MPORT,2,comb
ldut_subsystem_sbus_coupler_to_port_named_mmio_port_axi4_axi4buf_bundleOut_0_aw_deq_ram_cache_io_deq_bits_MPORT,4,comb
ldut_subsystem_sbus_coupler_to_port_named_mmio_port_axi4_axi4buf_bundleOut_0_aw_deq_ram_id_io_deq_bits_MPORT,4,comb
ldut_subsystem_sbus_coupler_to_port_named_mmio_port_axi4_axi4buf_bundleOut_0_aw_deq_ram_len_io_deq_bits_MPORT,8,comb
ldut_subsystem_sbus_coupler_to_port_named_mmio_port_axi4_axi4buf_bundleOut_0_aw_deq_ram_lock_io_deq_bits_MPORT,1,comb
ldut_subsystem_sbus_coupler_to_port_named_mmio_port_axi4_axi4buf_bundleOut_0_aw_deq_ram_prot_io_deq_bits_MPORT,3,comb
ldut_subsystem_sbus_coupler_to_port_named_mmio_port_axi4_axi4buf_bundleOut_0_aw_deq_ram_qos_io_deq_bits_MPORT,4,comb
ldut_subsystem_sbus_coupler_to_port_named_mmio_port_axi4_axi4buf_bundleOut_0_aw_deq_ram_size_io_deq_bits_MPORT,3,comb
ldut_subsystem_sbus_coupler_to_port_named_mmio_port_axi4_axi4buf_bundleOut_0_w_deq_ram_data_io_deq_bits_MPORT,64,comb
ldut_subsystem_sbus_coupler_to_port_named_mmio_port_axi4_axi4buf_bundleOut_0_w_deq_ram_last_io_deq_bits_MPORT,1,comb
ldut_subsystem_sbus_coupler_to_port_named_mmio_port_axi4_axi4buf_bundleOut_0_w_deq_ram_strb_io_deq_bits_MPORT,8,comb
ldut_subsystem_sbus_coupler_to_port_named_mmio_port_axi4_axi4deint_qs_queue_0_ram_data_io_deq_bits_MPORT,64,comb
ldut_subsystem_sbus_coupler_to_port_named_mmio_port_axi4_axi4deint_qs_queue_0_ram_echo_tl_state_size_io_deq_bits_MPORT,4,comb
ldut_subsystem_sbus_coupler_to_port_named_mmio_port_axi4_axi4deint_qs_queue_0_ram_echo_tl_state_source_io_deq_bits_MPORT,5,comb
ldut_subsystem_sbus_coupler_to_port_named_mmio_port_axi4_axi4deint_qs_queue_0_ram_id_io_deq_bits_MPORT,4,comb
ldut_subsystem_sbus_coupler_to_port_named_mmio_port_axi4_axi4deint_qs_queue_0_ram_last_io_deq_bits_MPORT,1,comb
ldut_subsystem_sbus_coupler_to_port_named_mmio_port_axi4_axi4deint_qs_queue_0_ram_resp_io_deq_bits_MPORT,2,comb
ldut_subsystem_sbus_coupler_to_port_named_mmio_port_axi4_axi4deint_qs_queue_1_ram_data_io_deq_bits_MPORT,64,comb
ldut_subsystem_sbus_coupler_to_port_named_mmio_port_axi4_axi4deint_qs_queue_1_ram_echo_tl_state_size_io_deq_bits_MPORT,4,comb
ldut_subsystem_sbus_coupler_to_port_named_mmio_port_axi4_axi4deint_qs_queue_1_ram_echo_tl_state_source_io_deq_bits_MPORT,5,comb
ldut_subsystem_sbus_coupler_to_port_named_mmio_port_axi4_axi4deint_qs_queue_1_ram_id_io_deq_bits_MPORT,4,comb
ldut_subsystem_sbus_coupler_to_port_named_mmio_port_axi4_axi4deint_qs_queue_1_ram_last_io_deq_bits_MPORT,1,comb
ldut_subsystem_sbus_coupler_to_port_named_mmio_port_axi4_axi4deint_qs_queue_1_ram_resp_io_deq_bits_MPORT,2,comb
ldut_subsystem_sbus_coupler_to_port_named_mmio_port_axi4_axi4deint_qs_queue_2_ram_data_io_deq_bits_MPORT,64,comb
ldut_subsystem_sbus_coupler_to_port_named_mmio_port_axi4_axi4deint_qs_queue_2_ram_echo_tl_state_size_io_deq_bits_MPORT,4,comb
ldut_subsystem_sbus_coupler_to_port_named_mmio_port_axi4_axi4deint_qs_queue_2_ram_echo_tl_state_source_io_deq_bits_MPORT,5,comb
ldut_subsystem_sbus_coupler_to_port_named_mmio_port_axi4_axi4deint_qs_queue_2_ram_id_io_deq_bits_MPORT,4,comb
ldut_subsystem_sbus_coupler_to_port_named_mmio_port_axi4_axi4deint_qs_queue_2_ram_last_io_deq_bits_MPORT,1,comb
ldut_subsystem_sbus_coupler_to_port_named_mmio_port_axi4_axi4deint_qs_queue_2_ram_resp_io_deq_bits_MPORT,2,comb
ldut_subsystem_sbus_coupler_to_port_named_mmio_port_axi4_axi4deint_qs_queue_3_ram_data_io_deq_bits_MPORT,64,comb
ldut_subsystem_sbus_coupler_to_port_named_mmio_port_axi4_axi4deint_qs_queue_3_ram_echo_tl_state_size_io_deq_bits_MPORT,4,comb
ldut_subsystem_sbus_coupler_to_port_named_mmio_port_axi4_axi4deint_qs_queue_3_ram_echo_tl_state_source_io_deq_bits_MPORT,5,comb
ldut_subsystem_sbus_coupler_to_port_named_mmio_port_axi4_axi4deint_qs_queue_3_ram_id_io_deq_bits_MPORT,4,comb
ldut_subsystem_sbus_coupler_to_port_named_mmio_port_axi4_axi4deint_qs_queue_3_ram_last_io_deq_bits_MPORT,1,comb
ldut_subsystem_sbus_coupler_to_port_named_mmio_port_axi4_axi4deint_qs_queue_3_ram_resp_io_deq_bits_MPORT,2,comb
ldut_subsystem_sbus_coupler_to_port_named_mmio_port_axi4_axi4deint_qs_queue_4_ram_data_io_deq_bits_MPORT,64,comb
ldut_subsystem_sbus_coupler_to_port_named_mmio_port_axi4_axi4deint_qs_queue_4_ram_echo_tl_state_size_io_deq_bits_MPORT,4,comb
ldut_subsystem_sbus_coupler_to_port_named_mmio_port_axi4_axi4deint_qs_queue_4_ram_echo_tl_state_source_io_deq_bits_MPORT,5,comb
ldut_subsystem_sbus_coupler_to_port_named_mmio_port_axi4_axi4deint_qs_queue_4_ram_id_io_deq_bits_MPORT,4,comb
ldut_subsystem_sbus_coupler_to_port_named_mmio_port_axi4_axi4deint_qs_queue_4_ram_last_io_deq_bits_MPORT,1,comb
ldut_subsystem_sbus_coupler_to_port_named_mmio_port_axi4_axi4deint_qs_queue_4_ram_resp_io_deq_bits_MPORT,2,comb
ldut_subsystem_sbus_coupler_to_port_named_mmio_port_axi4_axi4deint_qs_queue_5_ram_data_io_deq_bits_MPORT,64,comb
ldut_subsystem_sbus_coupler_to_port_named_mmio_port_axi4_axi4deint_qs_queue_5_ram_echo_tl_state_size_io_deq_bits_MPORT,4,comb
ldut_subsystem_sbus_coupler_to_port_named_mmio_port_axi4_axi4deint_qs_queue_5_ram_echo_tl_state_source_io_deq_bits_MPORT,5,comb
ldut_subsystem_sbus_coupler_to_port_named_mmio_port_axi4_axi4deint_qs_queue_5_ram_id_io_deq_bits_MPORT,4,comb
ldut_subsystem_sbus_coupler_to_port_named_mmio_port_axi4_axi4deint_qs_queue_5_ram_last_io_deq_bits_MPORT,1,comb
ldut_subsystem_sbus_coupler_to_port_named_mmio_port_axi4_axi4deint_qs_queue_5_ram_resp_io_deq_bits_MPORT,2,comb
ldut_subsystem_sbus_coupler_to_port_named_mmio_port_axi4_axi4deint_qs_queue_6_ram_data_io_deq_bits_MPORT,64,comb
ldut_subsystem_sbus_coupler_to_port_named_mmio_port_axi4_axi4deint_qs_queue_6_ram_echo_tl_state_size_io_deq_bits_MPORT,4,comb
ldut_subsystem_sbus_coupler_to_port_named_mmio_port_axi4_axi4deint_qs_queue_6_ram_echo_tl_state_source_io_deq_bits_MPORT,5,comb
ldut_subsystem_sbus_coupler_to_port_named_mmio_port_axi4_axi4deint_qs_queue_6_ram_id_io_deq_bits_MPORT,4,comb
ldut_subsystem_sbus_coupler_to_port_named_mmio_port_axi4_axi4deint_qs_queue_6_ram_last_io_deq_bits_MPORT,1,comb
ldut_subsystem_sbus_coupler_to_port_named_mmio_port_axi4_axi4deint_qs_queue_6_ram_resp_io_deq_bits_MPORT,2,comb
ldut_subsystem_sbus_coupler_to_port_named_mmio_port_axi4_axi4deint_qs_queue_7_ram_data_io_deq_bits_MPORT,64,comb
ldut_subsystem_sbus_coupler_to_port_named_mmio_port_axi4_axi4deint_qs_queue_7_ram_echo_tl_state_size_io_deq_bits_MPORT,4,comb
ldut_subsystem_sbus_coupler_to_port_named_mmio_port_axi4_axi4deint_qs_queue_7_ram_echo_tl_state_source_io_deq_bits_MPORT,5,comb
ldut_subsystem_sbus_coupler_to_port_named_mmio_port_axi4_axi4deint_qs_queue_7_ram_id_io_deq_bits_MPORT,4,comb
ldut_subsystem_sbus_coupler_to_port_named_mmio_port_axi4_axi4deint_qs_queue_7_ram_last_io_deq_bits_MPORT,1,comb
ldut_subsystem_sbus_coupler_to_port_named_mmio_port_axi4_axi4deint_qs_queue_7_ram_resp_io_deq_bits_MPORT,2,comb
ldut_subsystem_sbus_coupler_to_port_named_mmio_port_axi4_axi4deint_qs_queue_8_ram_data_io_deq_bits_MPORT,64,comb
ldut_subsystem_sbus_coupler_to_port_named_mmio_port_axi4_axi4deint_qs_queue_8_ram_echo_tl_state_size_io_deq_bits_MPORT,4,comb
ldut_subsystem_sbus_coupler_to_port_named_mmio_port_axi4_axi4deint_qs_queue_8_ram_echo_tl_state_source_io_deq_bits_MPORT,5,comb
ldut_subsystem_sbus_coupler_to_port_named_mmio_port_axi4_axi4deint_qs_queue_8_ram_id_io_deq_bits_MPORT,4,comb
ldut_subsystem_sbus_coupler_to_port_named_mmio_port_axi4_axi4deint_qs_queue_8_ram_last_io_deq_bits_MPORT,1,comb
ldut_subsystem_sbus_coupler_to_port_named_mmio_port_axi4_axi4deint_qs_queue_8_ram_resp_io_deq_bits_MPORT,2,comb
ldut_subsystem_sbus_coupler_to_port_named_mmio_port_axi4_axi4yank_QueueCompatibility_11_ram_tl_state_size_io_deq_bits_MPORT,4,comb
ldut_subsystem_sbus_coupler_to_port_named_mmio_port_axi4_axi4yank_QueueCompatibility_11_ram_tl_state_source_io_deq_bits_MPORT,5,comb
ldut_subsystem_sbus_coupler_to_port_named_mmio_port_axi4_axi4yank_QueueCompatibility_12_ram_tl_state_size_io_deq_bits_MPORT,4,comb
ldut_subsystem_sbus_coupler_to_port_named_mmio_port_axi4_axi4yank_QueueCompatibility_12_ram_tl_state_source_io_deq_bits_MPORT,5,comb
ldut_subsystem_sbus_coupler_to_port_named_mmio_port_axi4_axi4yank_QueueCompatibility_2$$inst_ram_tl_state_size_io_deq_bits_MPORT,4,comb
ldut_subsystem_sbus_coupler_to_port_named_mmio_port_axi4_axi4yank_QueueCompatibility_2$$inst_ram_tl_state_source_io_deq_bits_MPORT,5,comb
ldut_subsystem_sbus_coupler_to_port_named_mmio_port_axi4_axi4yank_QueueCompatibility_3_ram_tl_state_size_io_deq_bits_MPORT,4,comb
ldut_subsystem_sbus_coupler_to_port_named_mmio_port_axi4_axi4yank_QueueCompatibility_3_ram_tl_state_source_io_deq_bits_MPORT,5,comb
ldut_tile_prci_domain_tile_reset_domain_boom_tile_core_csr_exe_unit_BranchKillableQueue$$inst_ram_fflags_bits_uop_rob_idx_MPORT_1,7,comb
ldut_tile_prci_domain_tile_reset_domain_boom_tile_core_fp_pipeline_fpiu_unit_BranchKillableQueue$$inst_ram_fflags_bits_uop_rob_idx_MPORT_1,7,comb
ldut_tile_prci_domain_tile_reset_domain_boom_tile_core_fp_pipeline_fpiu_unit_BranchKillableQueue_1_ram_fflags_bits_uop_rob_idx_MPORT_1,7,comb
ldut_tile_prci_domain_tile_reset_domain_boom_tile_core_rob___v2_state_rob_bsy_r0,1,comb
ldut_tile_prci_domain_tile_reset_domain_boom_tile_core_rob___v2_state_rob_bsy_r1,1,comb
ldut_tile_prci_domain_tile_reset_domain_boom_tile_core_rob___v2_state_rob_bsy_r2,1,comb
ldut_tile_prci_domain_tile_reset_domain_boom_tile_core_rob___v2_state_rob_bsy_r3,1,comb
ldut_tile_prci_domain_tile_reset_domain_boom_tile_core_rob___v2_state_rob_bsy_r4,1,comb
ldut_tile_prci_domain_tile_reset_domain_boom_tile_core_rob___v2_state_rob_bsy_r5,1,comb
ldut_tile_prci_domain_tile_reset_domain_boom_tile_core_rob___v2_state_rob_bsy_r6,1,comb
ldut_tile_prci_domain_tile_reset_domain_boom_tile_core_rob___v2_state_rob_bsy_r7,1,comb
ldut_tile_prci_domain_tile_reset_domain_boom_tile_core_rob___v2_state_rob_bsy_r8,1,comb
ldut_tile_prci_domain_tile_reset_domain_boom_tile_core_rob___v2_state_rob_exception_r0,1,comb
ldut_tile_prci_domain_tile_reset_domain_boom_tile_core_rob___v2_state_rob_exception_r1,1,comb
ldut_tile_prci_domain_tile_reset_domain_boom_tile_core_rob___v2_state_rob_exception_r10,1,comb
ldut_tile_prci_domain_tile_reset_domain_boom_tile_core_rob___v2_state_rob_exception_r11,1,comb
ldut_tile_prci_domain_tile_reset_domain_boom_tile_core_rob___v2_state_rob_exception_r12,1,comb
ldut_tile_prci_domain_tile_reset_domain_boom_tile_core_rob___v2_state_rob_exception_r13,1,comb
ldut_tile_prci_domain_tile_reset_domain_boom_tile_core_rob___v2_state_rob_exception_r14,1,comb
ldut_tile_prci_domain_tile_reset_domain_boom_tile_core_rob___v2_state_rob_exception_r15,1,comb
ldut_tile_prci_domain_tile_reset_domain_boom_tile_core_rob___v2_state_rob_exception_r16,1,comb
ldut_tile_prci_domain_tile_reset_domain_boom_tile_core_rob___v2_state_rob_exception_r17,1,comb
ldut_tile_prci_domain_tile_reset_domain_boom_tile_core_rob___v2_state_rob_exception_r18,1,comb
ldut_tile_prci_domain_tile_reset_domain_boom_tile_core_rob___v2_state_rob_exception_r19,1,comb
ldut_tile_prci_domain_tile_reset_domain_boom_tile_core_rob___v2_state_rob_exception_r2,1,comb
ldut_tile_prci_domain_tile_reset_domain_boom_tile_core_rob___v2_state_rob_exception_r20,1,comb
ldut_tile_prci_domain_tile_reset_domain_boom_tile_core_rob___v2_state_rob_exception_r21,1,comb
ldut_tile_prci_domain_tile_reset_domain_boom_tile_core_rob___v2_state_rob_exception_r22,1,comb
ldut_tile_prci_domain_tile_reset_domain_boom_tile_core_rob___v2_state_rob_exception_r23,1,comb
ldut_tile_prci_domain_tile_reset_domain_boom_tile_core_rob___v2_state_rob_exception_r24,1,comb
ldut_tile_prci_domain_tile_reset_domain_boom_tile_core_rob___v2_state_rob_exception_r25,1,comb
ldut_tile_prci_domain_tile_reset_domain_boom_tile_core_rob___v2_state_rob_exception_r26,1,comb
ldut_tile_prci_domain_tile_reset_domain_boom_tile_core_rob___v2_state_rob_exception_r27,1,comb
ldut_tile_prci_domain_tile_reset_domain_boom_tile_core_rob___v2_state_rob_exception_r28,1,comb
ldut_tile_prci_domain_tile_reset_domain_boom_tile_core_rob___v2_state_rob_exception_r29,1,comb
ldut_tile_prci_domain_tile_reset_domain_boom_tile_core_rob___v2_state_rob_exception_r3,1,comb
ldut_tile_prci_domain_tile_reset_domain_boom_tile_core_rob___v2_state_rob_exception_r30,1,comb
ldut_tile_prci_domain_tile_reset_domain_boom_tile_core_rob___v2_state_rob_exception_r31,1,comb
ldut_tile_prci_domain_tile_reset_domain_boom_tile_core_rob___v2_state_rob_exception_r32,1,comb
ldut_tile_prci_domain_tile_reset_domain_boom_tile_core_rob___v2_state_rob_exception_r33,1,comb
ldut_tile_prci_domain_tile_reset_domain_boom_tile_core_rob___v2_state_rob_exception_r4,1,comb
ldut_tile_prci_domain_tile_reset_domain_boom_tile_core_rob___v2_state_rob_exception_r5,1,comb
ldut_tile_prci_domain_tile_reset_domain_boom_tile_core_rob___v2_state_rob_exception_r6,1,comb
ldut_tile_prci_domain_tile_reset_domain_boom_tile_core_rob___v2_state_rob_exception_r7,1,comb
ldut_tile_prci_domain_tile_reset_domain_boom_tile_core_rob___v2_state_rob_exception_r8,1,comb
ldut_tile_prci_domain_tile_reset_domain_boom_tile_core_rob___v2_state_rob_exception_r9,1,comb
ldut_tile_prci_domain_tile_reset_domain_boom_tile_core_rob___v2_state_rob_predicated_r0,1,comb
ldut_tile_prci_domain_tile_reset_domain_boom_tile_core_rob___v2_state_rob_unsafe_r0,1,comb
ldut_tile_prci_domain_tile_reset_domain_boom_tile_core_rob___v2_state_rob_unsafe_r1,1,comb
ldut_tile_prci_domain_tile_reset_domain_boom_tile_core_rob___v2_state_rob_unsafe_r10,1,comb
ldut_tile_prci_domain_tile_reset_domain_boom_tile_core_rob___v2_state_rob_unsafe_r11,1,comb
ldut_tile_prci_domain_tile_reset_domain_boom_tile_core_rob___v2_state_rob_unsafe_r12,1,comb
ldut_tile_prci_domain_tile_reset_domain_boom_tile_core_rob___v2_state_rob_unsafe_r13,1,comb
ldut_tile_prci_domain_tile_reset_domain_boom_tile_core_rob___v2_state_rob_unsafe_r14,1,comb
ldut_tile_prci_domain_tile_reset_domain_boom_tile_core_rob___v2_state_rob_unsafe_r15,1,comb
ldut_tile_prci_domain_tile_reset_domain_boom_tile_core_rob___v2_state_rob_unsafe_r16,1,comb
ldut_tile_prci_domain_tile_reset_domain_boom_tile_core_rob___v2_state_rob_unsafe_r17,1,comb
ldut_tile_prci_domain_tile_reset_domain_boom_tile_core_rob___v2_state_rob_unsafe_r18,1,comb
ldut_tile_prci_domain_tile_reset_domain_boom_tile_core_rob___v2_state_rob_unsafe_r19,1,comb
ldut_tile_prci_domain_tile_reset_domain_boom_tile_core_rob___v2_state_rob_unsafe_r2,1,comb
ldut_tile_prci_domain_tile_reset_domain_boom_tile_core_rob___v2_state_rob_unsafe_r20,1,comb
ldut_tile_prci_domain_tile_reset_domain_boom_tile_core_rob___v2_state_rob_unsafe_r21,1,comb
ldut_tile_prci_domain_tile_reset_domain_boom_tile_core_rob___v2_state_rob_unsafe_r22,1,comb
ldut_tile_prci_domain_tile_reset_domain_boom_tile_core_rob___v2_state_rob_unsafe_r23,1,comb
ldut_tile_prci_domain_tile_reset_domain_boom_tile_core_rob___v2_state_rob_unsafe_r24,1,comb
ldut_tile_prci_domain_tile_reset_domain_boom_tile_core_rob___v2_state_rob_unsafe_r25,1,comb
ldut_tile_prci_domain_tile_reset_domain_boom_tile_core_rob___v2_state_rob_unsafe_r26,1,comb
ldut_tile_prci_domain_tile_reset_domain_boom_tile_core_rob___v2_state_rob_unsafe_r27,1,comb
ldut_tile_prci_domain_tile_reset_domain_boom_tile_core_rob___v2_state_rob_unsafe_r28,1,comb
ldut_tile_prci_domain_tile_reset_domain_boom_tile_core_rob___v2_state_rob_unsafe_r29,1,comb
ldut_tile_prci_domain_tile_reset_domain_boom_tile_core_rob___v2_state_rob_unsafe_r3,1,comb
ldut_tile_prci_domain_tile_reset_domain_boom_tile_core_rob___v2_state_rob_unsafe_r30,1,comb
ldut_tile_prci_domain_tile_reset_domain_boom_tile_core_rob___v2_state_rob_unsafe_r31,1,comb
ldut_tile_prci_domain_tile_reset_domain_boom_tile_core_rob___v2_state_rob_unsafe_r32,1,comb
ldut_tile_prci_domain_tile_reset_domain_boom_tile_core_rob___v2_state_rob_unsafe_r33,1,comb
ldut_tile_prci_domain_tile_reset_domain_boom_tile_core_rob___v2_state_rob_unsafe_r4,1,comb
ldut_tile_prci_domain_tile_reset_domain_boom_tile_core_rob___v2_state_rob_unsafe_r5,1,comb
ldut_tile_prci_domain_tile_reset_domain_boom_tile_core_rob___v2_state_rob_unsafe_r6,1,comb
ldut_tile_prci_domain_tile_reset_domain_boom_tile_core_rob___v2_state_rob_unsafe_r7,1,comb
ldut_tile_prci_domain_tile_reset_domain_boom_tile_core_rob___v2_state_rob_unsafe_r8,1,comb
ldut_tile_prci_domain_tile_reset_domain_boom_tile_core_rob___v2_state_rob_unsafe_r9,1,comb
ldut_tile_prci_domain_tile_reset_domain_boom_tile_core_rob___v2_state_rob_uop_r0,48,comb
ldut_tile_prci_domain_tile_reset_domain_boom_tile_core_rob___v2_state_rob_uop_r1,48,comb
ldut_tile_prci_domain_tile_reset_domain_boom_tile_core_rob___v2_state_rob_uop_r2,48,comb
ldut_tile_prci_domain_tile_reset_domain_boom_tile_core_rob___v2_state_rob_uop_r3,48,comb
ldut_tile_prci_domain_tile_reset_domain_boom_tile_core_rob___v2_state_rob_uop_r4,48,comb
ldut_tile_prci_domain_tile_reset_domain_boom_tile_core_rob___v2_state_rob_uop_r5,48,comb
ldut_tile_prci_domain_tile_reset_domain_boom_tile_core_rob___v2_state_rob_uop_r6,48,comb
ldut_tile_prci_domain_tile_reset_domain_boom_tile_core_rob___v2_state_rob_uop_r7,48,comb
ldut_tile_prci_domain_tile_reset_domain_boom_tile_core_rob_rob_fflags_MPORT_4,5,comb
ldut_tile_prci_domain_tile_reset_domain_boom_tile_core_rob_rob_fflags_1_MPORT_15,5,comb
ldut_tile_prci_domain_tile_reset_domain_boom_tile_core_rob_rob_fflags_2_MPORT_26,5,comb
ldut_tile_prci_domain_tile_reset_domain_boom_tile_dcache_data_array_0_0_0_MPORT_1,64,comb
ldut_tile_prci_domain_tile_reset_domain_boom_tile_dcache_data_array_0_0_1_MPORT_1,64,comb
ldut_tile_prci_domain_tile_reset_domain_boom_tile_dcache_data_array_1_0_0_MPORT_3,64,comb
ldut_tile_prci_domain_tile_reset_domain_boom_tile_dcache_data_array_1_0_1_MPORT_3,64,comb
ldut_tile_prci_domain_tile_reset_domain_boom_tile_dcache_data_array_2_0_0_MPORT_5,64,comb
ldut_tile_prci_domain_tile_reset_domain_boom_tile_dcache_data_array_2_0_1_MPORT_5,64,comb
ldut_tile_prci_domain_tile_reset_domain_boom_tile_dcache_data_array_3_0_0_MPORT_7,64,comb
ldut_tile_prci_domain_tile_reset_domain_boom_tile_dcache_data_array_3_0_1_MPORT_7,64,comb
ldut_tile_prci_domain_tile_reset_domain_boom_tile_dcache_data_array_4_0_0_MPORT_9,64,comb
ldut_tile_prci_domain_tile_reset_domain_boom_tile_dcache_data_array_4_0_1_MPORT_9,64,comb
ldut_tile_prci_domain_tile_reset_domain_boom_tile_dcache_data_array_5_0_0_MPORT_11,64,comb
ldut_tile_prci_domain_tile_reset_domain_boom_tile_dcache_data_array_5_0_1_MPORT_11,64,comb
ldut_tile_prci_domain_tile_reset_domain_boom_tile_dcache_data_array_6_0_0_MPORT_13,64,comb
ldut_tile_prci_domain_tile_reset_domain_boom_tile_dcache_data_array_6_0_1_MPORT_13,64,comb
ldut_tile_prci_domain_tile_reset_domain_boom_tile_dcache_data_array_7_0_0_MPORT_15,64,comb
ldut_tile_prci_domain_tile_reset_domain_boom_tile_dcache_data_array_7_0_1_MPORT_15,64,comb
ldut_tile_prci_domain_tile_reset_domain_boom_tile_dcache_meta_0_tag_array_0_MPORT_1,22,comb
ldut_tile_prci_domain_tile_reset_domain_boom_tile_dcache_meta_0_tag_array_1_MPORT_1,22,comb
ldut_tile_prci_domain_tile_reset_domain_boom_tile_dcache_meta_0_tag_array_2_MPORT_1,22,comb
ldut_tile_prci_domain_tile_reset_domain_boom_tile_dcache_meta_0_tag_array_3_MPORT_1,22,comb
ldut_tile_prci_domain_tile_reset_domain_boom_tile_dcache_meta_0_tag_array_4_MPORT_1,22,comb
ldut_tile_prci_domain_tile_reset_domain_boom_tile_dcache_meta_0_tag_array_5_MPORT_1,22,comb
ldut_tile_prci_domain_tile_reset_domain_boom_tile_dcache_meta_0_tag_array_6_MPORT_1,22,comb
ldut_tile_prci_domain_tile_reset_domain_boom_tile_dcache_meta_0_tag_array_7_MPORT_1,22,comb
ldut_tile_prci_domain_tile_reset_domain_boom_tile_dcache_mshrs_mshrs_0_rpq_ram_addr_MPORT_1,40,comb
ldut_tile_prci_domain_tile_reset_domain_boom_tile_dcache_mshrs_mshrs_0_rpq_ram_is_hella_MPORT_1,1,comb
ldut_tile_prci_domain_tile_reset_domain_boom_tile_dcache_mshrs_mshrs_0_rpq_ram_sdq_id_MPORT_1,5,comb
ldut_tile_prci_domain_tile_reset_domain_boom_tile_dcache_mshrs_mshrs_1_rpq_ram_addr_MPORT_1,40,comb
ldut_tile_prci_domain_tile_reset_domain_boom_tile_dcache_mshrs_mshrs_1_rpq_ram_is_hella_MPORT_1,1,comb
ldut_tile_prci_domain_tile_reset_domain_boom_tile_dcache_mshrs_mshrs_1_rpq_ram_sdq_id_MPORT_1,5,comb
ldut_tile_prci_domain_tile_reset_domain_boom_tile_dcache_mshrs_mshrs_2_rpq_ram_addr_MPORT_1,40,comb
ldut_tile_prci_domain_tile_reset_domain_boom_tile_dcache_mshrs_mshrs_2_rpq_ram_is_hella_MPORT_1,1,comb
ldut_tile_prci_domain_tile_reset_domain_boom_tile_dcache_mshrs_mshrs_2_rpq_ram_sdq_id_MPORT_1,5,comb
ldut_tile_prci_domain_tile_reset_domain_boom_tile_dcache_mshrs_mshrs_3_rpq_ram_addr_MPORT_1,40,comb
ldut_tile_prci_domain_tile_reset_domain_boom_tile_dcache_mshrs_mshrs_3_rpq_ram_is_hella_MPORT_1,1,comb
ldut_tile_prci_domain_tile_reset_domain_boom_tile_dcache_mshrs_mshrs_3_rpq_ram_sdq_id_MPORT_1,5,comb
ldut_tile_prci_domain_tile_reset_domain_boom_tile_dcache_mshrs_respq_ram_data_MPORT_1,64,comb
ldut_tile_prci_domain_tile_reset_domain_boom_tile_dcache_mshrs_respq_ram_is_hella_MPORT_1,1,comb
ldut_tile_prci_domain_tile_reset_domain_boom_tile_dcache_mshrs_sdq_MPORT_3,64,comb
ldut_tile_prci_domain_tile_reset_domain_boom_tile_frontend_bpd_banked_predictors_0_components_0_columns_0___v2_state_entries_r0,23,comb
ldut_tile_prci_domain_tile_reset_domain_boom_tile_frontend_bpd_banked_predictors_0_components_0_columns_0___v2_state_entries_r1,23,comb
ldut_tile_prci_domain_tile_reset_domain_boom_tile_frontend_bpd_banked_predictors_0_components_0_columns_0___v2_state_entries_0_r0,3,comb
ldut_tile_prci_domain_tile_reset_domain_boom_tile_frontend_bpd_banked_predictors_0_components_0_columns_0___v2_state_entries_0_r1,3,comb
ldut_tile_prci_domain_tile_reset_domain_boom_tile_frontend_bpd_banked_predictors_0_components_0_columns_0___v2_state_entries_1_r0,10,comb
ldut_tile_prci_domain_tile_reset_domain_boom_tile_frontend_bpd_banked_predictors_0_components_0_columns_0___v2_state_entries_1_r1,10,comb
ldut_tile_prci_domain_tile_reset_domain_boom_tile_frontend_bpd_banked_predictors_0_components_0_columns_1___v2_state_entries_r0,23,comb
ldut_tile_prci_domain_tile_reset_domain_boom_tile_frontend_bpd_banked_predictors_0_components_0_columns_1___v2_state_entries_r1,23,comb
ldut_tile_prci_domain_tile_reset_domain_boom_tile_frontend_bpd_banked_predictors_0_components_0_columns_1___v2_state_entries_0_r0,3,comb
ldut_tile_prci_domain_tile_reset_domain_boom_tile_frontend_bpd_banked_predictors_0_components_0_columns_1___v2_state_entries_0_r1,3,comb
ldut_tile_prci_domain_tile_reset_domain_boom_tile_frontend_bpd_banked_predictors_0_components_0_columns_1___v2_state_entries_1_r0,10,comb
ldut_tile_prci_domain_tile_reset_domain_boom_tile_frontend_bpd_banked_predictors_0_components_0_columns_1___v2_state_entries_1_r1,10,comb
ldut_tile_prci_domain_tile_reset_domain_boom_tile_frontend_bpd_banked_predictors_0_components_0_columns_2___v2_state_entries_r0,23,comb
ldut_tile_prci_domain_tile_reset_domain_boom_tile_frontend_bpd_banked_predictors_0_components_0_columns_2___v2_state_entries_r1,23,comb
ldut_tile_prci_domain_tile_reset_domain_boom_tile_frontend_bpd_banked_predictors_0_components_0_columns_2___v2_state_entries_0_r0,3,comb
ldut_tile_prci_domain_tile_reset_domain_boom_tile_frontend_bpd_banked_predictors_0_components_0_columns_2___v2_state_entries_0_r1,3,comb
ldut_tile_prci_domain_tile_reset_domain_boom_tile_frontend_bpd_banked_predictors_0_components_0_columns_2___v2_state_entries_1_r0,10,comb
ldut_tile_prci_domain_tile_reset_domain_boom_tile_frontend_bpd_banked_predictors_0_components_0_columns_2___v2_state_entries_1_r1,10,comb
ldut_tile_prci_domain_tile_reset_domain_boom_tile_frontend_bpd_banked_predictors_0_components_0_columns_3___v2_state_entries_r0,23,comb
ldut_tile_prci_domain_tile_reset_domain_boom_tile_frontend_bpd_banked_predictors_0_components_0_columns_3___v2_state_entries_r1,23,comb
ldut_tile_prci_domain_tile_reset_domain_boom_tile_frontend_bpd_banked_predictors_0_components_0_columns_3___v2_state_entries_0_r0,3,comb
ldut_tile_prci_domain_tile_reset_domain_boom_tile_frontend_bpd_banked_predictors_0_components_0_columns_3___v2_state_entries_0_r1,3,comb
ldut_tile_prci_domain_tile_reset_domain_boom_tile_frontend_bpd_banked_predictors_0_components_0_columns_3___v2_state_entries_1_r0,10,comb
ldut_tile_prci_domain_tile_reset_domain_boom_tile_frontend_bpd_banked_predictors_0_components_0_columns_3___v2_state_entries_1_r1,10,comb
ldut_tile_prci_domain_tile_reset_domain_boom_tile_frontend_bpd_banked_predictors_0_components_1_tables_0_hi_us_0_s2_req_rhius,1,comb
ldut_tile_prci_domain_tile_reset_domain_boom_tile_frontend_bpd_banked_predictors_0_components_1_tables_0_hi_us_1_s2_req_rhius,1,comb
ldut_tile_prci_domain_tile_reset_domain_boom_tile_frontend_bpd_banked_predictors_0_components_1_tables_0_hi_us_2_s2_req_rhius,1,comb
ldut_tile_prci_domain_tile_reset_domain_boom_tile_frontend_bpd_banked_predictors_0_components_1_tables_0_hi_us_3_s2_req_rhius,1,comb
ldut_tile_prci_domain_tile_reset_domain_boom_tile_frontend_bpd_banked_predictors_0_components_1_tables_0_lo_us_0_s2_req_rlous,1,comb
ldut_tile_prci_domain_tile_reset_domain_boom_tile_frontend_bpd_banked_predictors_0_components_1_tables_0_lo_us_1_s2_req_rlous,1,comb
ldut_tile_prci_domain_tile_reset_domain_boom_tile_frontend_bpd_banked_predictors_0_components_1_tables_0_lo_us_2_s2_req_rlous,1,comb
ldut_tile_prci_domain_tile_reset_domain_boom_tile_frontend_bpd_banked_predictors_0_components_1_tables_0_lo_us_3_s2_req_rlous,1,comb
ldut_tile_prci_domain_tile_reset_domain_boom_tile_frontend_bpd_banked_predictors_0_components_1_tables_0_table_0_MPORT,11,comb
ldut_tile_prci_domain_tile_reset_domain_boom_tile_frontend_bpd_banked_predictors_0_components_1_tables_0_table_1_MPORT,11,comb
ldut_tile_prci_domain_tile_reset_domain_boom_tile_frontend_bpd_banked_predictors_0_components_1_tables_0_table_2_MPORT,11,comb
ldut_tile_prci_domain_tile_reset_domain_boom_tile_frontend_bpd_banked_predictors_0_components_1_tables_0_table_3_MPORT,11,comb
ldut_tile_prci_domain_tile_reset_domain_boom_tile_frontend_bpd_banked_predictors_0_components_1_tables_1_hi_us_0_s2_req_rhius,1,comb
ldut_tile_prci_domain_tile_reset_domain_boom_tile_frontend_bpd_banked_predictors_0_components_1_tables_1_hi_us_1_s2_req_rhius,1,comb
ldut_tile_prci_domain_tile_reset_domain_boom_tile_frontend_bpd_banked_predictors_0_components_1_tables_1_hi_us_2_s2_req_rhius,1,comb
ldut_tile_prci_domain_tile_reset_domain_boom_tile_frontend_bpd_banked_predictors_0_components_1_tables_1_hi_us_3_s2_req_rhius,1,comb
ldut_tile_prci_domain_tile_reset_domain_boom_tile_frontend_bpd_banked_predictors_0_components_1_tables_1_lo_us_0_s2_req_rlous,1,comb
ldut_tile_prci_domain_tile_reset_domain_boom_tile_frontend_bpd_banked_predictors_0_components_1_tables_1_lo_us_1_s2_req_rlous,1,comb
ldut_tile_prci_domain_tile_reset_domain_boom_tile_frontend_bpd_banked_predictors_0_components_1_tables_1_lo_us_2_s2_req_rlous,1,comb
ldut_tile_prci_domain_tile_reset_domain_boom_tile_frontend_bpd_banked_predictors_0_components_1_tables_1_lo_us_3_s2_req_rlous,1,comb
ldut_tile_prci_domain_tile_reset_domain_boom_tile_frontend_bpd_banked_predictors_0_components_1_tables_1_table_0_MPORT,11,comb
ldut_tile_prci_domain_tile_reset_domain_boom_tile_frontend_bpd_banked_predictors_0_components_1_tables_1_table_1_MPORT,11,comb
ldut_tile_prci_domain_tile_reset_domain_boom_tile_frontend_bpd_banked_predictors_0_components_1_tables_1_table_2_MPORT,11,comb
ldut_tile_prci_domain_tile_reset_domain_boom_tile_frontend_bpd_banked_predictors_0_components_1_tables_1_table_3_MPORT,11,comb
ldut_tile_prci_domain_tile_reset_domain_boom_tile_frontend_bpd_banked_predictors_0_components_1_tables_2_hi_us_0_s2_req_rhius,1,comb
ldut_tile_prci_domain_tile_reset_domain_boom_tile_frontend_bpd_banked_predictors_0_components_1_tables_2_hi_us_1_s2_req_rhius,1,comb
ldut_tile_prci_domain_tile_reset_domain_boom_tile_frontend_bpd_banked_predictors_0_components_1_tables_2_hi_us_2_s2_req_rhius,1,comb
ldut_tile_prci_domain_tile_reset_domain_boom_tile_frontend_bpd_banked_predictors_0_components_1_tables_2_hi_us_3_s2_req_rhius,1,comb
ldut_tile_prci_domain_tile_reset_domain_boom_tile_frontend_bpd_banked_predictors_0_components_1_tables_2_lo_us_0_s2_req_rlous,1,comb
ldut_tile_prci_domain_tile_reset_domain_boom_tile_frontend_bpd_banked_predictors_0_components_1_tables_2_lo_us_1_s2_req_rlous,1,comb
ldut_tile_prci_domain_tile_reset_domain_boom_tile_frontend_bpd_banked_predictors_0_components_1_tables_2_lo_us_2_s2_req_rlous,1,comb
ldut_tile_prci_domain_tile_reset_domain_boom_tile_frontend_bpd_banked_predictors_0_components_1_tables_2_lo_us_3_s2_req_rlous,1,comb
ldut_tile_prci_domain_tile_reset_domain_boom_tile_frontend_bpd_banked_predictors_0_components_1_tables_2_table_0_MPORT,12,comb
ldut_tile_prci_domain_tile_reset_domain_boom_tile_frontend_bpd_banked_predictors_0_components_1_tables_2_table_1_MPORT,12,comb
ldut_tile_prci_domain_tile_reset_domain_boom_tile_frontend_bpd_banked_predictors_0_components_1_tables_2_table_2_MPORT,12,comb
ldut_tile_prci_domain_tile_reset_domain_boom_tile_frontend_bpd_banked_predictors_0_components_1_tables_2_table_3_MPORT,12,comb
ldut_tile_prci_domain_tile_reset_domain_boom_tile_frontend_bpd_banked_predictors_0_components_1_tables_3_hi_us_0_s2_req_rhius,1,comb
ldut_tile_prci_domain_tile_reset_domain_boom_tile_frontend_bpd_banked_predictors_0_components_1_tables_3_hi_us_1_s2_req_rhius,1,comb
ldut_tile_prci_domain_tile_reset_domain_boom_tile_frontend_bpd_banked_predictors_0_components_1_tables_3_hi_us_2_s2_req_rhius,1,comb
ldut_tile_prci_domain_tile_reset_domain_boom_tile_frontend_bpd_banked_predictors_0_components_1_tables_3_hi_us_3_s2_req_rhius,1,comb
ldut_tile_prci_domain_tile_reset_domain_boom_tile_frontend_bpd_banked_predictors_0_components_1_tables_3_lo_us_0_s2_req_rlous,1,comb
ldut_tile_prci_domain_tile_reset_domain_boom_tile_frontend_bpd_banked_predictors_0_components_1_tables_3_lo_us_1_s2_req_rlous,1,comb
ldut_tile_prci_domain_tile_reset_domain_boom_tile_frontend_bpd_banked_predictors_0_components_1_tables_3_lo_us_2_s2_req_rlous,1,comb
ldut_tile_prci_domain_tile_reset_domain_boom_tile_frontend_bpd_banked_predictors_0_components_1_tables_3_lo_us_3_s2_req_rlous,1,comb
ldut_tile_prci_domain_tile_reset_domain_boom_tile_frontend_bpd_banked_predictors_0_components_1_tables_3_table_0_MPORT,12,comb
ldut_tile_prci_domain_tile_reset_domain_boom_tile_frontend_bpd_banked_predictors_0_components_1_tables_3_table_1_MPORT,12,comb
ldut_tile_prci_domain_tile_reset_domain_boom_tile_frontend_bpd_banked_predictors_0_components_1_tables_3_table_2_MPORT,12,comb
ldut_tile_prci_domain_tile_reset_domain_boom_tile_frontend_bpd_banked_predictors_0_components_1_tables_3_table_3_MPORT,12,comb
ldut_tile_prci_domain_tile_reset_domain_boom_tile_frontend_bpd_banked_predictors_0_components_1_tables_4_hi_us_0_s2_req_rhius,1,comb
ldut_tile_prci_domain_tile_reset_domain_boom_tile_frontend_bpd_banked_predictors_0_components_1_tables_4_hi_us_1_s2_req_rhius,1,comb
ldut_tile_prci_domain_tile_reset_domain_boom_tile_frontend_bpd_banked_predictors_0_components_1_tables_4_hi_us_2_s2_req_rhius,1,comb
ldut_tile_prci_domain_tile_reset_domain_boom_tile_frontend_bpd_banked_predictors_0_components_1_tables_4_hi_us_3_s2_req_rhius,1,comb
ldut_tile_prci_domain_tile_reset_domain_boom_tile_frontend_bpd_banked_predictors_0_components_1_tables_4_lo_us_0_s2_req_rlous,1,comb
ldut_tile_prci_domain_tile_reset_domain_boom_tile_frontend_bpd_banked_predictors_0_components_1_tables_4_lo_us_1_s2_req_rlous,1,comb
ldut_tile_prci_domain_tile_reset_domain_boom_tile_frontend_bpd_banked_predictors_0_components_1_tables_4_lo_us_2_s2_req_rlous,1,comb
ldut_tile_prci_domain_tile_reset_domain_boom_tile_frontend_bpd_banked_predictors_0_components_1_tables_4_lo_us_3_s2_req_rlous,1,comb
ldut_tile_prci_domain_tile_reset_domain_boom_tile_frontend_bpd_banked_predictors_0_components_1_tables_4_table_0_MPORT,13,comb
ldut_tile_prci_domain_tile_reset_domain_boom_tile_frontend_bpd_banked_predictors_0_components_1_tables_4_table_1_MPORT,13,comb
ldut_tile_prci_domain_tile_reset_domain_boom_tile_frontend_bpd_banked_predictors_0_components_1_tables_4_table_2_MPORT,13,comb
ldut_tile_prci_domain_tile_reset_domain_boom_tile_frontend_bpd_banked_predictors_0_components_1_tables_4_table_3_MPORT,13,comb
ldut_tile_prci_domain_tile_reset_domain_boom_tile_frontend_bpd_banked_predictors_0_components_1_tables_5_hi_us_0_s2_req_rhius,1,comb
ldut_tile_prci_domain_tile_reset_domain_boom_tile_frontend_bpd_banked_predictors_0_components_1_tables_5_hi_us_1_s2_req_rhius,1,comb
ldut_tile_prci_domain_tile_reset_domain_boom_tile_frontend_bpd_banked_predictors_0_components_1_tables_5_hi_us_2_s2_req_rhius,1,comb
ldut_tile_prci_domain_tile_reset_domain_boom_tile_frontend_bpd_banked_predictors_0_components_1_tables_5_hi_us_3_s2_req_rhius,1,comb
ldut_tile_prci_domain_tile_reset_domain_boom_tile_frontend_bpd_banked_predictors_0_components_1_tables_5_lo_us_0_s2_req_rlous,1,comb
ldut_tile_prci_domain_tile_reset_domain_boom_tile_frontend_bpd_banked_predictors_0_components_1_tables_5_lo_us_1_s2_req_rlous,1,comb
ldut_tile_prci_domain_tile_reset_domain_boom_tile_frontend_bpd_banked_predictors_0_components_1_tables_5_lo_us_2_s2_req_rlous,1,comb
ldut_tile_prci_domain_tile_reset_domain_boom_tile_frontend_bpd_banked_predictors_0_components_1_tables_5_lo_us_3_s2_req_rlous,1,comb
ldut_tile_prci_domain_tile_reset_domain_boom_tile_frontend_bpd_banked_predictors_0_components_1_tables_5_table_0_MPORT,13,comb
ldut_tile_prci_domain_tile_reset_domain_boom_tile_frontend_bpd_banked_predictors_0_components_1_tables_5_table_1_MPORT,13,comb
ldut_tile_prci_domain_tile_reset_domain_boom_tile_frontend_bpd_banked_predictors_0_components_1_tables_5_table_2_MPORT,13,comb
ldut_tile_prci_domain_tile_reset_domain_boom_tile_frontend_bpd_banked_predictors_0_components_1_tables_5_table_3_MPORT,13,comb
ldut_tile_prci_domain_tile_reset_domain_boom_tile_frontend_bpd_banked_predictors_0_components_2_btb_0_0_MPORT,14,comb
ldut_tile_prci_domain_tile_reset_domain_boom_tile_frontend_bpd_banked_predictors_0_components_2_btb_0_1_MPORT,14,comb
ldut_tile_prci_domain_tile_reset_domain_boom_tile_frontend_bpd_banked_predictors_0_components_2_btb_0_2_MPORT,14,comb
ldut_tile_prci_domain_tile_reset_domain_boom_tile_frontend_bpd_banked_predictors_0_components_2_btb_0_3_MPORT,14,comb
ldut_tile_prci_domain_tile_reset_domain_boom_tile_frontend_bpd_banked_predictors_0_components_2_btb_1_0_MPORT_1,14,comb
ldut_tile_prci_domain_tile_reset_domain_boom_tile_frontend_bpd_banked_predictors_0_components_2_btb_1_1_MPORT_1,14,comb
ldut_tile_prci_domain_tile_reset_domain_boom_tile_frontend_bpd_banked_predictors_0_components_2_btb_1_2_MPORT_1,14,comb
ldut_tile_prci_domain_tile_reset_domain_boom_tile_frontend_bpd_banked_predictors_0_components_2_btb_1_3_MPORT_1,14,comb
ldut_tile_prci_domain_tile_reset_domain_boom_tile_frontend_bpd_banked_predictors_0_components_2_ebtb_s1_req_rebtb,40,comb
ldut_tile_prci_domain_tile_reset_domain_boom_tile_frontend_bpd_banked_predictors_0_components_2_meta_0_0_MPORT_2,30,comb
ldut_tile_prci_domain_tile_reset_domain_boom_tile_frontend_bpd_banked_predictors_0_components_2_meta_0_1_MPORT_2,30,comb
ldut_tile_prci_domain_tile_reset_domain_boom_tile_frontend_bpd_banked_predictors_0_components_2_meta_0_2_MPORT_2,30,comb
ldut_tile_prci_domain_tile_reset_domain_boom_tile_frontend_bpd_banked_predictors_0_components_2_meta_0_3_MPORT_2,30,comb
ldut_tile_prci_domain_tile_reset_domain_boom_tile_frontend_bpd_banked_predictors_0_components_2_meta_1_0_MPORT_3,30,comb
ldut_tile_prci_domain_tile_reset_domain_boom_tile_frontend_bpd_banked_predictors_0_components_2_meta_1_1_MPORT_3,30,comb
ldut_tile_prci_domain_tile_reset_domain_boom_tile_frontend_bpd_banked_predictors_0_components_2_meta_1_2_MPORT_3,30,comb
ldut_tile_prci_domain_tile_reset_domain_boom_tile_frontend_bpd_banked_predictors_0_components_2_meta_1_3_MPORT_3,30,comb
ldut_tile_prci_domain_tile_reset_domain_boom_tile_frontend_bpd_banked_predictors_0_components_4_data_0_MPORT,2,comb
ldut_tile_prci_domain_tile_reset_domain_boom_tile_frontend_bpd_banked_predictors_0_components_4_data_1_MPORT,2,comb
ldut_tile_prci_domain_tile_reset_domain_boom_tile_frontend_bpd_banked_predictors_0_components_4_data_2_MPORT,2,comb
ldut_tile_prci_domain_tile_reset_domain_boom_tile_frontend_bpd_banked_predictors_0_components_4_data_3_MPORT,2,comb
ldut_tile_prci_domain_tile_reset_domain_boom_tile_frontend_bpd_banked_predictors_1_components_0_columns_0___v2_state_entries_r0,23,comb
ldut_tile_prci_domain_tile_reset_domain_boom_tile_frontend_bpd_banked_predictors_1_components_0_columns_0___v2_state_entries_r1,23,comb
ldut_tile_prci_domain_tile_reset_domain_boom_tile_frontend_bpd_banked_predictors_1_components_0_columns_0___v2_state_entries_0_r0,3,comb
ldut_tile_prci_domain_tile_reset_domain_boom_tile_frontend_bpd_banked_predictors_1_components_0_columns_0___v2_state_entries_0_r1,3,comb
ldut_tile_prci_domain_tile_reset_domain_boom_tile_frontend_bpd_banked_predictors_1_components_0_columns_0___v2_state_entries_1_r0,10,comb
ldut_tile_prci_domain_tile_reset_domain_boom_tile_frontend_bpd_banked_predictors_1_components_0_columns_0___v2_state_entries_1_r1,10,comb
ldut_tile_prci_domain_tile_reset_domain_boom_tile_frontend_bpd_banked_predictors_1_components_0_columns_1___v2_state_entries_r0,23,comb
ldut_tile_prci_domain_tile_reset_domain_boom_tile_frontend_bpd_banked_predictors_1_components_0_columns_1___v2_state_entries_r1,23,comb
ldut_tile_prci_domain_tile_reset_domain_boom_tile_frontend_bpd_banked_predictors_1_components_0_columns_1___v2_state_entries_0_r0,3,comb
ldut_tile_prci_domain_tile_reset_domain_boom_tile_frontend_bpd_banked_predictors_1_components_0_columns_1___v2_state_entries_0_r1,3,comb
ldut_tile_prci_domain_tile_reset_domain_boom_tile_frontend_bpd_banked_predictors_1_components_0_columns_1___v2_state_entries_1_r0,10,comb
ldut_tile_prci_domain_tile_reset_domain_boom_tile_frontend_bpd_banked_predictors_1_components_0_columns_1___v2_state_entries_1_r1,10,comb
ldut_tile_prci_domain_tile_reset_domain_boom_tile_frontend_bpd_banked_predictors_1_components_0_columns_2___v2_state_entries_r0,23,comb
ldut_tile_prci_domain_tile_reset_domain_boom_tile_frontend_bpd_banked_predictors_1_components_0_columns_2___v2_state_entries_r1,23,comb
ldut_tile_prci_domain_tile_reset_domain_boom_tile_frontend_bpd_banked_predictors_1_components_0_columns_2___v2_state_entries_0_r0,3,comb
ldut_tile_prci_domain_tile_reset_domain_boom_tile_frontend_bpd_banked_predictors_1_components_0_columns_2___v2_state_entries_0_r1,3,comb
ldut_tile_prci_domain_tile_reset_domain_boom_tile_frontend_bpd_banked_predictors_1_components_0_columns_2___v2_state_entries_1_r0,10,comb
ldut_tile_prci_domain_tile_reset_domain_boom_tile_frontend_bpd_banked_predictors_1_components_0_columns_2___v2_state_entries_1_r1,10,comb
ldut_tile_prci_domain_tile_reset_domain_boom_tile_frontend_bpd_banked_predictors_1_components_0_columns_3___v2_state_entries_r0,23,comb
ldut_tile_prci_domain_tile_reset_domain_boom_tile_frontend_bpd_banked_predictors_1_components_0_columns_3___v2_state_entries_r1,23,comb
ldut_tile_prci_domain_tile_reset_domain_boom_tile_frontend_bpd_banked_predictors_1_components_0_columns_3___v2_state_entries_0_r0,3,comb
ldut_tile_prci_domain_tile_reset_domain_boom_tile_frontend_bpd_banked_predictors_1_components_0_columns_3___v2_state_entries_0_r1,3,comb
ldut_tile_prci_domain_tile_reset_domain_boom_tile_frontend_bpd_banked_predictors_1_components_0_columns_3___v2_state_entries_1_r0,10,comb
ldut_tile_prci_domain_tile_reset_domain_boom_tile_frontend_bpd_banked_predictors_1_components_0_columns_3___v2_state_entries_1_r1,10,comb
ldut_tile_prci_domain_tile_reset_domain_boom_tile_frontend_bpd_banked_predictors_1_components_1_tables_0_hi_us_0_s2_req_rhius,1,comb
ldut_tile_prci_domain_tile_reset_domain_boom_tile_frontend_bpd_banked_predictors_1_components_1_tables_0_hi_us_1_s2_req_rhius,1,comb
ldut_tile_prci_domain_tile_reset_domain_boom_tile_frontend_bpd_banked_predictors_1_components_1_tables_0_hi_us_2_s2_req_rhius,1,comb
ldut_tile_prci_domain_tile_reset_domain_boom_tile_frontend_bpd_banked_predictors_1_components_1_tables_0_hi_us_3_s2_req_rhius,1,comb
ldut_tile_prci_domain_tile_reset_domain_boom_tile_frontend_bpd_banked_predictors_1_components_1_tables_0_lo_us_0_s2_req_rlous,1,comb
ldut_tile_prci_domain_tile_reset_domain_boom_tile_frontend_bpd_banked_predictors_1_components_1_tables_0_lo_us_1_s2_req_rlous,1,comb
ldut_tile_prci_domain_tile_reset_domain_boom_tile_frontend_bpd_banked_predictors_1_components_1_tables_0_lo_us_2_s2_req_rlous,1,comb
ldut_tile_prci_domain_tile_reset_domain_boom_tile_frontend_bpd_banked_predictors_1_components_1_tables_0_lo_us_3_s2_req_rlous,1,comb
ldut_tile_prci_domain_tile_reset_domain_boom_tile_frontend_bpd_banked_predictors_1_components_1_tables_0_table_0_MPORT,11,comb
ldut_tile_prci_domain_tile_reset_domain_boom_tile_frontend_bpd_banked_predictors_1_components_1_tables_0_table_1_MPORT,11,comb
ldut_tile_prci_domain_tile_reset_domain_boom_tile_frontend_bpd_banked_predictors_1_components_1_tables_0_table_2_MPORT,11,comb
ldut_tile_prci_domain_tile_reset_domain_boom_tile_frontend_bpd_banked_predictors_1_components_1_tables_0_table_3_MPORT,11,comb
ldut_tile_prci_domain_tile_reset_domain_boom_tile_frontend_bpd_banked_predictors_1_components_1_tables_1_hi_us_0_s2_req_rhius,1,comb
ldut_tile_prci_domain_tile_reset_domain_boom_tile_frontend_bpd_banked_predictors_1_components_1_tables_1_hi_us_1_s2_req_rhius,1,comb
ldut_tile_prci_domain_tile_reset_domain_boom_tile_frontend_bpd_banked_predictors_1_components_1_tables_1_hi_us_2_s2_req_rhius,1,comb
ldut_tile_prci_domain_tile_reset_domain_boom_tile_frontend_bpd_banked_predictors_1_components_1_tables_1_hi_us_3_s2_req_rhius,1,comb
ldut_tile_prci_domain_tile_reset_domain_boom_tile_frontend_bpd_banked_predictors_1_components_1_tables_1_lo_us_0_s2_req_rlous,1,comb
ldut_tile_prci_domain_tile_reset_domain_boom_tile_frontend_bpd_banked_predictors_1_components_1_tables_1_lo_us_1_s2_req_rlous,1,comb
ldut_tile_prci_domain_tile_reset_domain_boom_tile_frontend_bpd_banked_predictors_1_components_1_tables_1_lo_us_2_s2_req_rlous,1,comb
ldut_tile_prci_domain_tile_reset_domain_boom_tile_frontend_bpd_banked_predictors_1_components_1_tables_1_lo_us_3_s2_req_rlous,1,comb
ldut_tile_prci_domain_tile_reset_domain_boom_tile_frontend_bpd_banked_predictors_1_components_1_tables_1_table_0_MPORT,11,comb
ldut_tile_prci_domain_tile_reset_domain_boom_tile_frontend_bpd_banked_predictors_1_components_1_tables_1_table_1_MPORT,11,comb
ldut_tile_prci_domain_tile_reset_domain_boom_tile_frontend_bpd_banked_predictors_1_components_1_tables_1_table_2_MPORT,11,comb
ldut_tile_prci_domain_tile_reset_domain_boom_tile_frontend_bpd_banked_predictors_1_components_1_tables_1_table_3_MPORT,11,comb
ldut_tile_prci_domain_tile_reset_domain_boom_tile_frontend_bpd_banked_predictors_1_components_1_tables_2_hi_us_0_s2_req_rhius,1,comb
ldut_tile_prci_domain_tile_reset_domain_boom_tile_frontend_bpd_banked_predictors_1_components_1_tables_2_hi_us_1_s2_req_rhius,1,comb
ldut_tile_prci_domain_tile_reset_domain_boom_tile_frontend_bpd_banked_predictors_1_components_1_tables_2_hi_us_2_s2_req_rhius,1,comb
ldut_tile_prci_domain_tile_reset_domain_boom_tile_frontend_bpd_banked_predictors_1_components_1_tables_2_hi_us_3_s2_req_rhius,1,comb
ldut_tile_prci_domain_tile_reset_domain_boom_tile_frontend_bpd_banked_predictors_1_components_1_tables_2_lo_us_0_s2_req_rlous,1,comb
ldut_tile_prci_domain_tile_reset_domain_boom_tile_frontend_bpd_banked_predictors_1_components_1_tables_2_lo_us_1_s2_req_rlous,1,comb
ldut_tile_prci_domain_tile_reset_domain_boom_tile_frontend_bpd_banked_predictors_1_components_1_tables_2_lo_us_2_s2_req_rlous,1,comb
ldut_tile_prci_domain_tile_reset_domain_boom_tile_frontend_bpd_banked_predictors_1_components_1_tables_2_lo_us_3_s2_req_rlous,1,comb
ldut_tile_prci_domain_tile_reset_domain_boom_tile_frontend_bpd_banked_predictors_1_components_1_tables_2_table_0_MPORT,12,comb
ldut_tile_prci_domain_tile_reset_domain_boom_tile_frontend_bpd_banked_predictors_1_components_1_tables_2_table_1_MPORT,12,comb
ldut_tile_prci_domain_tile_reset_domain_boom_tile_frontend_bpd_banked_predictors_1_components_1_tables_2_table_2_MPORT,12,comb
ldut_tile_prci_domain_tile_reset_domain_boom_tile_frontend_bpd_banked_predictors_1_components_1_tables_2_table_3_MPORT,12,comb
ldut_tile_prci_domain_tile_reset_domain_boom_tile_frontend_bpd_banked_predictors_1_components_1_tables_3_hi_us_0_s2_req_rhius,1,comb
ldut_tile_prci_domain_tile_reset_domain_boom_tile_frontend_bpd_banked_predictors_1_components_1_tables_3_hi_us_1_s2_req_rhius,1,comb
ldut_tile_prci_domain_tile_reset_domain_boom_tile_frontend_bpd_banked_predictors_1_components_1_tables_3_hi_us_2_s2_req_rhius,1,comb
ldut_tile_prci_domain_tile_reset_domain_boom_tile_frontend_bpd_banked_predictors_1_components_1_tables_3_hi_us_3_s2_req_rhius,1,comb
ldut_tile_prci_domain_tile_reset_domain_boom_tile_frontend_bpd_banked_predictors_1_components_1_tables_3_lo_us_0_s2_req_rlous,1,comb
ldut_tile_prci_domain_tile_reset_domain_boom_tile_frontend_bpd_banked_predictors_1_components_1_tables_3_lo_us_1_s2_req_rlous,1,comb
ldut_tile_prci_domain_tile_reset_domain_boom_tile_frontend_bpd_banked_predictors_1_components_1_tables_3_lo_us_2_s2_req_rlous,1,comb
ldut_tile_prci_domain_tile_reset_domain_boom_tile_frontend_bpd_banked_predictors_1_components_1_tables_3_lo_us_3_s2_req_rlous,1,comb
ldut_tile_prci_domain_tile_reset_domain_boom_tile_frontend_bpd_banked_predictors_1_components_1_tables_3_table_0_MPORT,12,comb
ldut_tile_prci_domain_tile_reset_domain_boom_tile_frontend_bpd_banked_predictors_1_components_1_tables_3_table_1_MPORT,12,comb
ldut_tile_prci_domain_tile_reset_domain_boom_tile_frontend_bpd_banked_predictors_1_components_1_tables_3_table_2_MPORT,12,comb
ldut_tile_prci_domain_tile_reset_domain_boom_tile_frontend_bpd_banked_predictors_1_components_1_tables_3_table_3_MPORT,12,comb
ldut_tile_prci_domain_tile_reset_domain_boom_tile_frontend_bpd_banked_predictors_1_components_1_tables_4_hi_us_0_s2_req_rhius,1,comb
ldut_tile_prci_domain_tile_reset_domain_boom_tile_frontend_bpd_banked_predictors_1_components_1_tables_4_hi_us_1_s2_req_rhius,1,comb
ldut_tile_prci_domain_tile_reset_domain_boom_tile_frontend_bpd_banked_predictors_1_components_1_tables_4_hi_us_2_s2_req_rhius,1,comb
ldut_tile_prci_domain_tile_reset_domain_boom_tile_frontend_bpd_banked_predictors_1_components_1_tables_4_hi_us_3_s2_req_rhius,1,comb
ldut_tile_prci_domain_tile_reset_domain_boom_tile_frontend_bpd_banked_predictors_1_components_1_tables_4_lo_us_0_s2_req_rlous,1,comb
ldut_tile_prci_domain_tile_reset_domain_boom_tile_frontend_bpd_banked_predictors_1_components_1_tables_4_lo_us_1_s2_req_rlous,1,comb
ldut_tile_prci_domain_tile_reset_domain_boom_tile_frontend_bpd_banked_predictors_1_components_1_tables_4_lo_us_2_s2_req_rlous,1,comb
ldut_tile_prci_domain_tile_reset_domain_boom_tile_frontend_bpd_banked_predictors_1_components_1_tables_4_lo_us_3_s2_req_rlous,1,comb
ldut_tile_prci_domain_tile_reset_domain_boom_tile_frontend_bpd_banked_predictors_1_components_1_tables_4_table_0_MPORT,13,comb
ldut_tile_prci_domain_tile_reset_domain_boom_tile_frontend_bpd_banked_predictors_1_components_1_tables_4_table_1_MPORT,13,comb
ldut_tile_prci_domain_tile_reset_domain_boom_tile_frontend_bpd_banked_predictors_1_components_1_tables_4_table_2_MPORT,13,comb
ldut_tile_prci_domain_tile_reset_domain_boom_tile_frontend_bpd_banked_predictors_1_components_1_tables_4_table_3_MPORT,13,comb
ldut_tile_prci_domain_tile_reset_domain_boom_tile_frontend_bpd_banked_predictors_1_components_1_tables_5_hi_us_0_s2_req_rhius,1,comb
ldut_tile_prci_domain_tile_reset_domain_boom_tile_frontend_bpd_banked_predictors_1_components_1_tables_5_hi_us_1_s2_req_rhius,1,comb
ldut_tile_prci_domain_tile_reset_domain_boom_tile_frontend_bpd_banked_predictors_1_components_1_tables_5_hi_us_2_s2_req_rhius,1,comb
ldut_tile_prci_domain_tile_reset_domain_boom_tile_frontend_bpd_banked_predictors_1_components_1_tables_5_hi_us_3_s2_req_rhius,1,comb
ldut_tile_prci_domain_tile_reset_domain_boom_tile_frontend_bpd_banked_predictors_1_components_1_tables_5_lo_us_0_s2_req_rlous,1,comb
ldut_tile_prci_domain_tile_reset_domain_boom_tile_frontend_bpd_banked_predictors_1_components_1_tables_5_lo_us_1_s2_req_rlous,1,comb
ldut_tile_prci_domain_tile_reset_domain_boom_tile_frontend_bpd_banked_predictors_1_components_1_tables_5_lo_us_2_s2_req_rlous,1,comb
ldut_tile_prci_domain_tile_reset_domain_boom_tile_frontend_bpd_banked_predictors_1_components_1_tables_5_lo_us_3_s2_req_rlous,1,comb
ldut_tile_prci_domain_tile_reset_domain_boom_tile_frontend_bpd_banked_predictors_1_components_1_tables_5_table_0_MPORT,13,comb
ldut_tile_prci_domain_tile_reset_domain_boom_tile_frontend_bpd_banked_predictors_1_components_1_tables_5_table_1_MPORT,13,comb
ldut_tile_prci_domain_tile_reset_domain_boom_tile_frontend_bpd_banked_predictors_1_components_1_tables_5_table_2_MPORT,13,comb
ldut_tile_prci_domain_tile_reset_domain_boom_tile_frontend_bpd_banked_predictors_1_components_1_tables_5_table_3_MPORT,13,comb
ldut_tile_prci_domain_tile_reset_domain_boom_tile_frontend_bpd_banked_predictors_1_components_2_btb_0_0_MPORT,14,comb
ldut_tile_prci_domain_tile_reset_domain_boom_tile_frontend_bpd_banked_predictors_1_components_2_btb_0_1_MPORT,14,comb
ldut_tile_prci_domain_tile_reset_domain_boom_tile_frontend_bpd_banked_predictors_1_components_2_btb_0_2_MPORT,14,comb
ldut_tile_prci_domain_tile_reset_domain_boom_tile_frontend_bpd_banked_predictors_1_components_2_btb_0_3_MPORT,14,comb
ldut_tile_prci_domain_tile_reset_domain_boom_tile_frontend_bpd_banked_predictors_1_components_2_btb_1_0_MPORT_1,14,comb
ldut_tile_prci_domain_tile_reset_domain_boom_tile_frontend_bpd_banked_predictors_1_components_2_btb_1_1_MPORT_1,14,comb
ldut_tile_prci_domain_tile_reset_domain_boom_tile_frontend_bpd_banked_predictors_1_components_2_btb_1_2_MPORT_1,14,comb
ldut_tile_prci_domain_tile_reset_domain_boom_tile_frontend_bpd_banked_predictors_1_components_2_btb_1_3_MPORT_1,14,comb
ldut_tile_prci_domain_tile_reset_domain_boom_tile_frontend_bpd_banked_predictors_1_components_2_ebtb_s1_req_rebtb,40,comb
ldut_tile_prci_domain_tile_reset_domain_boom_tile_frontend_bpd_banked_predictors_1_components_2_meta_0_0_MPORT_2,30,comb
ldut_tile_prci_domain_tile_reset_domain_boom_tile_frontend_bpd_banked_predictors_1_components_2_meta_0_1_MPORT_2,30,comb
ldut_tile_prci_domain_tile_reset_domain_boom_tile_frontend_bpd_banked_predictors_1_components_2_meta_0_2_MPORT_2,30,comb
ldut_tile_prci_domain_tile_reset_domain_boom_tile_frontend_bpd_banked_predictors_1_components_2_meta_0_3_MPORT_2,30,comb
ldut_tile_prci_domain_tile_reset_domain_boom_tile_frontend_bpd_banked_predictors_1_components_2_meta_1_0_MPORT_3,30,comb
ldut_tile_prci_domain_tile_reset_domain_boom_tile_frontend_bpd_banked_predictors_1_components_2_meta_1_1_MPORT_3,30,comb
ldut_tile_prci_domain_tile_reset_domain_boom_tile_frontend_bpd_banked_predictors_1_components_2_meta_1_2_MPORT_3,30,comb
ldut_tile_prci_domain_tile_reset_domain_boom_tile_frontend_bpd_banked_predictors_1_components_2_meta_1_3_MPORT_3,30,comb
ldut_tile_prci_domain_tile_reset_domain_boom_tile_frontend_bpd_banked_predictors_1_components_4_data_0_MPORT,2,comb
ldut_tile_prci_domain_tile_reset_domain_boom_tile_frontend_bpd_banked_predictors_1_components_4_data_1_MPORT,2,comb
ldut_tile_prci_domain_tile_reset_domain_boom_tile_frontend_bpd_banked_predictors_1_components_4_data_2_MPORT,2,comb
ldut_tile_prci_domain_tile_reset_domain_boom_tile_frontend_bpd_banked_predictors_1_components_4_data_3_MPORT,2,comb
ldut_tile_prci_domain_tile_reset_domain_boom_tile_frontend_f4_btb_corrections_ram_br_mask_io_deq_bits_MPORT,8,comb
ldut_tile_prci_domain_tile_reset_domain_boom_tile_frontend_f4_btb_corrections_ram_btb_mispredicts_io_deq_bits_MPORT,8,comb
ldut_tile_prci_domain_tile_reset_domain_boom_tile_frontend_f4_btb_corrections_ram_cfi_idx_bits_io_deq_bits_MPORT,3,comb
ldut_tile_prci_domain_tile_reset_domain_boom_tile_frontend_f4_btb_corrections_ram_cfi_idx_valid_io_deq_bits_MPORT,1,comb
ldut_tile_prci_domain_tile_reset_domain_boom_tile_frontend_f4_btb_corrections_ram_cfi_is_br_io_deq_bits_MPORT,1,comb
ldut_tile_prci_domain_tile_reset_domain_boom_tile_frontend_f4_btb_corrections_ram_cfi_is_jal_io_deq_bits_MPORT,1,comb
ldut_tile_prci_domain_tile_reset_domain_boom_tile_frontend_f4_btb_corrections_ram_cfi_mispredicted_io_deq_bits_MPORT,1,comb
ldut_tile_prci_domain_tile_reset_domain_boom_tile_frontend_f4_btb_corrections_ram_cfi_taken_io_deq_bits_MPORT,1,comb
ldut_tile_prci_domain_tile_reset_domain_boom_tile_frontend_f4_btb_corrections_ram_ghist_new_saw_branch_not_taken_io_deq_bits_MPORT,1,comb
ldut_tile_prci_domain_tile_reset_domain_boom_tile_frontend_f4_btb_corrections_ram_ghist_new_saw_branch_taken_io_deq_bits_MPORT,1,comb
ldut_tile_prci_domain_tile_reset_domain_boom_tile_frontend_f4_btb_corrections_ram_ghist_old_history_io_deq_bits_MPORT,64,comb
ldut_tile_prci_domain_tile_reset_domain_boom_tile_frontend_f4_btb_corrections_ram_is_mispredict_update_io_deq_bits_MPORT,1,comb
ldut_tile_prci_domain_tile_reset_domain_boom_tile_frontend_f4_btb_corrections_ram_is_repair_update_io_deq_bits_MPORT,1,comb
ldut_tile_prci_domain_tile_reset_domain_boom_tile_frontend_f4_btb_corrections_ram_pc_io_deq_bits_MPORT,40,comb
ldut_tile_prci_domain_tile_reset_domain_boom_tile_frontend_f4_btb_corrections_ram_target_io_deq_bits_MPORT,40,comb
ldut_tile_prci_domain_tile_reset_domain_boom_tile_frontend_ftq_ghist_0_current_saw_branch_not_taken_bpd_ghist,1,comb
ldut_tile_prci_domain_tile_reset_domain_boom_tile_frontend_ftq_ghist_0_new_saw_branch_not_taken_bpd_ghist,1,comb
ldut_tile_prci_domain_tile_reset_domain_boom_tile_frontend_ftq_ghist_0_new_saw_branch_taken_bpd_ghist,1,comb
ldut_tile_prci_domain_tile_reset_domain_boom_tile_frontend_ftq_ghist_0_old_history_bpd_ghist,64,comb
ldut_tile_prci_domain_tile_reset_domain_boom_tile_frontend_ftq_ghist_0_ras_idx_bpd_ghist,5,comb
ldut_tile_prci_domain_tile_reset_domain_boom_tile_frontend_ftq_ghist_1_current_saw_branch_not_taken_MPORT_3,1,comb
ldut_tile_prci_domain_tile_reset_domain_boom_tile_frontend_ftq_ghist_1_new_saw_branch_not_taken_MPORT_3,1,comb
ldut_tile_prci_domain_tile_reset_domain_boom_tile_frontend_ftq_ghist_1_new_saw_branch_taken_MPORT_3,1,comb
ldut_tile_prci_domain_tile_reset_domain_boom_tile_frontend_ftq_ghist_1_old_history_MPORT_3,64,comb
ldut_tile_prci_domain_tile_reset_domain_boom_tile_frontend_ftq_ghist_1_ras_idx_MPORT_3,5,comb
ldut_tile_prci_domain_tile_reset_domain_boom_tile_frontend_icache_dataArrayB0Way_0_lo_1,64,comb
ldut_tile_prci_domain_tile_reset_domain_boom_tile_frontend_icache_dataArrayB0Way_1_lo_2,64,comb
ldut_tile_prci_domain_tile_reset_domain_boom_tile_frontend_icache_dataArrayB0Way_2_lo_3,64,comb
ldut_tile_prci_domain_tile_reset_domain_boom_tile_frontend_icache_dataArrayB0Way_3_lo_4,64,comb
ldut_tile_prci_domain_tile_reset_domain_boom_tile_frontend_icache_dataArrayB0Way_4_lo_5,64,comb
ldut_tile_prci_domain_tile_reset_domain_boom_tile_frontend_icache_dataArrayB0Way_5_lo_6,64,comb
ldut_tile_prci_domain_tile_reset_domain_boom_tile_frontend_icache_dataArrayB0Way_6_lo_7,64,comb
ldut_tile_prci_domain_tile_reset_domain_boom_tile_frontend_icache_dataArrayB0Way_7_lo_8,64,comb
ldut_tile_prci_domain_tile_reset_domain_boom_tile_frontend_icache_dataArrayB1Way_0_hi_1,64,comb
ldut_tile_prci_domain_tile_reset_domain_boom_tile_frontend_icache_dataArrayB1Way_1_hi_2,64,comb
ldut_tile_prci_domain_tile_reset_domain_boom_tile_frontend_icache_dataArrayB1Way_2_hi_3,64,comb
ldut_tile_prci_domain_tile_reset_domain_boom_tile_frontend_icache_dataArrayB1Way_3_hi_4,64,comb
ldut_tile_prci_domain_tile_reset_domain_boom_tile_frontend_icache_dataArrayB1Way_4_hi_5,64,comb
ldut_tile_prci_domain_tile_reset_domain_boom_tile_frontend_icache_dataArrayB1Way_5_hi_6,64,comb
ldut_tile_prci_domain_tile_reset_domain_boom_tile_frontend_icache_dataArrayB1Way_6_hi_7,64,comb
ldut_tile_prci_domain_tile_reset_domain_boom_tile_frontend_icache_dataArrayB1Way_7_hi_8,64,comb
ldut_tile_prci_domain_tile_reset_domain_boom_tile_frontend_icache_tag_array_0_tag_rdata,20,comb
ldut_tile_prci_domain_tile_reset_domain_boom_tile_frontend_icache_tag_array_1_tag_rdata,20,comb
ldut_tile_prci_domain_tile_reset_domain_boom_tile_frontend_icache_tag_array_2_tag_rdata,20,comb
ldut_tile_prci_domain_tile_reset_domain_boom_tile_frontend_icache_tag_array_3_tag_rdata,20,comb
ldut_tile_prci_domain_tile_reset_domain_boom_tile_frontend_icache_tag_array_4_tag_rdata,20,comb
ldut_tile_prci_domain_tile_reset_domain_boom_tile_frontend_icache_tag_array_5_tag_rdata,20,comb
ldut_tile_prci_domain_tile_reset_domain_boom_tile_frontend_icache_tag_array_6_tag_rdata,20,comb
ldut_tile_prci_domain_tile_reset_domain_boom_tile_frontend_icache_tag_array_7_tag_rdata,20,comb
mem_axi4buf_bundleIn_0_b_deq_ram_echo_real_last_io_deq_bits_MPORT,1,comb
mem_axi4buf_bundleIn_0_b_deq_ram_id_io_deq_bits_MPORT,4,comb
mem_axi4buf_bundleIn_0_b_deq_ram_resp_io_deq_bits_MPORT,2,comb
mem_axi4buf_bundleIn_0_r_deq_ram_data_io_deq_bits_MPORT,64,comb
mem_axi4buf_bundleIn_0_r_deq_ram_echo_real_last_io_deq_bits_MPORT,1,comb
mem_axi4buf_bundleIn_0_r_deq_ram_id_io_deq_bits_MPORT,4,comb
mem_axi4buf_bundleIn_0_r_deq_ram_last_io_deq_bits_MPORT,1,comb
mem_axi4buf_bundleIn_0_r_deq_ram_resp_io_deq_bits_MPORT,2,comb
mem_axi4buf_bundleOut_0_ar_deq_ram_addr_io_deq_bits_MPORT,32,comb
mem_axi4buf_bundleOut_0_ar_deq_ram_echo_real_last_io_deq_bits_MPORT,1,comb
mem_axi4buf_bundleOut_0_ar_deq_ram_id_io_deq_bits_MPORT,4,comb
mem_axi4buf_bundleOut_0_aw_deq_ram_addr_io_deq_bits_MPORT,32,comb
mem_axi4buf_bundleOut_0_aw_deq_ram_echo_real_last_io_deq_bits_MPORT,1,comb
mem_axi4buf_bundleOut_0_aw_deq_ram_id_io_deq_bits_MPORT,4,comb
mem_axi4buf_bundleOut_0_w_deq_ram_data_io_deq_bits_MPORT,64,comb
mem_axi4buf_bundleOut_0_w_deq_ram_last_io_deq_bits_MPORT,1,comb
mem_axi4buf_bundleOut_0_w_deq_ram_strb_io_deq_bits_MPORT,8,comb
mmio_mem_axi4buf_bundleIn_0_b_deq_ram_echo_real_last_io_deq_bits_MPORT,1,comb
mmio_mem_axi4buf_bundleIn_0_b_deq_ram_id_io_deq_bits_MPORT,4,comb
mmio_mem_axi4buf_bundleIn_0_b_deq_ram_resp_io_deq_bits_MPORT,2,comb
mmio_mem_axi4buf_bundleIn_0_r_deq_ram_data_io_deq_bits_MPORT,64,comb
mmio_mem_axi4buf_bundleIn_0_r_deq_ram_echo_real_last_io_deq_bits_MPORT,1,comb
mmio_mem_axi4buf_bundleIn_0_r_deq_ram_id_io_deq_bits_MPORT,4,comb
mmio_mem_axi4buf_bundleIn_0_r_deq_ram_last_io_deq_bits_MPORT,1,comb
mmio_mem_axi4buf_bundleIn_0_r_deq_ram_resp_io_deq_bits_MPORT,2,comb
mmio_mem_axi4buf_bundleOut_0_ar_deq_ram_addr_io_deq_bits_MPORT,31,comb
mmio_mem_axi4buf_bundleOut_0_ar_deq_ram_echo_real_last_io_deq_bits_MPORT,1,comb
mmio_mem_axi4buf_bundleOut_0_ar_deq_ram_id_io_deq_bits_MPORT,4,comb
mmio_mem_axi4buf_bundleOut_0_aw_deq_ram_addr_io_deq_bits_MPORT,31,comb
mmio_mem_axi4buf_bundleOut_0_aw_deq_ram_echo_real_last_io_deq_bits_MPORT,1,comb
mmio_mem_axi4buf_bundleOut_0_aw_deq_ram_id_io_deq_bits_MPORT,4,comb
mmio_mem_axi4buf_bundleOut_0_w_deq_ram_data_io_deq_bits_MPORT,64,comb
mmio_mem_axi4buf_bundleOut_0_w_deq_ram_last_io_deq_bits_MPORT,1,comb
mmio_mem_axi4buf_bundleOut_0_w_deq_ram_strb_io_deq_bits_MPORT,8,comb
